ARC56URL,ActiveFrom,ActiveUntil,Priority,Hash
https://raw.githubusercontent.com/0M3REXE/whisperbid/HEAD/projects/whisperbid-contracts/smart_contracts/artifacts/whisper_bid/WhisperBid.arc56.json,2026-07-16,,0,ad7b42ec
https://raw.githubusercontent.com/0xDarioSanchez/ALGO-SC/HEAD/QuickStartTemplate/projects/Contracts/smart_contracts/artifacts/hello_world/HelloWorld.arc56.json,2026-07-16,,0,6530d15c
https://raw.githubusercontent.com/0xYuvi/EENDHAN/HEAD/projects/Anil_Fireworks-contracts/smart_contracts/artifacts/eendhan/Eendhan.arc56.json,2026-07-16,,0,17054c6f
https://raw.githubusercontent.com/0xYuvi/TrustAnchor/HEAD/projects/TrustAnchor-contracts/smart_contracts/artifacts/identity_registry/IdentityRegistry.arc56.json,2026-07-16,,0,8b7065c3
https://raw.githubusercontent.com/0xYuvi/TrustAnchor/HEAD/projects/TrustAnchor-contracts/smart_contracts/artifacts/trust_anchor/TrustAnchor.arc56.json,2026-07-16,,0,3ac8ef3e
https://raw.githubusercontent.com/0xYuvi/TrustAnchor/HEAD/projects/TrustAnchor-contracts/smart_contracts/artifacts/truth_registry/TruthRegistry.arc56.json,2026-07-16,,0,36fbeecc
https://raw.githubusercontent.com/A-Maugli/akt03/HEAD/biz_kor/projects/biz_kor-contracts/smart_contracts/artifacts/biz_kor/BizKor.arc56.json,2026-07-17,,0,8ff1c2fb
https://raw.githubusercontent.com/A-Maugli/akt03/HEAD/biz_kor/projects/biz_kor-contracts/smart_contracts/artifacts/biz_kor/BizKorE.arc56.json,2026-07-16,,0,12a3f575
https://raw.githubusercontent.com/aadityaa2023/algochain/HEAD/projects/algochain-contracts/smart_contracts/artifacts/election_management/ElectionManagement.arc56.json,2026-07-16,,0,8619ab7e
https://raw.githubusercontent.com/Aarti-panchal01/verifi.ed/HEAD/smart_contracts/artifacts/verified_protocol/VerifiedProtocol.arc56.json,2026-07-16,,0,6470122f
https://raw.githubusercontent.com/aarushchaudhary/afterlife/HEAD/contracts/projects/contracts/smart_contracts/artifacts/afterlife_vault/AfterlifeVault.arc56.json,2026-07-16,,0,6f5d3388
https://raw.githubusercontent.com/aarushchaudhary/afterlife/HEAD/frontend/lib/AfterlifeVault.arc56.json,2026-07-16,,0,f925dba8
https://raw.githubusercontent.com/abdorhl/Algorand-Blockchain-testing/HEAD/projects/FirstDapp-contracts/smart_contracts/artifacts/hello_world/HelloWorld.arc56.json,2026-07-16,,0,236b33ae
https://raw.githubusercontent.com/Adarsh-pratap-singh09/Water-tank/HEAD/projects/algoranddelhi/smart_contracts/artifacts/hello_world/HelloWorld.arc56.json,2026-07-16,,0,5519f67b
https://raw.githubusercontent.com/Adarsh-pratap-singh09/Water-tank/HEAD/projects/algoranddelhi/smart_contracts/artifacts/hello_world/WaterLogger.arc56.json,2026-07-16,,0,12d1ba88
https://raw.githubusercontent.com/Adarshkumar76/campusMarket/HEAD/smart_contracts/marketplace/CampusMarketplace.arc56.json,2026-07-16,,0,36dfe96f
https://raw.githubusercontent.com/ADD183/Algo-Farmar/HEAD/PICT 2.0/farmer-pay-contract/projects/farmer-pay-contract/smart_contracts/artifacts/farmer_contract/FarmerContract.arc56.json,2026-07-16,,0,2da64336
https://raw.githubusercontent.com/ADD183/Algo-Farmar/HEAD/PICT%202.0/farmer-pay-contract/projects/farmer-pay-contract/smart_contracts/artifacts/farmer_contract/FarmerContract.arc56.json,2026-07-17,,0,74baae8c
https://raw.githubusercontent.com/AdeelArifKhan/my-algo-bank/HEAD/projects/my-algo-bank/algorand-python-workshop/projects/algorand-python-workshop/smart_contracts/artifacts/personal_bank/PersonalBank.arc56.json,2026-07-16,,0,fcaf4e39
https://raw.githubusercontent.com/AdeelArifKhan/my-algo-bank/HEAD/projects/my-algo-bank/smart_contracts/artifacts/myalgobank/Myalgobank.arc56.json,2026-07-16,,0,2595faaf
https://raw.githubusercontent.com/AdeelArifKhan/MyWallet/HEAD/mywallet/Mywallet.arc56.json,2026-07-16,,0,b0cac34e
https://raw.githubusercontent.com/Aditya060806/Ciphera/HEAD/Ciphera-kyc/projects/Ciphera-kyc/smart_contracts/artifacts/credential_manager/CredentialManager.arc56.json,2026-07-16,,0,d0a8b161
https://raw.githubusercontent.com/Aditya060806/Ciphera/HEAD/Ciphera-kyc/projects/Ciphera-kyc/smart_contracts/artifacts/hello_world/HelloWorld.arc56.json,2026-07-16,,0,6a08be76
https://raw.githubusercontent.com/Aditya060806/Ciphera/HEAD/Ciphera-kyc/projects/Ciphera-kyc/smart_contracts/artifacts/kyc_box_storage/KYCBoxStorage.arc56.json,2026-07-16,,0,a3f74e17
https://raw.githubusercontent.com/Aditya060806/Ciphera/HEAD/Ciphera-kyc/projects/Ciphera-kyc/smart_contracts/artifacts/nullifier_registry/NullifierRegistry.arc56.json,2026-07-16,,0,c2b841a8
https://raw.githubusercontent.com/Aditya060806/Ciphera/HEAD/Ciphera-kyc/projects/Ciphera-kyc/smart_contracts/artifacts/smt_registry/SMTRegistry.arc56.json,2026-07-16,,0,84658229
https://raw.githubusercontent.com/Aditya060806/Ciphera/HEAD/Ciphera-kyc/projects/Ciphera-kyc/smart_contracts/credential_manager/smart_contracts/artifacts/credential_manager/CredentialManager.arc56.json,2026-07-16,,0,25f86a34
https://raw.githubusercontent.com/Aditya060806/Ciphera/HEAD/Ciphera-kyc/projects/Ciphera-kyc/smart_contracts/kyc_box_storage/smart_contracts/artifacts/kyc_box_storage/KYCBoxStorage.arc56.json,2026-07-16,,0,1c1968ad
https://raw.githubusercontent.com/Aditya060806/Ciphera/HEAD/Ciphera-kyc/projects/Ciphera-kyc/smart_contracts/nullifier_registry/smart_contracts/artifacts/nullifier_registry/NullifierRegistry.arc56.json,2026-07-16,,0,da7206cd
https://raw.githubusercontent.com/Aditya060806/Ciphera/HEAD/Ciphera-kyc/projects/Ciphera-kyc/smart_contracts/smt_registry/smart_contracts/artifacts/smt_registry/SMTRegistry.arc56.json,2026-07-16,,0,6615cbb4
https://raw.githubusercontent.com/adityaforgit/algorand-savings-vault/HEAD/projects/algorand-savings-vault-contracts/smart_contracts/artifacts/algo_vault/AlgoVault.arc56.json,2026-07-16,,0,c8a2778e
https://raw.githubusercontent.com/adityagavane47/CampusNexus-Hackathon/HEAD/projects/contracts/smart_contracts/artifacts/bank/Bank.arc56.json,2026-07-17,,0,369231d6
https://raw.githubusercontent.com/adityagavane47/CampusNexus-Hackathon/HEAD/projects/contracts/smart_contracts/artifacts/counter/Counter.arc56.json,2026-07-16,,0,aa626670
https://raw.githubusercontent.com/adityagavane47/CampusNexus-Hackathon/HEAD/projects/contracts/smart_contracts/artifacts/escrow/MilestoneEscrow.arc56.json,2026-07-16,,0,a4d36c8d
https://raw.githubusercontent.com/adityagavane47/CampusNexus-Hackathon/HEAD/projects/contracts/smart_contracts/artifacts/hello_world/HelloWorld.arc56.json,2026-07-16,,0,147342b9
https://raw.githubusercontent.com/adityagavane47/CampusNexus-Hackathon/HEAD/projects/contracts/smart_contracts/artifacts/hustle_score/HustleScore.arc56.json,2026-07-16,,0,fc9e8669
https://raw.githubusercontent.com/AdityaNik/AlgoSwap/HEAD/algoswap/projects/algoswap-contracts/smart_contracts/artifacts/swap_contract/AMMContract.arc56.json,2026-07-16,,0,83c9aedb
https://raw.githubusercontent.com/AdityaNik/AlgoSwap/HEAD/algoswap/projects/algoswap-contracts/smart_contracts/artifacts/swap_contract/MultiPoolAMMContract.arc56.json,2026-07-16,,0,a2a34682
https://raw.githubusercontent.com/AdityaNik/AlgoSwap/HEAD/algoswap/projects/algoswap-contracts/smart_contracts/artifacts/swap_contract/SwapContract.arc56.json,2026-07-16,,0,841fb754
https://raw.githubusercontent.com/Adityasingh2824/AlgoEase/HEAD/contracts/algoease_escrow/algoease_escrow/build/EscrowContract.arc56.json,2026-07-16,,0,443e1480
https://raw.githubusercontent.com/Adityasingh2824/AlgoEase/HEAD/contracts/algoease_escrow/build/EscrowContract.arc56.json,2026-07-16,,0,14f3d373
https://raw.githubusercontent.com/Adityasingh2824/AlgoEase/HEAD/contracts/src/EscrowContract.arc56.json,2026-07-16,,0,604a75d4
https://raw.githubusercontent.com/AdityaWagh19/Cadencia-A2A-Platform/HEAD/backend/artifacts/CadenciaEscrow.arc56.json,2026-07-16,,0,08254c5a
https://raw.githubusercontent.com/AdityaWagh19/Credencia/HEAD/backend/contracts/cadencia/CreditScore/CreditScore.arc56.json,2026-07-16,,0,a47301ef
https://raw.githubusercontent.com/AdityaWagh19/Credencia/HEAD/backend/contracts/cadencia/KYCRegistry/KYCRegistry.arc56.json,2026-07-16,,0,efe06b61
https://raw.githubusercontent.com/AdityaWagh19/Credencia/HEAD/backend/contracts/cadencia/LendingPool/LendingPool.arc56.json,2026-07-16,,0,6ac2a313
https://raw.githubusercontent.com/AdityaWagh19/Credencia/HEAD/backend/contracts/cadencia/LoanManager/LoanManager.arc56.json,2026-07-16,,0,6aff6245
https://raw.githubusercontent.com/AdityaWagh19/Credencia/HEAD/backend/contracts/cadencia/RepaymentEscrow/RepaymentEscrow.arc56.json,2026-07-16,,0,91fac285
https://raw.githubusercontent.com/Aeztrest/BlockSign/HEAD/blockchain/blocksign/projects/blocksign/smart_contracts/artifacts/blocksign/Blocksign.arc56.json,2026-07-16,,0,e8098e7b
https://raw.githubusercontent.com/ajaygupta7325/Algo/HEAD/projects/my-template/smart_contracts/artifacts/hello_world/HelloWorld.arc56.json,2026-07-16,,0,1693b3a6
https://raw.githubusercontent.com/ajaygupta7325/Algo/HEAD/projects/my-template/smart_contracts/artifacts/tip_jar/TipJar.arc56.json,2026-07-16,,0,3252097b
https://raw.githubusercontent.com/ajaygupta7325/Algo/HEAD/projects/my-template/smart_contracts/tip_jar/out/TipJar.arc56.json,2026-07-16,,0,1bcc1c93
https://raw.githubusercontent.com/ajaygupta7325/Algo/HEAD/smart_contracts/artifacts/hello_world/HelloWorld.arc56.json,2026-07-16,,0,c1e7f3e7
https://raw.githubusercontent.com/ajaygupta7325/Algo/HEAD/smart_contracts/artifacts/tip_jar/TipJar.arc56.json,2026-07-16,,0,2890aca7
https://raw.githubusercontent.com/ajboni/algorand-typescript-workshop/HEAD/projects/personal-bank/smart_contracts/artifacts/personal_bank/PersonalBank.arc56.json,2026-07-16,,0,c6363f86
https://raw.githubusercontent.com/akita-protocol/akita-sc/HEAD/projects/akita-sc/smart_contracts/artifacts/arc58/account/AbstractedAccount.arc56.json,2026-07-17,,0,4a5a24b3
https://raw.githubusercontent.com/akita-protocol/akita-sc/HEAD/projects/akita-sc/smart_contracts/artifacts/arc58/account/AbstractedAccountBalanceReader.arc56.json,2026-07-16,,0,995b041f
https://raw.githubusercontent.com/akita-protocol/akita-sc/HEAD/projects/akita-sc/smart_contracts/artifacts/arc58/account/AbstractedAccountFactory.arc56.json,2026-07-16,,0,c69fd20b
https://raw.githubusercontent.com/akita-protocol/akita-sc/HEAD/projects/akita-sc/smart_contracts/artifacts/arc58/account/AbstractedAccountMBR.arc56.json,2026-07-16,,0,d04711c5
https://raw.githubusercontent.com/akita-protocol/akita-sc/HEAD/projects/akita-sc/smart_contracts/artifacts/arc58/dao/AkitaDAO.arc56.json,2026-07-16,,0,acf2a755
https://raw.githubusercontent.com/akita-protocol/akita-sc/HEAD/projects/akita-sc/smart_contracts/artifacts/arc58/dao/AkitaDAOProposalValidator.arc56.json,2026-07-16,,0,fdbb3310
https://raw.githubusercontent.com/akita-protocol/akita-sc/HEAD/projects/akita-sc/smart_contracts/artifacts/arc58/dao/AkitaDAOTypes.arc56.json,2026-07-16,,0,3f1c4600
https://raw.githubusercontent.com/akita-protocol/akita-sc/HEAD/projects/akita-sc/smart_contracts/artifacts/arc58/plugins/asa-manager/AsaManagerPlugin.arc56.json,2026-07-16,,0,94314110
https://raw.githubusercontent.com/akita-protocol/akita-sc/HEAD/projects/akita-sc/smart_contracts/artifacts/arc58/plugins/auction/AuctionPlugin.arc56.json,2026-07-16,,0,94eaa68d
https://raw.githubusercontent.com/akita-protocol/akita-sc/HEAD/projects/akita-sc/smart_contracts/artifacts/arc58/plugins/dao/AkitaDAOPlugin.arc56.json,2026-07-16,,0,f4ea2bf7
https://raw.githubusercontent.com/akita-protocol/akita-sc/HEAD/projects/akita-sc/smart_contracts/artifacts/arc58/plugins/dual-stake/DualStakePlugin.arc56.json,2026-07-16,,0,56dc7af4
https://raw.githubusercontent.com/akita-protocol/akita-sc/HEAD/projects/akita-sc/smart_contracts/artifacts/arc58/plugins/gate/GatePlugin.arc56.json,2026-07-16,,0,253f28e1
https://raw.githubusercontent.com/akita-protocol/akita-sc/HEAD/projects/akita-sc/smart_contracts/artifacts/arc58/plugins/haystack-router/HaystackRouterPlugin.arc56.json,2026-07-16,,0,73f65c89
https://raw.githubusercontent.com/akita-protocol/akita-sc/HEAD/projects/akita-sc/smart_contracts/artifacts/arc58/plugins/hyper-swap/HyperSwapPlugin.arc56.json,2026-07-16,,0,3d59d6bd
https://raw.githubusercontent.com/akita-protocol/akita-sc/HEAD/projects/akita-sc/smart_contracts/artifacts/arc58/plugins/marketplace/MarketplacePlugin.arc56.json,2026-07-16,,0,4fdad816
https://raw.githubusercontent.com/akita-protocol/akita-sc/HEAD/projects/akita-sc/smart_contracts/artifacts/arc58/plugins/nfd/NFDPlugin.arc56.json,2026-07-16,,0,daba0e71
https://raw.githubusercontent.com/akita-protocol/akita-sc/HEAD/projects/akita-sc/smart_contracts/artifacts/arc58/plugins/optin/OptInPlugin.arc56.json,2026-07-16,,0,2751711b
https://raw.githubusercontent.com/akita-protocol/akita-sc/HEAD/projects/akita-sc/smart_contracts/artifacts/arc58/plugins/pay-silo/PaySiloFactoryPlugin.arc56.json,2026-07-16,,0,528c461c
https://raw.githubusercontent.com/akita-protocol/akita-sc/HEAD/projects/akita-sc/smart_contracts/artifacts/arc58/plugins/pay-silo/PaySiloPlugin.arc56.json,2026-07-16,,0,e4b660ef
https://raw.githubusercontent.com/akita-protocol/akita-sc/HEAD/projects/akita-sc/smart_contracts/artifacts/arc58/plugins/pay/PayPlugin.arc56.json,2026-07-16,,0,ef74fecb
https://raw.githubusercontent.com/akita-protocol/akita-sc/HEAD/projects/akita-sc/smart_contracts/artifacts/arc58/plugins/poll/PollPluginContract.arc56.json,2026-07-16,,0,edbc6d02
https://raw.githubusercontent.com/akita-protocol/akita-sc/HEAD/projects/akita-sc/smart_contracts/artifacts/arc58/plugins/raffle/RafflePlugin.arc56.json,2026-07-16,,0,2c93cfba
https://raw.githubusercontent.com/akita-protocol/akita-sc/HEAD/projects/akita-sc/smart_contracts/artifacts/arc58/plugins/revenue-manager/RevenueManagerPlugin.arc56.json,2026-07-16,,0,a12c9766
https://raw.githubusercontent.com/akita-protocol/akita-sc/HEAD/projects/akita-sc/smart_contracts/artifacts/arc58/plugins/rewards/RewardsPlugin.arc56.json,2026-07-16,,0,f312bec7
https://raw.githubusercontent.com/akita-protocol/akita-sc/HEAD/projects/akita-sc/smart_contracts/artifacts/arc58/plugins/self-optin/SelfOptInPlugin.arc56.json,2026-07-16,,0,bf632cbe
https://raw.githubusercontent.com/akita-protocol/akita-sc/HEAD/projects/akita-sc/smart_contracts/artifacts/arc58/plugins/social/AkitaSocialImpact.arc56.json,2026-07-16,,0,9c9a237d
https://raw.githubusercontent.com/akita-protocol/akita-sc/HEAD/projects/akita-sc/smart_contracts/artifacts/arc58/plugins/social/AkitaSocialPlugin.arc56.json,2026-07-17,,0,3b15db23
https://raw.githubusercontent.com/akita-protocol/akita-sc/HEAD/projects/akita-sc/smart_contracts/artifacts/arc58/plugins/staking-pool/StakingPoolPlugin.arc56.json,2026-07-16,,0,a75a34b7
https://raw.githubusercontent.com/akita-protocol/akita-sc/HEAD/projects/akita-sc/smart_contracts/artifacts/arc58/plugins/staking/StakingPlugin.arc56.json,2026-07-16,,0,ff574aff
https://raw.githubusercontent.com/akita-protocol/akita-sc/HEAD/projects/akita-sc/smart_contracts/artifacts/arc58/plugins/subscriptions/SubscriptionsPlugin.arc56.json,2026-07-16,,0,be0c484b
https://raw.githubusercontent.com/akita-protocol/akita-sc/HEAD/projects/akita-sc/smart_contracts/artifacts/arc58/plugins/sunset/SunsetPlugin.arc56.json,2026-07-16,,0,77b5dce7
https://raw.githubusercontent.com/akita-protocol/akita-sc/HEAD/projects/akita-sc/smart_contracts/artifacts/arc58/plugins/test-close-out/TestCloseOutPlugin.arc56.json,2026-07-16,,0,90ef9764
https://raw.githubusercontent.com/akita-protocol/akita-sc/HEAD/projects/akita-sc/smart_contracts/artifacts/arc58/plugins/test-proxy-rekey/TestProxyRekeyPlugin.arc56.json,2026-07-16,,0,1142c363
https://raw.githubusercontent.com/akita-protocol/akita-sc/HEAD/projects/akita-sc/smart_contracts/artifacts/arc58/plugins/update-akita-dao/DAOStub.arc56.json,2026-07-16,,0,e6517106
https://raw.githubusercontent.com/akita-protocol/akita-sc/HEAD/projects/akita-sc/smart_contracts/artifacts/arc58/plugins/update-akita-dao/UpdateAkitaDAOPlugin.arc56.json,2026-07-16,,0,27d1d26a
https://raw.githubusercontent.com/akita-protocol/akita-sc/HEAD/projects/akita-sc/smart_contracts/artifacts/auction/Auction.arc56.json,2026-07-17,,0,f32ec1c1
https://raw.githubusercontent.com/akita-protocol/akita-sc/HEAD/projects/akita-sc/smart_contracts/artifacts/auction/AuctionFactory.arc56.json,2026-07-16,,0,96c6a201
https://raw.githubusercontent.com/akita-protocol/akita-sc/HEAD/projects/akita-sc/smart_contracts/artifacts/escrow/Escrow.arc56.json,2026-07-16,,0,fbf3a716
https://raw.githubusercontent.com/akita-protocol/akita-sc/HEAD/projects/akita-sc/smart_contracts/artifacts/escrow/EscrowFactory.arc56.json,2026-07-16,,0,ae247139
https://raw.githubusercontent.com/akita-protocol/akita-sc/HEAD/projects/akita-sc/smart_contracts/artifacts/gates/Gate.arc56.json,2026-07-16,,0,9417c528
https://raw.githubusercontent.com/akita-protocol/akita-sc/HEAD/projects/akita-sc/smart_contracts/artifacts/gates/sub-gates/akita-referrer/AkitaReferrerGate.arc56.json,2026-07-16,,0,6c4dd02c
https://raw.githubusercontent.com/akita-protocol/akita-sc/HEAD/projects/akita-sc/smart_contracts/artifacts/gates/sub-gates/asset/AssetGate.arc56.json,2026-07-16,,0,a1dea6e2
https://raw.githubusercontent.com/akita-protocol/akita-sc/HEAD/projects/akita-sc/smart_contracts/artifacts/gates/sub-gates/merkle-address/MerkleAddressGate.arc56.json,2026-07-16,,0,5f9c6d3d
https://raw.githubusercontent.com/akita-protocol/akita-sc/HEAD/projects/akita-sc/smart_contracts/artifacts/gates/sub-gates/merkle-asset/MerkleAssetGate.arc56.json,2026-07-16,,0,1b3dd45d
https://raw.githubusercontent.com/akita-protocol/akita-sc/HEAD/projects/akita-sc/smart_contracts/artifacts/gates/sub-gates/nfd-root/NFDGate.arc56.json,2026-07-16,,0,26cb628b
https://raw.githubusercontent.com/akita-protocol/akita-sc/HEAD/projects/akita-sc/smart_contracts/artifacts/gates/sub-gates/nfd-root/NFDRootGate.arc56.json,2026-07-16,,0,a450a63b
https://raw.githubusercontent.com/akita-protocol/akita-sc/HEAD/projects/akita-sc/smart_contracts/artifacts/gates/sub-gates/nfd/NFDGate.arc56.json,2026-07-16,,0,f6603ad0
https://raw.githubusercontent.com/akita-protocol/akita-sc/HEAD/projects/akita-sc/smart_contracts/artifacts/gates/sub-gates/poll/PollGate.arc56.json,2026-07-16,,0,44ff365e
https://raw.githubusercontent.com/akita-protocol/akita-sc/HEAD/projects/akita-sc/smart_contracts/artifacts/gates/sub-gates/social-activity/SocialActivityGate.arc56.json,2026-07-16,,0,26bf9c5d
https://raw.githubusercontent.com/akita-protocol/akita-sc/HEAD/projects/akita-sc/smart_contracts/artifacts/gates/sub-gates/social-follower-count/SocialFollowerCountGate.arc56.json,2026-07-16,,0,04d3a6b2
https://raw.githubusercontent.com/akita-protocol/akita-sc/HEAD/projects/akita-sc/smart_contracts/artifacts/gates/sub-gates/social-follower-index/SocialFollowerIndexGate.arc56.json,2026-07-16,,0,a3f060c1
https://raw.githubusercontent.com/akita-protocol/akita-sc/HEAD/projects/akita-sc/smart_contracts/artifacts/gates/sub-gates/social-impact/SocialImpactGate.arc56.json,2026-07-16,,0,1f50dfbc
https://raw.githubusercontent.com/akita-protocol/akita-sc/HEAD/projects/akita-sc/smart_contracts/artifacts/gates/sub-gates/social-moderator/SocialModeratorGate.arc56.json,2026-07-16,,0,380e6ffd
https://raw.githubusercontent.com/akita-protocol/akita-sc/HEAD/projects/akita-sc/smart_contracts/artifacts/gates/sub-gates/staking-amount/StakingAmountGate.arc56.json,2026-07-16,,0,a35dc393
https://raw.githubusercontent.com/akita-protocol/akita-sc/HEAD/projects/akita-sc/smart_contracts/artifacts/gates/sub-gates/staking-power/StakingPowerGate.arc56.json,2026-07-16,,0,8c715896
https://raw.githubusercontent.com/akita-protocol/akita-sc/HEAD/projects/akita-sc/smart_contracts/artifacts/gates/sub-gates/subscription-streak/SubscriptionStreakGate.arc56.json,2026-07-16,,0,4e7588d1
https://raw.githubusercontent.com/akita-protocol/akita-sc/HEAD/projects/akita-sc/smart_contracts/artifacts/gates/sub-gates/subscription/SubscriptionGate.arc56.json,2026-07-16,,0,38113c9f
https://raw.githubusercontent.com/akita-protocol/akita-sc/HEAD/projects/akita-sc/smart_contracts/artifacts/hyper-swap/HyperSwap.arc56.json,2026-07-16,,0,07409fdf
https://raw.githubusercontent.com/akita-protocol/akita-sc/HEAD/projects/akita-sc/smart_contracts/artifacts/marketplace/Listing.arc56.json,2026-07-16,,0,360feb0e
https://raw.githubusercontent.com/akita-protocol/akita-sc/HEAD/projects/akita-sc/smart_contracts/artifacts/marketplace/Marketplace.arc56.json,2026-07-16,,0,3bf71229
https://raw.githubusercontent.com/akita-protocol/akita-sc/HEAD/projects/akita-sc/smart_contracts/artifacts/meta-merkles/MetaMerkles.arc56.json,2026-07-16,,0,71d741e4
https://raw.githubusercontent.com/akita-protocol/akita-sc/HEAD/projects/akita-sc/smart_contracts/artifacts/mock-beacon/MockRandomnessBeacon.arc56.json,2026-07-16,,0,25f875b2
https://raw.githubusercontent.com/akita-protocol/akita-sc/HEAD/projects/akita-sc/smart_contracts/artifacts/mocks/auction-factory/MockAuctionFactory.arc56.json,2026-07-16,,0,e21b1d7b
https://raw.githubusercontent.com/akita-protocol/akita-sc/HEAD/projects/akita-sc/smart_contracts/artifacts/mocks/dao/MockAkitaDAO.arc56.json,2026-07-16,,0,f90ad822
https://raw.githubusercontent.com/akita-protocol/akita-sc/HEAD/projects/akita-sc/smart_contracts/artifacts/mocks/marketplace/MockMarketplace.arc56.json,2026-07-16,,0,c6aedb21
https://raw.githubusercontent.com/akita-protocol/akita-sc/HEAD/projects/akita-sc/smart_contracts/artifacts/mocks/poll-factory/MockPollFactory.arc56.json,2026-07-16,,0,d5c174ef
https://raw.githubusercontent.com/akita-protocol/akita-sc/HEAD/projects/akita-sc/smart_contracts/artifacts/mocks/prize-box-factory/MockPrizeBoxFactory.arc56.json,2026-07-16,,0,884f8fdd
https://raw.githubusercontent.com/akita-protocol/akita-sc/HEAD/projects/akita-sc/smart_contracts/artifacts/mocks/raffle-factory/MockRaffleFactory.arc56.json,2026-07-16,,0,dd35a61e
https://raw.githubusercontent.com/akita-protocol/akita-sc/HEAD/projects/akita-sc/smart_contracts/artifacts/mocks/social/MockAkitaSocial.arc56.json,2026-07-16,,0,7d21d07f
https://raw.githubusercontent.com/akita-protocol/akita-sc/HEAD/projects/akita-sc/smart_contracts/artifacts/mocks/staking-pool-factory/MockStakingPoolFactory.arc56.json,2026-07-16,,0,5f2f882b
https://raw.githubusercontent.com/akita-protocol/akita-sc/HEAD/projects/akita-sc/smart_contracts/artifacts/mocks/subscriptions/MockSubscriptions.arc56.json,2026-07-16,,0,fcab6f10
https://raw.githubusercontent.com/akita-protocol/akita-sc/HEAD/projects/akita-sc/smart_contracts/artifacts/mocks/wallet-factory/MockAbstractedAccountFactory.arc56.json,2026-07-16,,0,57652c38
https://raw.githubusercontent.com/akita-protocol/akita-sc/HEAD/projects/akita-sc/smart_contracts/artifacts/mocks/wallet/MockAbstractedAccount.arc56.json,2026-07-16,,0,247ffcf4
https://raw.githubusercontent.com/akita-protocol/akita-sc/HEAD/projects/akita-sc/smart_contracts/artifacts/plugin-dex/PluginDex.arc56.json,2026-07-16,,0,235232e5
https://raw.githubusercontent.com/akita-protocol/akita-sc/HEAD/projects/akita-sc/smart_contracts/artifacts/poll/Poll.arc56.json,2026-07-16,,0,5fec6ae3
https://raw.githubusercontent.com/akita-protocol/akita-sc/HEAD/projects/akita-sc/smart_contracts/artifacts/poll/PollFactory.arc56.json,2026-07-16,,0,bf3060b6
https://raw.githubusercontent.com/akita-protocol/akita-sc/HEAD/projects/akita-sc/smart_contracts/artifacts/prize-box/PrizeBox.arc56.json,2026-07-16,,0,d9aac2be
https://raw.githubusercontent.com/akita-protocol/akita-sc/HEAD/projects/akita-sc/smart_contracts/artifacts/prize-box/PrizeBoxFactory.arc56.json,2026-07-16,,0,96d2dcd6
https://raw.githubusercontent.com/akita-protocol/akita-sc/HEAD/projects/akita-sc/smart_contracts/artifacts/raffle/Raffle.arc56.json,2026-07-17,,0,f8ffa72f
https://raw.githubusercontent.com/akita-protocol/akita-sc/HEAD/projects/akita-sc/smart_contracts/artifacts/raffle/RaffleFactory.arc56.json,2026-07-16,,0,e42aa33f
https://raw.githubusercontent.com/akita-protocol/akita-sc/HEAD/projects/akita-sc/smart_contracts/artifacts/rewards/Rewards.arc56.json,2026-07-16,,0,57216f16
https://raw.githubusercontent.com/akita-protocol/akita-sc/HEAD/projects/akita-sc/smart_contracts/artifacts/social/AkitaSocial.arc56.json,2026-07-17,,0,4a51fe63
https://raw.githubusercontent.com/akita-protocol/akita-sc/HEAD/projects/akita-sc/smart_contracts/artifacts/social/AkitaSocialGraph.arc56.json,2026-07-16,,0,c980df3b
https://raw.githubusercontent.com/akita-protocol/akita-sc/HEAD/projects/akita-sc/smart_contracts/artifacts/social/AkitaSocialImpact.arc56.json,2026-07-16,,0,a1219ea1
https://raw.githubusercontent.com/akita-protocol/akita-sc/HEAD/projects/akita-sc/smart_contracts/artifacts/social/AkitaSocialModeration.arc56.json,2026-07-16,,0,10f9ff8b
https://raw.githubusercontent.com/akita-protocol/akita-sc/HEAD/projects/akita-sc/smart_contracts/artifacts/staking-pool/StakingPool.arc56.json,2026-07-17,,0,37157391
https://raw.githubusercontent.com/akita-protocol/akita-sc/HEAD/projects/akita-sc/smart_contracts/artifacts/staking-pool/StakingPoolFactory.arc56.json,2026-07-16,,0,05372193
https://raw.githubusercontent.com/akita-protocol/akita-sc/HEAD/projects/akita-sc/smart_contracts/artifacts/staking/Staking.arc56.json,2026-07-16,,0,d95ec311
https://raw.githubusercontent.com/akita-protocol/akita-sc/HEAD/projects/akita-sc/smart_contracts/artifacts/subscriptions/Subscriptions.arc56.json,2026-07-17,,0,774dcfb2
https://raw.githubusercontent.com/akita-protocol/akita-sc/HEAD/projects/akita-sc/smart_contracts/artifacts/sunset/AbstractedAccountUpdateStub.arc56.json,2026-07-16,,0,2d99806f
https://raw.githubusercontent.com/akita-protocol/akita-sc/HEAD/projects/akita-sc/smart_contracts/artifacts/sunset/SunsetContract.arc56.json,2026-07-16,,0,f250607f
https://raw.githubusercontent.com/akita-protocol/akita-sc/HEAD/projects/akita-sc/smart_contracts/artifacts/sunset/WalletFactorySunsetContract.arc56.json,2026-07-16,,0,15e2e32d
https://raw.githubusercontent.com/akita-protocol/akita-sc/HEAD/projects/akita-sc/smart_contracts/artifacts/utils/types/MockRandomnessBeacon.arc56.json,2026-07-16,,0,c5bdf1a3
https://raw.githubusercontent.com/akshayaaa727/fact-funders/HEAD/projects/ff-contracts/smart_contracts/artifacts/ff/ProposalContract.arc56.json,2026-07-16,,0,ac239d26
https://raw.githubusercontent.com/Algorand-Africa/algorand-nigeria-smart-contracts/HEAD/EventAssetClaimer/projects/EventAssetClaimer/smart_contracts/artifacts/event_asset_claimer/EventAssetClaimer.arc56.json,2026-07-16,,0,8ef02381
https://raw.githubusercontent.com/Algorand-Developer-Retreat/abel/HEAD/projects/asset_labeling-contracts/smart_contracts/artifacts/asset_labeling/AssetLabeling.arc56.json,2026-07-16,,0,9d1ec9f4
https://raw.githubusercontent.com/Algorand-Developer-Retreat/AuctionX/HEAD/projects/AuctionX-contracts/smart_contracts/artifacts/auction_x/AuctionX.arc56.json,2026-07-16,,0,a6cf083b
https://raw.githubusercontent.com/Algorand-Developer-Retreat/DML-CHAIN/HEAD/projects/DML-contracts/contracts/artifacts/DMLChain.arc56.json,2026-07-16,,0,23fd873c
https://raw.githubusercontent.com/Algorand-Developer-Retreat/makerx-ai-agents/HEAD/projects/algorand-agent-mcp-server/AiRegistry.arc56.json,2026-07-16,,0,b5382e1a
https://raw.githubusercontent.com/Algorand-Developer-Retreat/makerx-ai-agents/HEAD/projects/makerx-ai-agents/smart_contracts/artifacts/ai_registry/AiRegistry.arc56.json,2026-07-16,,0,1b55d8ae
https://raw.githubusercontent.com/Algorand-Developer-Retreat/makerx-ai-agents/HEAD/projects/makerx-ai-agents/smart_contracts/artifacts/hello_world/HelloWorld.arc56.json,2026-07-16,,0,34a76d00
https://raw.githubusercontent.com/Algorand-Developer-Retreat/smart-wallet-for-agent-to-agent-interaction/HEAD/projects/contracts/smart_contracts/artifacts/abstracted_account/AbstractedAccount.arc56.json,2026-07-16,,0,30d4ea5c
https://raw.githubusercontent.com/Algorand-Developer-Retreat/smart-wallet-for-agent-to-agent-interaction/HEAD/projects/contracts/smart_contracts/artifacts/listing_contract/Listing.arc56.json,2026-07-16,,0,672a1061
https://raw.githubusercontent.com/Algorand-Developer-Retreat/smart-wallet-for-agent-to-agent-interaction/HEAD/projects/contracts/smart_contracts/artifacts/listing_factory/ListingFactory.arc56.json,2026-07-16,,0,a69a5b52
https://raw.githubusercontent.com/Algorand-Developer-Retreat/smart-wallet-for-agent-to-agent-interaction/HEAD/projects/contracts/smart_contracts/artifacts/marketplace_plugin/MarketplacePlugin.arc56.json,2026-07-16,,0,37a4bd8e
https://raw.githubusercontent.com/Algorand-Developer-Retreat/smart-wallet-for-agent-to-agent-interaction/HEAD/projects/contracts/smart_contracts/artifacts/optin_plugin/OptInPlugin.arc56.json,2026-07-16,,0,b8602564
https://raw.githubusercontent.com/Algorand-Developer-Retreat/smart-wallet-for-agent-to-agent-interaction/HEAD/projects/contracts/smart_contracts/artifacts/plugin/Plugin.arc56.json,2026-07-16,,0,9ece272b
https://raw.githubusercontent.com/Algorand-Developer-Retreat/wasm-vrf-example/HEAD/projects/wasm-vrf-contracts/contracts/artifacts/HeadsOrTails.arc56.json,2026-07-16,,0,b08111df
https://raw.githubusercontent.com/Algorand-Developer-Retreat/web-vrf-example/HEAD/src/artifacts/AppVRF.arc56.json,2026-07-16,,0,3d1e2d1c
https://raw.githubusercontent.com/Algorand-Developer-Retreat/weDAO/HEAD/smart-contracts/we_dao/smart_contracts/artifacts/we_dao/yes_no_dao/YesNoDao.arc56.json,2026-07-16,,0,c9fdb393
https://raw.githubusercontent.com/Algorand-Developer-Retreat/weDAO/HEAD/smart-contracts/we_dao/smart_contracts/artifacts/we_dao/yes_no_rewards_dao/WeDao.arc56.json,2026-07-16,,0,9fa6b683
https://raw.githubusercontent.com/Algorand-Developer-Retreat/weDAO/HEAD/smart-contracts/we_dao/smart_contracts/artifacts/we_dao/yes_no_rewards_dao/YesNoReward.arc56.json,2026-07-16,,0,c7914662
https://raw.githubusercontent.com/Algorand-Developer-Retreat/weLend/HEAD/smart-contracts/projects/smart-contracts/smart_contracts/artifacts/we_lend/weLend.arc56.json,2026-07-16,,0,a002c739
https://raw.githubusercontent.com/Algorand-Developer-Retreat/WeTrust/HEAD/projects/WeTrust/smart_contracts/artifacts/wetrust/Wetrust.arc56.json,2026-07-16,,0,1233a2c7
https://raw.githubusercontent.com/algorand-devrel/algorand-python-workshop/HEAD/projects/algorand-python-workshop/smart_contracts/artifacts/personal_bank/PersonalBank.arc56.json,2026-07-16,,0,58208c3c
https://raw.githubusercontent.com/algorand-devrel/algorand-typescript-workshop/HEAD/projects/personal-bank/smart_contracts/artifacts/personal_bank/PersonalBank.arc56.json,2026-07-16,,0,6ca10977
https://raw.githubusercontent.com/algorand-devrel/fractional-realestate-ts/HEAD/projects/fractional-realestate-ts-contracts/smart_contracts/artifacts/FractionalRealEstate/FractionalRealEstate.arc56.json,2026-07-16,,0,78ba7f7d
https://raw.githubusercontent.com/algorandecosystem/algokit-core/HEAD/crates/algokit_test_artifacts/contracts/abi-create-and-delete/application.arc56.json,2026-07-16,,0,9fc2bb83
https://raw.githubusercontent.com/algorandecosystem/algokit-core/HEAD/crates/algokit_test_artifacts/contracts/abi_payment_call_test/application.arc56.json,2026-07-16,,0,9ec75e02
https://raw.githubusercontent.com/algorandecosystem/algokit-core/HEAD/crates/algokit_test_artifacts/contracts/arc56_struct_operations/application.arc56.json,2026-07-16,,0,20d2dd9f
https://raw.githubusercontent.com/algorandecosystem/algokit-core/HEAD/crates/algokit_test_artifacts/contracts/boxmap/application.arc56.json,2026-07-16,,0,64da728c
https://raw.githubusercontent.com/algorandecosystem/algokit-core/HEAD/crates/algokit_test_artifacts/contracts/complex_struct_test/application.arc56.json,2026-07-16,,0,78db56c7
https://raw.githubusercontent.com/algorandecosystem/algokit-core/HEAD/crates/algokit_test_artifacts/contracts/constant_product_amm/application.arc56.json,2026-07-16,,0,719e1c8b
https://raw.githubusercontent.com/algorandecosystem/algokit-core/HEAD/crates/algokit_test_artifacts/contracts/extra_pages_test/application.arc56.json,2026-07-16,,0,1fb02349
https://raw.githubusercontent.com/algorandecosystem/algokit-core/HEAD/crates/algokit_test_artifacts/contracts/extra_pages_test/large.arc56.json,2026-07-16,,0,e4b10321
https://raw.githubusercontent.com/algorandecosystem/algokit-core/HEAD/crates/algokit_test_artifacts/contracts/extra_pages_test/small.arc56.json,2026-07-16,,0,37e2c43c
https://raw.githubusercontent.com/algorandecosystem/algokit-core/HEAD/crates/algokit_test_artifacts/contracts/hello_world/application.arc56.json,2026-07-16,,0,f63bd835
https://raw.githubusercontent.com/algorandecosystem/algokit-core/HEAD/crates/algokit_test_artifacts/contracts/nested_contract/application.arc56.json,2026-07-16,,0,6ef00234
https://raw.githubusercontent.com/algorandecosystem/algokit-core/HEAD/crates/algokit_test_artifacts/contracts/nested_contract_calls/application.arc56.json,2026-07-16,,0,70383b91
https://raw.githubusercontent.com/algorandecosystem/algokit-core/HEAD/crates/algokit_test_artifacts/contracts/nested_struct_storage/application.arc56.json,2026-07-16,,0,ce7c1910
https://raw.githubusercontent.com/algorandecosystem/algokit-core/HEAD/crates/algokit_test_artifacts/contracts/nfd/application.arc56.json,2026-07-17,,0,3c73bc9c
https://raw.githubusercontent.com/algorandecosystem/algokit-core/HEAD/crates/algokit_test_artifacts/contracts/reti/application.arc56.json,2026-07-17,,0,f99f74cb
https://raw.githubusercontent.com/algorandecosystem/algokit-core/HEAD/crates/algokit_test_artifacts/contracts/sandbox/application.arc56.json,2026-07-16,,0,2d694643
https://raw.githubusercontent.com/algorandecosystem/algokit-core/HEAD/crates/algokit_test_artifacts/contracts/state_contract/state.arc56.json,2026-07-16,,0,9aa83f49
https://raw.githubusercontent.com/algorandecosystem/algokit-core/HEAD/crates/algokit_test_artifacts/contracts/state_management_demo/application.arc56.json,2026-07-16,,0,27be8404
https://raw.githubusercontent.com/algorandecosystem/algokit-core/HEAD/crates/algokit_test_artifacts/contracts/template_variables/application.arc56.json,2026-07-16,,0,c22018fe
https://raw.githubusercontent.com/algorandecosystem/algokit-core/HEAD/crates/algokit_test_artifacts/contracts/testing_app/application.arc56.json,2026-07-16,,0,4e04370a
https://raw.githubusercontent.com/algorandecosystem/algokit-core/HEAD/crates/algokit_test_artifacts/contracts/testing_app_arc56/app_spec.arc56.json,2026-07-16,,0,afa65762
https://raw.githubusercontent.com/algorandecosystem/algokit-core/HEAD/crates/algokit_test_artifacts/contracts/testing_app_puya/application.arc56.json,2026-07-16,,0,bc942d29
https://raw.githubusercontent.com/algorandecosystem/algokit-core/HEAD/crates/algokit_test_artifacts/contracts/void_return_test/application.arc56.json,2026-07-16,,0,ffe7fa42
https://raw.githubusercontent.com/algorandecosystem/algokit-core/HEAD/crates/algokit_test_artifacts/contracts/zero_coupon_bond/application.arc56.json,2026-07-16,,0,414c1686
https://raw.githubusercontent.com/algorandfoundation/algokit-cli/HEAD/tests/generate/app.arc56.json,2026-07-16,,0,c90dc0c6
https://raw.githubusercontent.com/algorandfoundation/algokit-client-generator-py/HEAD/examples/smart_contracts/artifacts/arc56_test/Arc56Test.arc56.json,2026-07-16,,0,45cfb5f2
https://raw.githubusercontent.com/algorandfoundation/algokit-client-generator-py/HEAD/examples/smart_contracts/artifacts/nested/Nested.arc56.json,2026-07-16,,0,ed5485b7
https://raw.githubusercontent.com/algorandfoundation/algokit-client-generator-py/HEAD/examples/smart_contracts/artifacts/nfd/Nfd.arc56.json,2026-07-17,,0,ed07dfd9
https://raw.githubusercontent.com/algorandfoundation/algokit-client-generator-py/HEAD/examples/smart_contracts/artifacts/reti/Reti.arc56.json,2026-07-17,,0,fe98e445
https://raw.githubusercontent.com/algorandfoundation/algokit-client-generator-py/HEAD/examples/smart_contracts/artifacts/state/State.arc56.json,2026-07-16,,0,af18f32b
https://raw.githubusercontent.com/algorandfoundation/algokit-client-generator-py/HEAD/examples/smart_contracts/artifacts/structs/Structs.arc56.json,2026-07-16,,0,a0c3cb87
https://raw.githubusercontent.com/algorandfoundation/algokit-client-generator-py/HEAD/examples/smart_contracts/artifacts/zero_coupon_bond/ZeroCouponBond.arc56.json,2026-07-16,,0,389de2b3
https://raw.githubusercontent.com/algorandfoundation/algokit-client-generator-ts/HEAD/examples/smart_contracts/artifacts/arc56_test/Arc56Test.arc56.json,2026-07-16,,0,ab61f4ea
https://raw.githubusercontent.com/algorandfoundation/algokit-client-generator-ts/HEAD/examples/smart_contracts/artifacts/nested/Nested.arc56.json,2026-07-16,,0,a5553c5e
https://raw.githubusercontent.com/algorandfoundation/algokit-client-generator-ts/HEAD/examples/smart_contracts/artifacts/nfd/Nfd.arc56.json,2026-07-17,,0,b82e46be
https://raw.githubusercontent.com/algorandfoundation/algokit-client-generator-ts/HEAD/examples/smart_contracts/artifacts/reti/Reti.arc56.json,2026-07-17,,0,cb1e912a
https://raw.githubusercontent.com/algorandfoundation/algokit-client-generator-ts/HEAD/examples/smart_contracts/artifacts/structs/Structs.arc56.json,2026-07-16,,0,0f740f2e
https://raw.githubusercontent.com/algorandfoundation/algokit-client-generator-ts/HEAD/examples/smart_contracts/artifacts/void/Void.arc56.json,2026-07-16,,0,d358dd5e
https://raw.githubusercontent.com/algorandfoundation/algokit-client-generator-ts/HEAD/examples/smart_contracts/artifacts/zero_coupon_bond/ZeroCouponBond.arc56.json,2026-07-16,,0,4ab39cf3
https://raw.githubusercontent.com/algorandfoundation/algokit-subscriber-py/HEAD/examples/subscriber/shared/artifacts/testing-app.arc56.json,2026-07-16,,0,4bf00bef
https://raw.githubusercontent.com/algorandfoundation/algokit-subscriber-ts/HEAD/examples/subscriber/shared/artifacts/testing-app.arc56.json,2026-07-16,,0,da77ef59
https://raw.githubusercontent.com/algorandfoundation/algokit-utils-beta-starter-py/HEAD/artifacts/HelloWorld.arc56.json,2026-07-16,,0,579521c7
https://raw.githubusercontent.com/algorandfoundation/algokit-utils-beta-starter-ts/HEAD/artifacts/HelloWorld.arc56.json,2026-07-16,,0,33840950
https://raw.githubusercontent.com/algorandfoundation/algokit-utils-py/HEAD/tests/artifacts/amm_arc56_example/amm.arc56.json,2026-07-16,,0,03f6c490
https://raw.githubusercontent.com/algorandfoundation/algokit-utils-py/HEAD/tests/artifacts/bare_create_abi_delete/app_spec.arc56.json,2026-07-16,,0,ec5ae01b
https://raw.githubusercontent.com/algorandfoundation/algokit-utils-py/HEAD/tests/artifacts/extra_pages_test/large.arc56.json,2026-07-16,,0,95ebf552
https://raw.githubusercontent.com/algorandfoundation/algokit-utils-py/HEAD/tests/artifacts/extra_pages_test/small.arc56.json,2026-07-16,,0,6c2904ba
https://raw.githubusercontent.com/algorandfoundation/algokit-utils-py/HEAD/tests/artifacts/nested_struct/nested_struct.arc56.json,2026-07-16,,0,223aa7f8
https://raw.githubusercontent.com/algorandfoundation/algokit-utils-py/HEAD/tests/artifacts/state_contract/State.arc56.json,2026-07-16,,0,71647912
https://raw.githubusercontent.com/algorandfoundation/algokit-utils-py/HEAD/tests/artifacts/testing_app_arc56/app_spec.arc56.json,2026-07-16,,0,52befe7f
https://raw.githubusercontent.com/algorandfoundation/algokit-utils-ts/HEAD/tests/example-contracts/box_map/artifacts/BoxMapTest.arc56.json,2026-07-16,,0,0f0e793d
https://raw.githubusercontent.com/algorandfoundation/algokit-utils-ts/HEAD/tests/example-contracts/byte_arrays/artifacts/ByteArrays.arc56.json,2026-07-16,,0,8be2968f
https://raw.githubusercontent.com/algorandfoundation/algokit-utils-ts/HEAD/tests/example-contracts/deploy_error/artifacts/DeployError.arc56.json,2026-07-16,,0,7ea9bf5b
https://raw.githubusercontent.com/algorandfoundation/algokit-utils-ts/HEAD/tests/example-contracts/extra-pages/large.arc56.json,2026-07-16,,0,5f465786
https://raw.githubusercontent.com/algorandfoundation/algokit-utils-ts/HEAD/tests/example-contracts/extra-pages/small.arc56.json,2026-07-16,,0,d0f0a6b1
https://raw.githubusercontent.com/algorandfoundation/algokit-utils-ts/HEAD/tests/example-contracts/inner_error/artifacts/InnerApp.arc56.json,2026-07-16,,0,fd7d3fae
https://raw.githubusercontent.com/algorandfoundation/algokit-utils-ts/HEAD/tests/example-contracts/inner_error/artifacts/MiddleApp.arc56.json,2026-07-16,,0,0db6fe05
https://raw.githubusercontent.com/algorandfoundation/algokit-utils-ts/HEAD/tests/example-contracts/inner_error/artifacts/OuterApp.arc56.json,2026-07-16,,0,f78330f9
https://raw.githubusercontent.com/algorandfoundation/algokit-utils-ts/HEAD/tests/example-contracts/nested_struct/artifacts/NestedStruct.arc56.json,2026-07-16,,0,3139e2aa
https://raw.githubusercontent.com/algorandfoundation/algokit-utils-ts/HEAD/tests/example-contracts/state/BaseARC4Contract.arc56.json,2026-07-16,,0,be830094
https://raw.githubusercontent.com/algorandfoundation/algokit-utils-ts/HEAD/tests/example-contracts/state/ExampleARC4Contract.arc56.json,2026-07-16,,0,7ba2a22e
https://raw.githubusercontent.com/algorandfoundation/algokit-utils-ts/HEAD/tests/example-contracts/state/ImmutabilityControlARC4Contract.arc56.json,2026-07-16,,0,ffae1208
https://raw.githubusercontent.com/algorandfoundation/algokit-utils-ts/HEAD/tests/example-contracts/state/PermanenceControlARC4Contract.arc56.json,2026-07-16,,0,29ea841b
https://raw.githubusercontent.com/algorandfoundation/algokit-utils-ts/HEAD/tests/example-contracts/state/State.arc56.json,2026-07-16,,0,44d3161f
https://raw.githubusercontent.com/algorandfoundation/algorand-python-testing/HEAD/tests/artifacts/Arc4ABIMethod/data/SignaturesContract.arc56.json,2026-07-16,,0,7e5ac895
https://raw.githubusercontent.com/algorandfoundation/algorand-python-testing/HEAD/tests/artifacts/Arc4InnerTxns/data/Arc4InnerTxnsContract.arc56.json,2026-07-16,,0,1830f357
https://raw.githubusercontent.com/algorandfoundation/algorand-python-testing/HEAD/tests/artifacts/Arc4PrimitiveOps/data/Arc4PrimitiveOpsContract.arc56.json,2026-07-16,,0,b18f9035
https://raw.githubusercontent.com/algorandfoundation/algorand-python-testing/HEAD/tests/artifacts/Arrays/data/Contract.arc56.json,2026-07-16,,0,549475ff
https://raw.githubusercontent.com/algorandfoundation/algorand-python-testing/HEAD/tests/artifacts/Arrays/data/DynamicArrayInitContract.arc56.json,2026-07-16,,0,fcd0da68
https://raw.githubusercontent.com/algorandfoundation/algorand-python-testing/HEAD/tests/artifacts/Arrays/data/ImmutableArrayContract.arc56.json,2026-07-16,,0,e9b78ebd
https://raw.githubusercontent.com/algorandfoundation/algorand-python-testing/HEAD/tests/artifacts/Arrays/data/ImmutableArrayInitContract.arc56.json,2026-07-16,,0,15d6ba53
https://raw.githubusercontent.com/algorandfoundation/algorand-python-testing/HEAD/tests/artifacts/Arrays/data/StaticSizeContract.arc56.json,2026-07-16,,0,a457d9db
https://raw.githubusercontent.com/algorandfoundation/algorand-python-testing/HEAD/tests/artifacts/AVM12/data/Contract.arc56.json,2026-07-16,,0,89894114
https://raw.githubusercontent.com/algorandfoundation/algorand-python-testing/HEAD/tests/artifacts/AVM12/data/ContractV0.arc56.json,2026-07-16,,0,6ea0c6d7
https://raw.githubusercontent.com/algorandfoundation/algorand-python-testing/HEAD/tests/artifacts/AVM12/data/ContractV1.arc56.json,2026-07-16,,0,ca5278ab
https://raw.githubusercontent.com/algorandfoundation/algorand-python-testing/HEAD/tests/artifacts/BoxContract/data/BoxContract.arc56.json,2026-07-16,,0,aece4b47
https://raw.githubusercontent.com/algorandfoundation/algorand-python-testing/HEAD/tests/artifacts/CreatedAppAsset/data/AppCall.arc56.json,2026-07-16,,0,d61f2e49
https://raw.githubusercontent.com/algorandfoundation/algorand-python-testing/HEAD/tests/artifacts/CreatedAppAsset/data/AppExpectingEffects.arc56.json,2026-07-16,,0,dd04c923
https://raw.githubusercontent.com/algorandfoundation/algorand-python-testing/HEAD/tests/artifacts/CryptoOps/data/CryptoOpsContract.arc56.json,2026-07-16,,0,bf9e8ee3
https://raw.githubusercontent.com/algorandfoundation/algorand-python-testing/HEAD/tests/artifacts/DynamicITxnGroup/data/DynamicItxnGroup.arc56.json,2026-07-16,,0,b865dfe1
https://raw.githubusercontent.com/algorandfoundation/algorand-python-testing/HEAD/tests/artifacts/DynamicITxnGroup/data/VerifierContract.arc56.json,2026-07-16,,0,7a21412d
https://raw.githubusercontent.com/algorandfoundation/algorand-python-testing/HEAD/tests/artifacts/GlobalStateValidator/data/GlobalStateValidator.arc56.json,2026-07-16,,0,5d3fe8f1
https://raw.githubusercontent.com/algorandfoundation/algorand-python-testing/HEAD/tests/artifacts/MiscellaneousOps/data/MiscellaneousOpsContract.arc56.json,2026-07-16,,0,605fc1b9
https://raw.githubusercontent.com/algorandfoundation/algorand-python-testing/HEAD/tests/artifacts/PrimitiveOps/data/PrimitiveOpsContract.arc56.json,2026-07-16,,0,f1453b62
https://raw.githubusercontent.com/algorandfoundation/algorand-python-testing/HEAD/tests/artifacts/StateMutations/data/StateMutations.arc56.json,2026-07-16,,0,3487ae97
https://raw.githubusercontent.com/algorandfoundation/algorand-python-testing/HEAD/tests/artifacts/StateOps/data/GlobalMapContract.arc56.json,2026-07-16,,0,55f26931
https://raw.githubusercontent.com/algorandfoundation/algorand-python-testing/HEAD/tests/artifacts/StateOps/data/GlobalStateContract.arc56.json,2026-07-16,,0,d1dd429d
https://raw.githubusercontent.com/algorandfoundation/algorand-python-testing/HEAD/tests/artifacts/StateOps/data/ITxnOpsContract.arc56.json,2026-07-16,,0,35ab92cc
https://raw.githubusercontent.com/algorandfoundation/algorand-python-testing/HEAD/tests/artifacts/StateOps/data/LocalMapContract.arc56.json,2026-07-16,,0,80a3a44e
https://raw.githubusercontent.com/algorandfoundation/algorand-python-testing/HEAD/tests/artifacts/StateOps/data/LocalStateContract.arc56.json,2026-07-16,,0,42720f25
https://raw.githubusercontent.com/algorandfoundation/algorand-python-testing/HEAD/tests/artifacts/StateOps/data/StateAcctParamsGetContract.arc56.json,2026-07-16,,0,6a170a4d
https://raw.githubusercontent.com/algorandfoundation/algorand-python-testing/HEAD/tests/artifacts/StateOps/data/StateAppGlobalContract.arc56.json,2026-07-16,,0,8f39b309
https://raw.githubusercontent.com/algorandfoundation/algorand-python-testing/HEAD/tests/artifacts/StateOps/data/StateAppGlobalExContract.arc56.json,2026-07-16,,0,628c7353
https://raw.githubusercontent.com/algorandfoundation/algorand-python-testing/HEAD/tests/artifacts/StateOps/data/StateAppLocalContract.arc56.json,2026-07-16,,0,808c59cb
https://raw.githubusercontent.com/algorandfoundation/algorand-python-testing/HEAD/tests/artifacts/StateOps/data/StateAppLocalExContract.arc56.json,2026-07-16,,0,30dbb0e8
https://raw.githubusercontent.com/algorandfoundation/algorand-python-testing/HEAD/tests/artifacts/StateOps/data/StateAppParamsContract.arc56.json,2026-07-16,,0,010e98ce
https://raw.githubusercontent.com/algorandfoundation/algorand-python-testing/HEAD/tests/artifacts/StateOps/data/StateAssetHoldingContract.arc56.json,2026-07-16,,0,a10f10bf
https://raw.githubusercontent.com/algorandfoundation/algorand-python-testing/HEAD/tests/artifacts/StateOps/data/StateAssetParamsContract.arc56.json,2026-07-16,,0,0639bfb6
https://raw.githubusercontent.com/algorandfoundation/algorand-python-testing/HEAD/tests/artifacts/Tuples/data/TuplesContract.arc56.json,2026-07-16,,0,008c5798
https://raw.githubusercontent.com/algorandfoundation/arc20/HEAD/smart_contracts/artifacts/arc89_smart_asa/Arc89SmartAsa.arc56.json,2026-07-16,,0,2d1fd6fc
https://raw.githubusercontent.com/algorandfoundation/arc20/HEAD/smart_contracts/artifacts/smart_asa/SmartAsa.arc56.json,2026-07-16,,0,98047c49
https://raw.githubusercontent.com/algorandfoundation/arc55-encryption/HEAD/smart_contracts/artifacts/multisig/ARC55.arc56.json,2026-07-16,,0,c59e739b
https://raw.githubusercontent.com/algorandfoundation/arc55-encryption/HEAD/smart_contracts/artifacts/multisig/MsigApp.arc56.json,2026-07-16,,0,1e18bf57
https://raw.githubusercontent.com/algorandfoundation/arc55-encryption/HEAD/smart_contracts/artifacts/multisig/Multisig.arc56.json,2026-07-16,,0,0579f8cd
https://raw.githubusercontent.com/algorandfoundation/arc62/HEAD/smart_contracts/artifacts/circulating_supply/CirculatingSupply.arc56.json,2026-07-16,,0,6bd32a8f
https://raw.githubusercontent.com/algorandfoundation/arc89/HEAD/smart_contracts/artifacts/asa_metadata_registry/AsaMetadataRegistry.arc56.json,2026-07-16,,0,295a41b6
https://raw.githubusercontent.com/algorandfoundation/ARCs/HEAD/assets/arc-0020/smart_contracts/artifacts/smart_asa/SmartAsa.arc56.json,2026-07-16,,0,d8ff2065
https://raw.githubusercontent.com/algorandfoundation/ARCs/HEAD/assets/arc-0062/smart_contracts/artifacts/circulating_supply/CirculatingSupply.arc56.json,2026-07-16,,0,a401f625
https://raw.githubusercontent.com/algorandfoundation/auto-draw-card/HEAD/projects/auto-draw-card/smart_contracts/artifacts/killswitch/Killswitch.arc56.json,2026-08-01,,1785564846,bf1cdefb
https://raw.githubusercontent.com/algorandfoundation/auto-draw-card/HEAD/projects/auto-draw-card/smart_contracts/artifacts/main/ControlledAddress.arc56.json,2026-08-01,,1785564565,b92e4f75
https://raw.githubusercontent.com/algorandfoundation/devportal-code-examples/HEAD/projects/python-examples/smart_contracts/artifacts/arc4_types/Arc4DynamicArray.arc56.json,2026-07-16,,0,82c0c5a1
https://raw.githubusercontent.com/algorandfoundation/devportal-code-examples/HEAD/projects/python-examples/smart_contracts/artifacts/arc4_types/Arc4StaticArray.arc56.json,2026-07-16,,0,91266734
https://raw.githubusercontent.com/algorandfoundation/devportal-code-examples/HEAD/projects/python-examples/smart_contracts/artifacts/arc4_types/Arc4Struct.arc56.json,2026-07-16,,0,ce5efd08
https://raw.githubusercontent.com/algorandfoundation/devportal-code-examples/HEAD/projects/python-examples/smart_contracts/artifacts/arc4_types/Arc4Tuple.arc56.json,2026-07-16,,0,d9fb5142
https://raw.githubusercontent.com/algorandfoundation/devportal-code-examples/HEAD/projects/python-examples/smart_contracts/artifacts/arc4_types/Arc4Types.arc56.json,2026-07-16,,0,84270f0a
https://raw.githubusercontent.com/algorandfoundation/devportal-code-examples/HEAD/projects/python-examples/smart_contracts/artifacts/box_storage/BoxStorage.arc56.json,2026-07-16,,0,d1bc697d
https://raw.githubusercontent.com/algorandfoundation/devportal-code-examples/HEAD/projects/python-examples/smart_contracts/artifacts/control_flow/ForLoopsExample.arc56.json,2026-07-16,,0,310ba38f
https://raw.githubusercontent.com/algorandfoundation/devportal-code-examples/HEAD/projects/python-examples/smart_contracts/artifacts/control_flow/IfElseExample.arc56.json,2026-07-16,,0,b287b0b6
https://raw.githubusercontent.com/algorandfoundation/devportal-code-examples/HEAD/projects/python-examples/smart_contracts/artifacts/control_flow/MatchStatements.arc56.json,2026-07-16,,0,4de1ba22
https://raw.githubusercontent.com/algorandfoundation/devportal-code-examples/HEAD/projects/python-examples/smart_contracts/artifacts/control_flow/WhileLoopExample.arc56.json,2026-07-16,,0,4f770493
https://raw.githubusercontent.com/algorandfoundation/devportal-code-examples/HEAD/projects/python-examples/smart_contracts/artifacts/custom_create/CustomCreate.arc56.json,2026-07-16,,0,0a6e344b
https://raw.githubusercontent.com/algorandfoundation/devportal-code-examples/HEAD/projects/python-examples/smart_contracts/artifacts/global_storage/GlobalStorage.arc56.json,2026-07-16,,0,1715111a
https://raw.githubusercontent.com/algorandfoundation/devportal-code-examples/HEAD/projects/python-examples/smart_contracts/artifacts/hello_world/HelloWorld.arc56.json,2026-07-16,,0,f1c8a653
https://raw.githubusercontent.com/algorandfoundation/devportal-code-examples/HEAD/projects/python-examples/smart_contracts/artifacts/inner_transactions/InnerTransactions.arc56.json,2026-07-16,,0,100b565e
https://raw.githubusercontent.com/algorandfoundation/devportal-code-examples/HEAD/projects/python-examples/smart_contracts/artifacts/local_storage/LocalStorage.arc56.json,2026-07-16,,0,dc42642b
https://raw.githubusercontent.com/algorandfoundation/devportal-code-examples/HEAD/projects/python-examples/smart_contracts/artifacts/reference_account/ReferenceAccount.arc56.json,2026-07-16,,0,d0122bff
https://raw.githubusercontent.com/algorandfoundation/devportal-code-examples/HEAD/projects/python-examples/smart_contracts/artifacts/reference_account_app/MyCounter.arc56.json,2026-07-16,,0,8c222537
https://raw.githubusercontent.com/algorandfoundation/devportal-code-examples/HEAD/projects/python-examples/smart_contracts/artifacts/reference_account_app/ReferenceAccountApp.arc56.json,2026-07-16,,0,6a8fd334
https://raw.githubusercontent.com/algorandfoundation/devportal-code-examples/HEAD/projects/python-examples/smart_contracts/artifacts/reference_account_asset/ReferenceAccountAsset.arc56.json,2026-07-16,,0,874d8404
https://raw.githubusercontent.com/algorandfoundation/devportal-code-examples/HEAD/projects/python-examples/smart_contracts/artifacts/reference_app/Counter.arc56.json,2026-07-16,,0,ee446662
https://raw.githubusercontent.com/algorandfoundation/devportal-code-examples/HEAD/projects/python-examples/smart_contracts/artifacts/reference_app/ReferenceApp.arc56.json,2026-07-16,,0,155c0806
https://raw.githubusercontent.com/algorandfoundation/devportal-code-examples/HEAD/projects/python-examples/smart_contracts/artifacts/reference_app_box/ReferenceAppBox.arc56.json,2026-07-16,,0,ede6a6b9
https://raw.githubusercontent.com/algorandfoundation/devportal-code-examples/HEAD/projects/python-examples/smart_contracts/artifacts/reference_asset/ReferenceAsset.arc56.json,2026-07-16,,0,279002c9
https://raw.githubusercontent.com/algorandfoundation/devportal-code-examples/HEAD/projects/python-examples/smart_contracts/artifacts/struct_in_box/StructInBoxMap.arc56.json,2026-07-16,,0,6c1dc1af
https://raw.githubusercontent.com/algorandfoundation/devportal-code-examples/HEAD/projects/typescript-examples/contracts/artifacts/contracts/BoxStorage/BoxStorage.arc56.json,2026-07-16,,0,d2f79831
https://raw.githubusercontent.com/algorandfoundation/devportal-code-examples/HEAD/projects/typescript-examples/contracts/artifacts/contracts/ControlFlow/ControlFlow.arc56.json,2026-07-16,,0,6df31762
https://raw.githubusercontent.com/algorandfoundation/devportal-code-examples/HEAD/projects/typescript-examples/contracts/artifacts/contracts/Counter/Counter.arc56.json,2026-07-16,,0,fe501ea2
https://raw.githubusercontent.com/algorandfoundation/devportal-code-examples/HEAD/projects/typescript-examples/contracts/artifacts/contracts/CustomCreate/CustomCreate.arc56.json,2026-07-16,,0,38af1583
https://raw.githubusercontent.com/algorandfoundation/devportal-code-examples/HEAD/projects/typescript-examples/contracts/artifacts/contracts/GlobalStorage/GlobalStorage.arc56.json,2026-07-16,,0,e9cecc7a
https://raw.githubusercontent.com/algorandfoundation/devportal-code-examples/HEAD/projects/typescript-examples/contracts/artifacts/contracts/HelloWorld/HelloWorld.arc56.json,2026-07-16,,0,7927f005
https://raw.githubusercontent.com/algorandfoundation/devportal-code-examples/HEAD/projects/typescript-examples/contracts/artifacts/contracts/InnerTransactions/InnerTransactions.arc56.json,2026-07-16,,0,0998f241
https://raw.githubusercontent.com/algorandfoundation/devportal-code-examples/HEAD/projects/typescript-examples/contracts/artifacts/contracts/LocalStorage/LocalStorage.arc56.json,2026-07-16,,0,5b462e6d
https://raw.githubusercontent.com/algorandfoundation/devportal-code-examples/HEAD/projects/typescript-examples/contracts/artifacts/contracts/ReferenceAccount/ReferenceAccount.arc56.json,2026-07-16,,0,e51cb649
https://raw.githubusercontent.com/algorandfoundation/devportal-code-examples/HEAD/projects/typescript-examples/contracts/artifacts/contracts/ReferenceAccountApp/MyCounter.arc56.json,2026-07-16,,0,f3a03156
https://raw.githubusercontent.com/algorandfoundation/devportal-code-examples/HEAD/projects/typescript-examples/contracts/artifacts/contracts/ReferenceAccountApp/ReferenceAccountApp.arc56.json,2026-07-16,,0,d76d667e
https://raw.githubusercontent.com/algorandfoundation/devportal-code-examples/HEAD/projects/typescript-examples/contracts/artifacts/contracts/ReferenceAccountAsset/ReferenceAccountAsset.arc56.json,2026-07-16,,0,a7d7be9f
https://raw.githubusercontent.com/algorandfoundation/devportal-code-examples/HEAD/projects/typescript-examples/contracts/artifacts/contracts/ReferenceApp/Counter.arc56.json,2026-07-16,,0,c26ca508
https://raw.githubusercontent.com/algorandfoundation/devportal-code-examples/HEAD/projects/typescript-examples/contracts/artifacts/contracts/ReferenceApp/ReferenceApp.arc56.json,2026-07-16,,0,15de5089
https://raw.githubusercontent.com/algorandfoundation/devportal-code-examples/HEAD/projects/typescript-examples/contracts/artifacts/contracts/ReferenceAppBox/ReferenceAppBox.arc56.json,2026-07-16,,0,fcd3701e
https://raw.githubusercontent.com/algorandfoundation/devportal-code-examples/HEAD/projects/typescript-examples/contracts/artifacts/contracts/ReferenceAsset/ReferenceAsset.arc56.json,2026-07-16,,0,d5ba42b5
https://raw.githubusercontent.com/algorandfoundation/devportal-code-examples/HEAD/projects/typescript-examples/contracts/artifacts/contracts/ScratchStorage/ScratchStorage.arc56.json,2026-07-16,,0,57d9ca58
https://raw.githubusercontent.com/algorandfoundation/devportal-code-examples/HEAD/projects/typescript-examples/contracts/artifacts/contracts/SelfPayment/SelfPayment.arc56.json,2026-07-16,,0,1a46cc59
https://raw.githubusercontent.com/algorandfoundation/devportal-code-examples/HEAD/projects/typescript-examples/contracts/artifacts/contracts/StructInBox/StructInBoxMap.arc56.json,2026-07-16,,0,508553b3
https://raw.githubusercontent.com/algorandfoundation/devportal-code-examples/HEAD/projects/typescript-examples/contracts/artifacts/contracts/SubsidizeAppCall/SubsidizeAppCall.arc56.json,2026-07-16,,0,f2e278dd
https://raw.githubusercontent.com/algorandfoundation/did-algo/HEAD/client/internal/contracts/DIDAlgoStorage.arc56.json,2026-07-16,,0,6173bc10
https://raw.githubusercontent.com/algorandfoundation/did-algo/HEAD/reference_contract/contracts/artifacts/DIDAlgoStorage.arc56.json,2026-07-16,,0,460d4d60
https://raw.githubusercontent.com/algorandfoundation/gGov/HEAD/projects/contracts/smart_contracts/artifacts/base/EmptyContract.arc56.json,2026-07-21,,0,e9ee4207
https://raw.githubusercontent.com/algorandfoundation/gGov/HEAD/projects/contracts/smart_contracts/artifacts/delegator/Delegator.arc56.json,2026-07-21,,0,46ba04c3
https://raw.githubusercontent.com/algorandfoundation/gGov/HEAD/projects/contracts/smart_contracts/artifacts/ggov-period/GGovPeriod.arc56.json,2026-07-21,,0,7755d264
https://raw.githubusercontent.com/algorandfoundation/gGov/HEAD/projects/contracts/smart_contracts/artifacts/ggov-registry/GGovRegistry.arc56.json,2026-07-21,,0,4c456678
https://raw.githubusercontent.com/algorandfoundation/gGov/HEAD/projects/contracts/smart_contracts/artifacts/ggov-registry/GGovRegistryAccountContract.arc56.json,2026-07-21,,0,8cb7cfbc
https://raw.githubusercontent.com/algorandfoundation/gGov/HEAD/projects/contracts/smart_contracts/artifacts/xgov-proposal-mock/XGovProposalMock.arc56.json,2026-07-21,,0,d131d396
https://raw.githubusercontent.com/algorandfoundation/gGov/HEAD/projects/contracts/smart_contracts/artifacts/xgov-registry-mock/XGovRegistryMock.arc56.json,2026-07-21,,0,73fe675e
https://raw.githubusercontent.com/algorandfoundation/intermezzo/HEAD/libs/did-algo/contracts/DIDAlgoStorage.arc56.json,2026-07-16,,0,91035a23
https://raw.githubusercontent.com/algorandfoundation/puya-ts-demo/HEAD/contracts/arc75/out/ARC75.arc56.json,2026-07-16,,0,94c73f98
https://raw.githubusercontent.com/algorandfoundation/puya-ts-demo/HEAD/contracts/big-box/out/BigBox.arc56.json,2026-07-16,,0,ab6929c2
https://raw.githubusercontent.com/algorandfoundation/puya-ts-demo/HEAD/contracts/calculator/out/Calculator.arc56.json,2026-07-16,,0,983f8e88
https://raw.githubusercontent.com/algorandfoundation/puya-ts-demo/HEAD/contracts/hello-world/out/HelloWorldContract.arc56.json,2026-07-16,,0,c4a679fa
https://raw.githubusercontent.com/algorandfoundation/puya-ts-demo/HEAD/contracts/itxns/out/FactoryCaller.arc56.json,2026-07-16,,0,7b84c3cc
https://raw.githubusercontent.com/algorandfoundation/puya-ts-demo/HEAD/contracts/itxns/out/NFTFactory.arc56.json,2026-07-16,,0,8816674f
https://raw.githubusercontent.com/algorandfoundation/puya-ts-demo/HEAD/contracts/kitchen-sink/out/KitchenSinkContract.arc56.json,2026-07-16,,0,66354acc
https://raw.githubusercontent.com/algorandfoundation/puya-ts-demo/HEAD/contracts/lsig-with-app/out/CreatorVerifier.arc56.json,2026-07-16,,0,3294139c
https://raw.githubusercontent.com/algorandfoundation/puya-ts-demo/HEAD/contracts/marketplace/out/DigitalMarketplace.arc56.json,2026-07-16,,0,c4494253
https://raw.githubusercontent.com/algorandfoundation/puya-ts-demo/HEAD/contracts/merkle/out/MerkleTree.arc56.json,2026-07-16,,0,f3b809f6
https://raw.githubusercontent.com/algorandfoundation/puya-ts-demo/HEAD/contracts/proof-of-attendance/out/ProofOfAttendance.arc56.json,2026-07-16,,0,c04c800a
https://raw.githubusercontent.com/algorandfoundation/puya-ts-demo/HEAD/contracts/simple/out/Simple.arc56.json,2026-07-16,,0,da331480
https://raw.githubusercontent.com/algorandfoundation/puya-ts-demo/HEAD/contracts/voting/out/VotingContract.arc56.json,2026-07-16,,0,4cba2725
https://raw.githubusercontent.com/algorandfoundation/puya-ts-demo/HEAD/contracts/zk-whitelist/out/ZkWhitelistContract.arc56.json,2026-07-16,,0,cf061af1
https://raw.githubusercontent.com/algorandfoundation/puya-ts/HEAD/tests/approvals/out/o1/abi-decorators/AbiDecorators.arc56.json,2026-07-16,,0,e805bbf3
https://raw.githubusercontent.com/algorandfoundation/puya-ts/HEAD/tests/approvals/out/o1/abi-decorators/BaseAbi.arc56.json,2026-07-16,,0,f1104270
https://raw.githubusercontent.com/algorandfoundation/puya-ts/HEAD/tests/approvals/out/o1/abi-decorators/OverloadedMethods.arc56.json,2026-07-16,,0,48d9c48f
https://raw.githubusercontent.com/algorandfoundation/puya-ts/HEAD/tests/approvals/out/o1/abi-decorators/SubAbi.arc56.json,2026-07-16,,0,2213d8c4
https://raw.githubusercontent.com/algorandfoundation/puya-ts/HEAD/tests/approvals/out/o1/abi-decorators/SubAbi2.arc56.json,2026-07-16,,0,c92445c2
https://raw.githubusercontent.com/algorandfoundation/puya-ts/HEAD/tests/approvals/out/o1/abi-validation-exhaustive/AbiValidationExhaustive.arc56.json,2026-07-16,,0,ce7f2098
https://raw.githubusercontent.com/algorandfoundation/puya-ts/HEAD/tests/approvals/out/o1/abi-validation-exhaustive/InvalidContract.arc56.json,2026-07-16,,0,436eb5af
https://raw.githubusercontent.com/algorandfoundation/puya-ts/HEAD/tests/approvals/out/o1/abi-validation/AbiValidationAlgo.arc56.json,2026-07-16,,0,88a028c9
https://raw.githubusercontent.com/algorandfoundation/puya-ts/HEAD/tests/approvals/out/o1/accounts/AccountsContract.arc56.json,2026-07-16,,0,00ce94e3
https://raw.githubusercontent.com/algorandfoundation/puya-ts/HEAD/tests/approvals/out/o1/arc-28-events/EventEmitter.arc56.json,2026-07-16,,0,3308554e
https://raw.githubusercontent.com/algorandfoundation/puya-ts/HEAD/tests/approvals/out/o1/arc4-bool/Arc4BoolAlgo.arc56.json,2026-07-16,,0,b51dc0de
https://raw.githubusercontent.com/algorandfoundation/puya-ts/HEAD/tests/approvals/out/o1/arc4-clone/Arc4CloneAlgo.arc56.json,2026-07-16,,0,c8e7b51b
https://raw.githubusercontent.com/algorandfoundation/puya-ts/HEAD/tests/approvals/out/o1/arc4-encode-decode/Arc4EncodeDecode.arc56.json,2026-07-16,,0,6a43b3c7
https://raw.githubusercontent.com/algorandfoundation/puya-ts/HEAD/tests/approvals/out/o1/arc4-hybrid/Arc4HybridAlgo.arc56.json,2026-07-16,,0,1f3b764b
https://raw.githubusercontent.com/algorandfoundation/puya-ts/HEAD/tests/approvals/out/o1/arc4-method-selector/ContractOne.arc56.json,2026-07-16,,0,59d2f3e3
https://raw.githubusercontent.com/algorandfoundation/puya-ts/HEAD/tests/approvals/out/o1/arc4-method-selector/ContractTwo.arc56.json,2026-07-16,,0,1b9189bb
https://raw.githubusercontent.com/algorandfoundation/puya-ts/HEAD/tests/approvals/out/o1/arc4-struct/StructDemo.arc56.json,2026-07-16,,0,b17dd0d2
https://raw.githubusercontent.com/algorandfoundation/puya-ts/HEAD/tests/approvals/out/o1/array-destructuring/ArrayDestructuringAlgo.arc56.json,2026-07-16,,0,b8fc73fb
https://raw.githubusercontent.com/algorandfoundation/puya-ts/HEAD/tests/approvals/out/o1/array-literals/ArrayLiteralsAlgo.arc56.json,2026-07-16,,0,800701e0
https://raw.githubusercontent.com/algorandfoundation/puya-ts/HEAD/tests/approvals/out/o1/assert-match/AssertMatchContract.arc56.json,2026-07-16,,0,fa82bba1
https://raw.githubusercontent.com/algorandfoundation/puya-ts/HEAD/tests/approvals/out/o1/asset-proxy/AssetProxyAlgo.arc56.json,2026-07-16,,0,8ba297f9
https://raw.githubusercontent.com/algorandfoundation/puya-ts/HEAD/tests/approvals/out/o1/assignments/AssignmentsAlgo.arc56.json,2026-07-16,,0,90f0516f
https://raw.githubusercontent.com/algorandfoundation/puya-ts/HEAD/tests/approvals/out/o1/avm11/AVM11Contract.arc56.json,2026-07-16,,0,2deac1da
https://raw.githubusercontent.com/algorandfoundation/puya-ts/HEAD/tests/approvals/out/o1/avm12/Avm12Contract.arc56.json,2026-07-16,,0,043c892a
https://raw.githubusercontent.com/algorandfoundation/puya-ts/HEAD/tests/approvals/out/o1/avm12/ContractV0.arc56.json,2026-07-16,,0,27961ed6
https://raw.githubusercontent.com/algorandfoundation/puya-ts/HEAD/tests/approvals/out/o1/avm12/ContractV1.arc56.json,2026-07-16,,0,6197811e
https://raw.githubusercontent.com/algorandfoundation/puya-ts/HEAD/tests/approvals/out/o1/box-enum-contract/BoxContract.arc56.json,2026-07-16,,0,3e9e5b31
https://raw.githubusercontent.com/algorandfoundation/puya-ts/HEAD/tests/approvals/out/o1/box-proxies/Arc4BoxContract.arc56.json,2026-07-16,,0,5c7efa6d
https://raw.githubusercontent.com/algorandfoundation/puya-ts/HEAD/tests/approvals/out/o1/box-proxies/BoxCreate.arc56.json,2026-07-16,,0,efec97b2
https://raw.githubusercontent.com/algorandfoundation/puya-ts/HEAD/tests/approvals/out/o1/box-proxies/BoxMapTest.arc56.json,2026-07-16,,0,cb6886f0
https://raw.githubusercontent.com/algorandfoundation/puya-ts/HEAD/tests/approvals/out/o1/box-proxies/BoxToRefTest.arc56.json,2026-07-16,,0,eb6b21a6
https://raw.githubusercontent.com/algorandfoundation/puya-ts/HEAD/tests/approvals/out/o1/box-proxies/CompositeKeyTest.arc56.json,2026-07-16,,0,3e7a1b77
https://raw.githubusercontent.com/algorandfoundation/puya-ts/HEAD/tests/approvals/out/o1/box-proxies/LargeBox.arc56.json,2026-07-16,,0,52d31551
https://raw.githubusercontent.com/algorandfoundation/puya-ts/HEAD/tests/approvals/out/o1/box-proxies/TupleBox.arc56.json,2026-07-16,,0,01e97ceb
https://raw.githubusercontent.com/algorandfoundation/puya-ts/HEAD/tests/approvals/out/o1/byte-expressions/DemoContract.arc56.json,2026-07-16,,0,bfe58844
https://raw.githubusercontent.com/algorandfoundation/puya-ts/HEAD/tests/approvals/out/o1/circular-reference-2/ContractTwo.arc56.json,2026-07-16,,0,ccafeb6d
https://raw.githubusercontent.com/algorandfoundation/puya-ts/HEAD/tests/approvals/out/o1/circular-reference/ContractOne.arc56.json,2026-07-16,,0,954a919f
https://raw.githubusercontent.com/algorandfoundation/puya-ts/HEAD/tests/approvals/out/o1/comma-operator/CommaOperatorTest.arc56.json,2026-07-16,,0,f3165092
https://raw.githubusercontent.com/algorandfoundation/puya-ts/HEAD/tests/approvals/out/o1/const-literals/ConstLiteralsAlgo.arc56.json,2026-07-16,,0,c39adf6f
https://raw.githubusercontent.com/algorandfoundation/puya-ts/HEAD/tests/approvals/out/o1/destructured-params/DestructuredParamsAlgo.arc56.json,2026-07-16,,0,0de6adfe
https://raw.githubusercontent.com/algorandfoundation/puya-ts/HEAD/tests/approvals/out/o1/destructuring-iterators/DestructuringIterators.arc56.json,2026-07-16,,0,68637913
https://raw.githubusercontent.com/algorandfoundation/puya-ts/HEAD/tests/approvals/out/o1/do-loops/DoLoopsAlgo.arc56.json,2026-07-16,,0,d8896726
https://raw.githubusercontent.com/algorandfoundation/puya-ts/HEAD/tests/approvals/out/o1/for-loops/ForLoopsAlgo.arc56.json,2026-07-16,,0,249ce421
https://raw.githubusercontent.com/algorandfoundation/puya-ts/HEAD/tests/approvals/out/o1/for-of-loops/ForOfLoopsAlgo.arc56.json,2026-07-16,,0,3a9da97d
https://raw.githubusercontent.com/algorandfoundation/puya-ts/HEAD/tests/approvals/out/o1/global-map/TestGlobalMap.arc56.json,2026-07-16,,0,a0fd7ef3
https://raw.githubusercontent.com/algorandfoundation/puya-ts/HEAD/tests/approvals/out/o1/global-map/TestGlobalMapTuple.arc56.json,2026-07-16,,0,219fbc06
https://raw.githubusercontent.com/algorandfoundation/puya-ts/HEAD/tests/approvals/out/o1/global-state/TestArc4.arc56.json,2026-07-16,,0,f071b9c1
https://raw.githubusercontent.com/algorandfoundation/puya-ts/HEAD/tests/approvals/out/o1/global-state/TestTuple.arc56.json,2026-07-16,,0,5b5c0d81
https://raw.githubusercontent.com/algorandfoundation/puya-ts/HEAD/tests/approvals/out/o1/gtxns/GtxnsAlgo.arc56.json,2026-07-16,,0,932fa0e5
https://raw.githubusercontent.com/algorandfoundation/puya-ts/HEAD/tests/approvals/out/o1/implicit-create/BaseWithAbiCreate.arc56.json,2026-07-16,,0,c5474850
https://raw.githubusercontent.com/algorandfoundation/puya-ts/HEAD/tests/approvals/out/o1/implicit-create/BaseWithBareCreate.arc56.json,2026-07-16,,0,fd7d44a9
https://raw.githubusercontent.com/algorandfoundation/puya-ts/HEAD/tests/approvals/out/o1/implicit-create/ExplicitAbiCreateFromBase.arc56.json,2026-07-16,,0,cc8f71a5
https://raw.githubusercontent.com/algorandfoundation/puya-ts/HEAD/tests/approvals/out/o1/implicit-create/ExplicitBareCreateFromBase.arc56.json,2026-07-16,,0,5ffd51d5
https://raw.githubusercontent.com/algorandfoundation/puya-ts/HEAD/tests/approvals/out/o1/implicit-create/NoBare.arc56.json,2026-07-16,,0,f06ab27a
https://raw.githubusercontent.com/algorandfoundation/puya-ts/HEAD/tests/approvals/out/o1/implicit-create/NoNoOp.arc56.json,2026-07-16,,0,1385837b
https://raw.githubusercontent.com/algorandfoundation/puya-ts/HEAD/tests/approvals/out/o1/inheritance-b/ConcreteArc4Contract.arc56.json,2026-07-16,,0,96261e2b
https://raw.githubusercontent.com/algorandfoundation/puya-ts/HEAD/tests/approvals/out/o1/itxn-compose/ItxnComposeAlgo.arc56.json,2026-07-16,,0,cb1c48fb
https://raw.githubusercontent.com/algorandfoundation/puya-ts/HEAD/tests/approvals/out/o1/itxn-compose/VerifierContract.arc56.json,2026-07-16,,0,b127a0a0
https://raw.githubusercontent.com/algorandfoundation/puya-ts/HEAD/tests/approvals/out/o1/itxn/ItxnDemoContract.arc56.json,2026-07-16,,0,c7cd7f6d
https://raw.githubusercontent.com/algorandfoundation/puya-ts/HEAD/tests/approvals/out/o1/itxn/ItxnReceiver.arc56.json,2026-07-16,,0,8e72ea6b
https://raw.githubusercontent.com/algorandfoundation/puya-ts/HEAD/tests/approvals/out/o1/jsdoc/JSDocDemo.arc56.json,2026-07-16,,0,9dc9818b
https://raw.githubusercontent.com/algorandfoundation/puya-ts/HEAD/tests/approvals/out/o1/large-objects-in-state/LargeObjectsInStateAlgo.arc56.json,2026-07-16,,0,8d66b773
https://raw.githubusercontent.com/algorandfoundation/puya-ts/HEAD/tests/approvals/out/o1/local-map/TestLocalMap.arc56.json,2026-07-16,,0,0a4d8a00
https://raw.githubusercontent.com/algorandfoundation/puya-ts/HEAD/tests/approvals/out/o1/local-map/TestLocalMapTuple.arc56.json,2026-07-16,,0,3a44176b
https://raw.githubusercontent.com/algorandfoundation/puya-ts/HEAD/tests/approvals/out/o1/local-state/LocalStateDemo.arc56.json,2026-07-16,,0,4417ba7c
https://raw.githubusercontent.com/algorandfoundation/puya-ts/HEAD/tests/approvals/out/o1/logged-errors-warnings/LoggedErrorsWarningsContract.arc56.json,2026-07-16,,0,a6537e35
https://raw.githubusercontent.com/algorandfoundation/puya-ts/HEAD/tests/approvals/out/o1/logged-errors/LoggedErrorsValidContract.arc56.json,2026-07-16,,0,4cabfea1
https://raw.githubusercontent.com/algorandfoundation/puya-ts/HEAD/tests/approvals/out/o1/match-expr/MatchExprAlgo.arc56.json,2026-07-16,,0,281afdaa
https://raw.githubusercontent.com/algorandfoundation/puya-ts/HEAD/tests/approvals/out/o1/module-constants/ModuleConstantsAlgo.arc56.json,2026-07-16,,0,b240742a
https://raw.githubusercontent.com/algorandfoundation/puya-ts/HEAD/tests/approvals/out/o1/multi-inheritance-2/StoreBoth.arc56.json,2026-07-16,,0,3433582f
https://raw.githubusercontent.com/algorandfoundation/puya-ts/HEAD/tests/approvals/out/o1/multi-inheritance-2/StoreString.arc56.json,2026-07-16,,0,2b2094cd
https://raw.githubusercontent.com/algorandfoundation/puya-ts/HEAD/tests/approvals/out/o1/multi-inheritance-2/StoreUint64.arc56.json,2026-07-16,,0,76d23ded
https://raw.githubusercontent.com/algorandfoundation/puya-ts/HEAD/tests/approvals/out/o1/multi-inheritance/AbiCallMultiInheritance.arc56.json,2026-07-16,,0,9aac00ac
https://raw.githubusercontent.com/algorandfoundation/puya-ts/HEAD/tests/approvals/out/o1/multi-inheritance/BaseOne.arc56.json,2026-07-16,,0,bbdbf25a
https://raw.githubusercontent.com/algorandfoundation/puya-ts/HEAD/tests/approvals/out/o1/multi-inheritance/BaseTwo.arc56.json,2026-07-16,,0,797dd14e
https://raw.githubusercontent.com/algorandfoundation/puya-ts/HEAD/tests/approvals/out/o1/multi-inheritance/CommonBase.arc56.json,2026-07-16,,0,fe55a515
https://raw.githubusercontent.com/algorandfoundation/puya-ts/HEAD/tests/approvals/out/o1/multi-inheritance/MultiBases.arc56.json,2026-07-16,,0,76bc8e31
https://raw.githubusercontent.com/algorandfoundation/puya-ts/HEAD/tests/approvals/out/o1/mutable-object/MutableObjectDemo.arc56.json,2026-07-16,,0,cac12627
https://raw.githubusercontent.com/algorandfoundation/puya-ts/HEAD/tests/approvals/out/o1/named-types/MyContract.arc56.json,2026-07-16,,0,67b7bc81
https://raw.githubusercontent.com/algorandfoundation/puya-ts/HEAD/tests/approvals/out/o1/native-arrays/NativeArraysAlgo.arc56.json,2026-07-16,,0,660ac19e
https://raw.githubusercontent.com/algorandfoundation/puya-ts/HEAD/tests/approvals/out/o1/object-destructuring/ObjectDestructuringAlgo.arc56.json,2026-07-16,,0,05125ee4
https://raw.githubusercontent.com/algorandfoundation/puya-ts/HEAD/tests/approvals/out/o1/object-literals/ObjectLiteralsAlgo.arc56.json,2026-07-16,,0,91eb98bf
https://raw.githubusercontent.com/algorandfoundation/puya-ts/HEAD/tests/approvals/out/o1/object-passthrough/DescSameContract.arc56.json,2026-07-16,,0,a31496c9
https://raw.githubusercontent.com/algorandfoundation/puya-ts/HEAD/tests/approvals/out/o1/object-passthrough/FieldDocMismatchContract.arc56.json,2026-07-16,,0,d271675f
https://raw.githubusercontent.com/algorandfoundation/puya-ts/HEAD/tests/approvals/out/o1/object-passthrough/TypeLevelDocMismatchContract.arc56.json,2026-07-16,,0,c1cc679f
https://raw.githubusercontent.com/algorandfoundation/puya-ts/HEAD/tests/approvals/out/o1/ops/MyContract.arc56.json,2026-07-16,,0,7bd5e2f6
https://raw.githubusercontent.com/algorandfoundation/puya-ts/HEAD/tests/approvals/out/o1/precompiled-apps/Hello.arc56.json,2026-07-16,,0,ae10ede5
https://raw.githubusercontent.com/algorandfoundation/puya-ts/HEAD/tests/approvals/out/o1/precompiled-apps/HelloTemplate.arc56.json,2026-07-16,,0,d9df2038
https://raw.githubusercontent.com/algorandfoundation/puya-ts/HEAD/tests/approvals/out/o1/precompiled-apps/HelloTemplateCustomPrefix.arc56.json,2026-07-16,,0,d2948d51
https://raw.githubusercontent.com/algorandfoundation/puya-ts/HEAD/tests/approvals/out/o1/precompiled-apps/LargeProgram.arc56.json,2026-07-16,,0,7f661c0e
https://raw.githubusercontent.com/algorandfoundation/puya-ts/HEAD/tests/approvals/out/o1/precompiled-apps/ReceivesReferenceTypes.arc56.json,2026-07-16,,0,ff57c92f
https://raw.githubusercontent.com/algorandfoundation/puya-ts/HEAD/tests/approvals/out/o1/precompiled-apps/ReceivesTxns.arc56.json,2026-07-16,,0,bd107be2
https://raw.githubusercontent.com/algorandfoundation/puya-ts/HEAD/tests/approvals/out/o1/precompiled-factory/HelloFactory.arc56.json,2026-07-16,,0,69c17a6b
https://raw.githubusercontent.com/algorandfoundation/puya-ts/HEAD/tests/approvals/out/o1/precompiled-typed/HelloFactory.arc56.json,2026-07-16,,0,37f46346
https://raw.githubusercontent.com/algorandfoundation/puya-ts/HEAD/tests/approvals/out/o1/prefix-postfix-operators/DemoContract.arc56.json,2026-07-16,,0,c151a831
https://raw.githubusercontent.com/algorandfoundation/puya-ts/HEAD/tests/approvals/out/o1/reference-arrays/ReferenceArraysAlgo.arc56.json,2026-07-16,,0,44054652
https://raw.githubusercontent.com/algorandfoundation/puya-ts/HEAD/tests/approvals/out/o1/resource-encoding/ByIndex.arc56.json,2026-07-16,,0,1925a348
https://raw.githubusercontent.com/algorandfoundation/puya-ts/HEAD/tests/approvals/out/o1/resource-encoding/ByValue.arc56.json,2026-07-16,,0,83503f2e
https://raw.githubusercontent.com/algorandfoundation/puya-ts/HEAD/tests/approvals/out/o1/resource-encoding/C2C.arc56.json,2026-07-16,,0,42a6efc5
https://raw.githubusercontent.com/algorandfoundation/puya-ts/HEAD/tests/approvals/out/o1/resource-encoding/EchoResource.arc56.json,2026-07-16,,0,1980a1f0
https://raw.githubusercontent.com/algorandfoundation/puya-ts/HEAD/tests/approvals/out/o1/single-eval/SingleEvalAlgo.arc56.json,2026-07-16,,0,719f05e0
https://raw.githubusercontent.com/algorandfoundation/puya-ts/HEAD/tests/approvals/out/o1/state-totals/BaseWithState.arc56.json,2026-07-16,,0,bfefdeb9
https://raw.githubusercontent.com/algorandfoundation/puya-ts/HEAD/tests/approvals/out/o1/state-totals/ExtendsSubWithTotals.arc56.json,2026-07-16,,0,4530a301
https://raw.githubusercontent.com/algorandfoundation/puya-ts/HEAD/tests/approvals/out/o1/state-totals/SubClassWithExplicitTotals.arc56.json,2026-07-16,,0,ead092ad
https://raw.githubusercontent.com/algorandfoundation/puya-ts/HEAD/tests/approvals/out/o1/state-totals/SubClassWithState.arc56.json,2026-07-16,,0,2fd2551f
https://raw.githubusercontent.com/algorandfoundation/puya-ts/HEAD/tests/approvals/out/o1/static-bytes/StaticBytesAlgo.arc56.json,2026-07-16,,0,6c0fa048
https://raw.githubusercontent.com/algorandfoundation/puya-ts/HEAD/tests/approvals/out/o1/strings/StringContract.arc56.json,2026-07-16,,0,40e4bc21
https://raw.githubusercontent.com/algorandfoundation/puya-ts/HEAD/tests/approvals/out/o1/switch-statements/DemoContract.arc56.json,2026-07-16,,0,e0e2ade3
https://raw.githubusercontent.com/algorandfoundation/puya-ts/HEAD/tests/approvals/out/o1/teal-script-conventions/TealScriptConventionsAlgo.arc56.json,2026-07-16,,0,ce587d87
https://raw.githubusercontent.com/algorandfoundation/puya-ts/HEAD/tests/approvals/out/o1/template-var/MyContract.arc56.json,2026-07-16,,0,f92a26b4
https://raw.githubusercontent.com/algorandfoundation/puya-ts/HEAD/tests/approvals/out/o1/tuples/TuplesAlgo.arc56.json,2026-07-16,,0,69ec8222
https://raw.githubusercontent.com/algorandfoundation/puya-ts/HEAD/tests/approvals/out/o1/uint64-to-string/Uint64ToStringAlgo.arc56.json,2026-07-16,,0,d5271081
https://raw.githubusercontent.com/algorandfoundation/puya-ts/HEAD/tests/approvals/out/o1/urange/UrangeAlgo.arc56.json,2026-07-16,,0,9de068e4
https://raw.githubusercontent.com/algorandfoundation/puya-ts/HEAD/tests/approvals/out/o1/while-loops/DemoContract.arc56.json,2026-07-16,,0,16f122ac
https://raw.githubusercontent.com/algorandfoundation/puya-ts/HEAD/tests/approvals/out/o2/abi-decorators/AbiDecorators.arc56.json,2026-07-16,,0,5dd5e95c
https://raw.githubusercontent.com/algorandfoundation/puya-ts/HEAD/tests/approvals/out/o2/abi-decorators/BaseAbi.arc56.json,2026-07-16,,0,5b710460
https://raw.githubusercontent.com/algorandfoundation/puya-ts/HEAD/tests/approvals/out/o2/abi-decorators/OverloadedMethods.arc56.json,2026-07-16,,0,dd1d3757
https://raw.githubusercontent.com/algorandfoundation/puya-ts/HEAD/tests/approvals/out/o2/abi-decorators/SubAbi.arc56.json,2026-07-16,,0,8512afcd
https://raw.githubusercontent.com/algorandfoundation/puya-ts/HEAD/tests/approvals/out/o2/abi-decorators/SubAbi2.arc56.json,2026-07-16,,0,5f9bb246
https://raw.githubusercontent.com/algorandfoundation/puya-ts/HEAD/tests/approvals/out/o2/abi-validation-exhaustive/AbiValidationExhaustive.arc56.json,2026-07-16,,0,3b45ec30
https://raw.githubusercontent.com/algorandfoundation/puya-ts/HEAD/tests/approvals/out/o2/abi-validation-exhaustive/InvalidContract.arc56.json,2026-07-16,,0,9c610b71
https://raw.githubusercontent.com/algorandfoundation/puya-ts/HEAD/tests/approvals/out/o2/abi-validation/AbiValidationAlgo.arc56.json,2026-07-16,,0,9f11c939
https://raw.githubusercontent.com/algorandfoundation/puya-ts/HEAD/tests/approvals/out/o2/accounts/AccountsContract.arc56.json,2026-07-16,,0,ac7fc729
https://raw.githubusercontent.com/algorandfoundation/puya-ts/HEAD/tests/approvals/out/o2/arc-28-events/EventEmitter.arc56.json,2026-07-16,,0,9634b513
https://raw.githubusercontent.com/algorandfoundation/puya-ts/HEAD/tests/approvals/out/o2/arc4-bool/Arc4BoolAlgo.arc56.json,2026-07-16,,0,a60981a1
https://raw.githubusercontent.com/algorandfoundation/puya-ts/HEAD/tests/approvals/out/o2/arc4-clone/Arc4CloneAlgo.arc56.json,2026-07-16,,0,f632ccad
https://raw.githubusercontent.com/algorandfoundation/puya-ts/HEAD/tests/approvals/out/o2/arc4-encode-decode/Arc4EncodeDecode.arc56.json,2026-07-16,,0,bc355b43
https://raw.githubusercontent.com/algorandfoundation/puya-ts/HEAD/tests/approvals/out/o2/arc4-hybrid/Arc4HybridAlgo.arc56.json,2026-07-16,,0,db73b308
https://raw.githubusercontent.com/algorandfoundation/puya-ts/HEAD/tests/approvals/out/o2/arc4-method-selector/ContractOne.arc56.json,2026-07-16,,0,7cd754a0
https://raw.githubusercontent.com/algorandfoundation/puya-ts/HEAD/tests/approvals/out/o2/arc4-method-selector/ContractTwo.arc56.json,2026-07-16,,0,501cde4a
https://raw.githubusercontent.com/algorandfoundation/puya-ts/HEAD/tests/approvals/out/o2/arc4-struct/StructDemo.arc56.json,2026-07-16,,0,54696b52
https://raw.githubusercontent.com/algorandfoundation/puya-ts/HEAD/tests/approvals/out/o2/array-destructuring/ArrayDestructuringAlgo.arc56.json,2026-07-16,,0,792e83eb
https://raw.githubusercontent.com/algorandfoundation/puya-ts/HEAD/tests/approvals/out/o2/array-literals/ArrayLiteralsAlgo.arc56.json,2026-07-16,,0,ce99a938
https://raw.githubusercontent.com/algorandfoundation/puya-ts/HEAD/tests/approvals/out/o2/assert-match/AssertMatchContract.arc56.json,2026-07-16,,0,61fd5436
https://raw.githubusercontent.com/algorandfoundation/puya-ts/HEAD/tests/approvals/out/o2/asset-proxy/AssetProxyAlgo.arc56.json,2026-07-16,,0,4737340a
https://raw.githubusercontent.com/algorandfoundation/puya-ts/HEAD/tests/approvals/out/o2/assignments/AssignmentsAlgo.arc56.json,2026-07-16,,0,44ca5624
https://raw.githubusercontent.com/algorandfoundation/puya-ts/HEAD/tests/approvals/out/o2/avm11/AVM11Contract.arc56.json,2026-07-16,,0,6cd4d9bf
https://raw.githubusercontent.com/algorandfoundation/puya-ts/HEAD/tests/approvals/out/o2/avm12/Avm12Contract.arc56.json,2026-07-16,,0,720fb875
https://raw.githubusercontent.com/algorandfoundation/puya-ts/HEAD/tests/approvals/out/o2/avm12/ContractV0.arc56.json,2026-07-16,,0,b054c454
https://raw.githubusercontent.com/algorandfoundation/puya-ts/HEAD/tests/approvals/out/o2/avm12/ContractV1.arc56.json,2026-07-16,,0,205af6e2
https://raw.githubusercontent.com/algorandfoundation/puya-ts/HEAD/tests/approvals/out/o2/box-enum-contract/BoxContract.arc56.json,2026-07-16,,0,3658c4b1
https://raw.githubusercontent.com/algorandfoundation/puya-ts/HEAD/tests/approvals/out/o2/box-proxies/Arc4BoxContract.arc56.json,2026-07-16,,0,0eab2b63
https://raw.githubusercontent.com/algorandfoundation/puya-ts/HEAD/tests/approvals/out/o2/box-proxies/BoxCreate.arc56.json,2026-07-16,,0,2715203f
https://raw.githubusercontent.com/algorandfoundation/puya-ts/HEAD/tests/approvals/out/o2/box-proxies/BoxMapTest.arc56.json,2026-07-16,,0,1c680f08
https://raw.githubusercontent.com/algorandfoundation/puya-ts/HEAD/tests/approvals/out/o2/box-proxies/BoxToRefTest.arc56.json,2026-07-16,,0,61ed6a92
https://raw.githubusercontent.com/algorandfoundation/puya-ts/HEAD/tests/approvals/out/o2/box-proxies/CompositeKeyTest.arc56.json,2026-07-16,,0,24f08c8b
https://raw.githubusercontent.com/algorandfoundation/puya-ts/HEAD/tests/approvals/out/o2/box-proxies/LargeBox.arc56.json,2026-07-16,,0,080e3cf8
https://raw.githubusercontent.com/algorandfoundation/puya-ts/HEAD/tests/approvals/out/o2/box-proxies/TupleBox.arc56.json,2026-07-16,,0,70bd1b93
https://raw.githubusercontent.com/algorandfoundation/puya-ts/HEAD/tests/approvals/out/o2/byte-expressions/DemoContract.arc56.json,2026-07-16,,0,677265b8
https://raw.githubusercontent.com/algorandfoundation/puya-ts/HEAD/tests/approvals/out/o2/circular-reference-2/ContractTwo.arc56.json,2026-07-16,,0,6c945585
https://raw.githubusercontent.com/algorandfoundation/puya-ts/HEAD/tests/approvals/out/o2/circular-reference/ContractOne.arc56.json,2026-07-16,,0,809ca589
https://raw.githubusercontent.com/algorandfoundation/puya-ts/HEAD/tests/approvals/out/o2/comma-operator/CommaOperatorTest.arc56.json,2026-07-16,,0,725b0a1c
https://raw.githubusercontent.com/algorandfoundation/puya-ts/HEAD/tests/approvals/out/o2/const-literals/ConstLiteralsAlgo.arc56.json,2026-07-16,,0,ac7cc36e
https://raw.githubusercontent.com/algorandfoundation/puya-ts/HEAD/tests/approvals/out/o2/destructured-params/DestructuredParamsAlgo.arc56.json,2026-07-16,,0,8f58e7e6
https://raw.githubusercontent.com/algorandfoundation/puya-ts/HEAD/tests/approvals/out/o2/destructuring-iterators/DestructuringIterators.arc56.json,2026-07-16,,0,1a5b6da4
https://raw.githubusercontent.com/algorandfoundation/puya-ts/HEAD/tests/approvals/out/o2/do-loops/DoLoopsAlgo.arc56.json,2026-07-16,,0,df701176
https://raw.githubusercontent.com/algorandfoundation/puya-ts/HEAD/tests/approvals/out/o2/for-loops/ForLoopsAlgo.arc56.json,2026-07-16,,0,2ecf6383
https://raw.githubusercontent.com/algorandfoundation/puya-ts/HEAD/tests/approvals/out/o2/for-of-loops/ForOfLoopsAlgo.arc56.json,2026-07-16,,0,f3f1eeb4
https://raw.githubusercontent.com/algorandfoundation/puya-ts/HEAD/tests/approvals/out/o2/global-map/TestGlobalMap.arc56.json,2026-07-16,,0,d4b5bcde
https://raw.githubusercontent.com/algorandfoundation/puya-ts/HEAD/tests/approvals/out/o2/global-map/TestGlobalMapTuple.arc56.json,2026-07-16,,0,217e9e5d
https://raw.githubusercontent.com/algorandfoundation/puya-ts/HEAD/tests/approvals/out/o2/global-state/TestArc4.arc56.json,2026-07-16,,0,a86de9e6
https://raw.githubusercontent.com/algorandfoundation/puya-ts/HEAD/tests/approvals/out/o2/global-state/TestTuple.arc56.json,2026-07-16,,0,d6dea59b
https://raw.githubusercontent.com/algorandfoundation/puya-ts/HEAD/tests/approvals/out/o2/gtxns/GtxnsAlgo.arc56.json,2026-07-16,,0,b13b47fd
https://raw.githubusercontent.com/algorandfoundation/puya-ts/HEAD/tests/approvals/out/o2/implicit-create/BaseWithAbiCreate.arc56.json,2026-07-16,,0,26b0f5aa
https://raw.githubusercontent.com/algorandfoundation/puya-ts/HEAD/tests/approvals/out/o2/implicit-create/BaseWithBareCreate.arc56.json,2026-07-16,,0,f0391872
https://raw.githubusercontent.com/algorandfoundation/puya-ts/HEAD/tests/approvals/out/o2/implicit-create/ExplicitAbiCreateFromBase.arc56.json,2026-07-16,,0,6ff783ae
https://raw.githubusercontent.com/algorandfoundation/puya-ts/HEAD/tests/approvals/out/o2/implicit-create/ExplicitBareCreateFromBase.arc56.json,2026-07-16,,0,a9a36974
https://raw.githubusercontent.com/algorandfoundation/puya-ts/HEAD/tests/approvals/out/o2/implicit-create/NoBare.arc56.json,2026-07-16,,0,0f20e43e
https://raw.githubusercontent.com/algorandfoundation/puya-ts/HEAD/tests/approvals/out/o2/implicit-create/NoNoOp.arc56.json,2026-07-16,,0,e15351c3
https://raw.githubusercontent.com/algorandfoundation/puya-ts/HEAD/tests/approvals/out/o2/inheritance-b/ConcreteArc4Contract.arc56.json,2026-07-16,,0,a32cab02
https://raw.githubusercontent.com/algorandfoundation/puya-ts/HEAD/tests/approvals/out/o2/itxn-compose/ItxnComposeAlgo.arc56.json,2026-07-16,,0,48272453
https://raw.githubusercontent.com/algorandfoundation/puya-ts/HEAD/tests/approvals/out/o2/itxn-compose/VerifierContract.arc56.json,2026-07-16,,0,a37b0424
https://raw.githubusercontent.com/algorandfoundation/puya-ts/HEAD/tests/approvals/out/o2/itxn/ItxnDemoContract.arc56.json,2026-07-16,,0,feb9808b
https://raw.githubusercontent.com/algorandfoundation/puya-ts/HEAD/tests/approvals/out/o2/itxn/ItxnReceiver.arc56.json,2026-07-17,,0,abbdfac4
https://raw.githubusercontent.com/algorandfoundation/puya-ts/HEAD/tests/approvals/out/o2/jsdoc/JSDocDemo.arc56.json,2026-07-16,,0,8298490e
https://raw.githubusercontent.com/algorandfoundation/puya-ts/HEAD/tests/approvals/out/o2/large-objects-in-state/LargeObjectsInStateAlgo.arc56.json,2026-07-16,,0,9fde4f29
https://raw.githubusercontent.com/algorandfoundation/puya-ts/HEAD/tests/approvals/out/o2/local-map/TestLocalMap.arc56.json,2026-07-16,,0,add35f04
https://raw.githubusercontent.com/algorandfoundation/puya-ts/HEAD/tests/approvals/out/o2/local-map/TestLocalMapTuple.arc56.json,2026-07-16,,0,cc001b74
https://raw.githubusercontent.com/algorandfoundation/puya-ts/HEAD/tests/approvals/out/o2/local-state/LocalStateDemo.arc56.json,2026-07-16,,0,da9241f8
https://raw.githubusercontent.com/algorandfoundation/puya-ts/HEAD/tests/approvals/out/o2/logged-errors-warnings/LoggedErrorsWarningsContract.arc56.json,2026-07-16,,0,8938d3b0
https://raw.githubusercontent.com/algorandfoundation/puya-ts/HEAD/tests/approvals/out/o2/logged-errors/LoggedErrorsValidContract.arc56.json,2026-07-16,,0,d6c273da
https://raw.githubusercontent.com/algorandfoundation/puya-ts/HEAD/tests/approvals/out/o2/match-expr/MatchExprAlgo.arc56.json,2026-07-16,,0,63c4ddc5
https://raw.githubusercontent.com/algorandfoundation/puya-ts/HEAD/tests/approvals/out/o2/module-constants/ModuleConstantsAlgo.arc56.json,2026-07-16,,0,6766934a
https://raw.githubusercontent.com/algorandfoundation/puya-ts/HEAD/tests/approvals/out/o2/multi-inheritance-2/StoreBoth.arc56.json,2026-07-16,,0,aa69053f
https://raw.githubusercontent.com/algorandfoundation/puya-ts/HEAD/tests/approvals/out/o2/multi-inheritance-2/StoreString.arc56.json,2026-07-16,,0,bcdb2469
https://raw.githubusercontent.com/algorandfoundation/puya-ts/HEAD/tests/approvals/out/o2/multi-inheritance-2/StoreUint64.arc56.json,2026-07-16,,0,f6718697
https://raw.githubusercontent.com/algorandfoundation/puya-ts/HEAD/tests/approvals/out/o2/multi-inheritance/AbiCallMultiInheritance.arc56.json,2026-07-16,,0,90212eff
https://raw.githubusercontent.com/algorandfoundation/puya-ts/HEAD/tests/approvals/out/o2/multi-inheritance/BaseOne.arc56.json,2026-07-17,,0,f30cab2c
https://raw.githubusercontent.com/algorandfoundation/puya-ts/HEAD/tests/approvals/out/o2/multi-inheritance/BaseTwo.arc56.json,2026-07-16,,0,5b556cff
https://raw.githubusercontent.com/algorandfoundation/puya-ts/HEAD/tests/approvals/out/o2/multi-inheritance/CommonBase.arc56.json,2026-07-16,,0,115e10b3
https://raw.githubusercontent.com/algorandfoundation/puya-ts/HEAD/tests/approvals/out/o2/multi-inheritance/MultiBases.arc56.json,2026-07-16,,0,98164840
https://raw.githubusercontent.com/algorandfoundation/puya-ts/HEAD/tests/approvals/out/o2/mutable-object/MutableObjectDemo.arc56.json,2026-07-16,,0,49cbaf0a
https://raw.githubusercontent.com/algorandfoundation/puya-ts/HEAD/tests/approvals/out/o2/named-types/MyContract.arc56.json,2026-07-16,,0,105a576a
https://raw.githubusercontent.com/algorandfoundation/puya-ts/HEAD/tests/approvals/out/o2/native-arrays/NativeArraysAlgo.arc56.json,2026-07-16,,0,a0249cb1
https://raw.githubusercontent.com/algorandfoundation/puya-ts/HEAD/tests/approvals/out/o2/object-destructuring/ObjectDestructuringAlgo.arc56.json,2026-07-16,,0,dd8dbc94
https://raw.githubusercontent.com/algorandfoundation/puya-ts/HEAD/tests/approvals/out/o2/object-literals/ObjectLiteralsAlgo.arc56.json,2026-07-16,,0,03a855f7
https://raw.githubusercontent.com/algorandfoundation/puya-ts/HEAD/tests/approvals/out/o2/object-passthrough/DescSameContract.arc56.json,2026-07-16,,0,a954637e
https://raw.githubusercontent.com/algorandfoundation/puya-ts/HEAD/tests/approvals/out/o2/object-passthrough/FieldDocMismatchContract.arc56.json,2026-07-16,,0,0bb1cc90
https://raw.githubusercontent.com/algorandfoundation/puya-ts/HEAD/tests/approvals/out/o2/object-passthrough/TypeLevelDocMismatchContract.arc56.json,2026-07-16,,0,227befdb
https://raw.githubusercontent.com/algorandfoundation/puya-ts/HEAD/tests/approvals/out/o2/ops/MyContract.arc56.json,2026-07-16,,0,9c04e3e6
https://raw.githubusercontent.com/algorandfoundation/puya-ts/HEAD/tests/approvals/out/o2/precompiled-apps/Hello.arc56.json,2026-07-16,,0,d51e02b7
https://raw.githubusercontent.com/algorandfoundation/puya-ts/HEAD/tests/approvals/out/o2/precompiled-apps/HelloTemplate.arc56.json,2026-07-16,,0,926ca632
https://raw.githubusercontent.com/algorandfoundation/puya-ts/HEAD/tests/approvals/out/o2/precompiled-apps/HelloTemplateCustomPrefix.arc56.json,2026-07-16,,0,6b9bca30
https://raw.githubusercontent.com/algorandfoundation/puya-ts/HEAD/tests/approvals/out/o2/precompiled-apps/LargeProgram.arc56.json,2026-07-16,,0,9404ca08
https://raw.githubusercontent.com/algorandfoundation/puya-ts/HEAD/tests/approvals/out/o2/precompiled-apps/ReceivesReferenceTypes.arc56.json,2026-07-16,,0,e31d3e58
https://raw.githubusercontent.com/algorandfoundation/puya-ts/HEAD/tests/approvals/out/o2/precompiled-apps/ReceivesTxns.arc56.json,2026-07-16,,0,3f7d7cb0
https://raw.githubusercontent.com/algorandfoundation/puya-ts/HEAD/tests/approvals/out/o2/precompiled-factory/HelloFactory.arc56.json,2026-07-16,,0,006e854a
https://raw.githubusercontent.com/algorandfoundation/puya-ts/HEAD/tests/approvals/out/o2/precompiled-typed/HelloFactory.arc56.json,2026-07-16,,0,5916621f
https://raw.githubusercontent.com/algorandfoundation/puya-ts/HEAD/tests/approvals/out/o2/prefix-postfix-operators/DemoContract.arc56.json,2026-07-16,,0,e2f18cb8
https://raw.githubusercontent.com/algorandfoundation/puya-ts/HEAD/tests/approvals/out/o2/reference-arrays/ReferenceArraysAlgo.arc56.json,2026-07-16,,0,81ef0111
https://raw.githubusercontent.com/algorandfoundation/puya-ts/HEAD/tests/approvals/out/o2/resource-encoding/ByIndex.arc56.json,2026-07-16,,0,9ca769a7
https://raw.githubusercontent.com/algorandfoundation/puya-ts/HEAD/tests/approvals/out/o2/resource-encoding/ByValue.arc56.json,2026-07-16,,0,e7e07e54
https://raw.githubusercontent.com/algorandfoundation/puya-ts/HEAD/tests/approvals/out/o2/resource-encoding/C2C.arc56.json,2026-07-16,,0,1124354e
https://raw.githubusercontent.com/algorandfoundation/puya-ts/HEAD/tests/approvals/out/o2/resource-encoding/EchoResource.arc56.json,2026-07-16,,0,ed3a0cd3
https://raw.githubusercontent.com/algorandfoundation/puya-ts/HEAD/tests/approvals/out/o2/single-eval/SingleEvalAlgo.arc56.json,2026-07-16,,0,985ab8ed
https://raw.githubusercontent.com/algorandfoundation/puya-ts/HEAD/tests/approvals/out/o2/state-totals/BaseWithState.arc56.json,2026-07-16,,0,5432d4e3
https://raw.githubusercontent.com/algorandfoundation/puya-ts/HEAD/tests/approvals/out/o2/state-totals/ExtendsSubWithTotals.arc56.json,2026-07-16,,0,10d13077
https://raw.githubusercontent.com/algorandfoundation/puya-ts/HEAD/tests/approvals/out/o2/state-totals/SubClassWithExplicitTotals.arc56.json,2026-07-16,,0,106c0e4a
https://raw.githubusercontent.com/algorandfoundation/puya-ts/HEAD/tests/approvals/out/o2/state-totals/SubClassWithState.arc56.json,2026-07-16,,0,aa5bfd52
https://raw.githubusercontent.com/algorandfoundation/puya-ts/HEAD/tests/approvals/out/o2/static-bytes/StaticBytesAlgo.arc56.json,2026-07-16,,0,13e5536d
https://raw.githubusercontent.com/algorandfoundation/puya-ts/HEAD/tests/approvals/out/o2/strings/StringContract.arc56.json,2026-07-16,,0,6c5daeab
https://raw.githubusercontent.com/algorandfoundation/puya-ts/HEAD/tests/approvals/out/o2/switch-statements/DemoContract.arc56.json,2026-07-16,,0,52aad3d7
https://raw.githubusercontent.com/algorandfoundation/puya-ts/HEAD/tests/approvals/out/o2/teal-script-conventions/TealScriptConventionsAlgo.arc56.json,2026-07-16,,0,fb784ba0
https://raw.githubusercontent.com/algorandfoundation/puya-ts/HEAD/tests/approvals/out/o2/template-var/MyContract.arc56.json,2026-07-16,,0,707738df
https://raw.githubusercontent.com/algorandfoundation/puya-ts/HEAD/tests/approvals/out/o2/tuples/TuplesAlgo.arc56.json,2026-07-16,,0,a566f32e
https://raw.githubusercontent.com/algorandfoundation/puya-ts/HEAD/tests/approvals/out/o2/uint64-to-string/Uint64ToStringAlgo.arc56.json,2026-07-16,,0,1f2ff27b
https://raw.githubusercontent.com/algorandfoundation/puya-ts/HEAD/tests/approvals/out/o2/urange/UrangeAlgo.arc56.json,2026-07-16,,0,13f52371
https://raw.githubusercontent.com/algorandfoundation/puya-ts/HEAD/tests/approvals/out/o2/while-loops/DemoContract.arc56.json,2026-07-16,,0,1104cef3
https://raw.githubusercontent.com/algorandfoundation/puya-ts/HEAD/tests/approvals/out/unoptimized/abi-decorators/AbiDecorators.arc56.json,2026-07-16,,0,ad07fb59
https://raw.githubusercontent.com/algorandfoundation/puya-ts/HEAD/tests/approvals/out/unoptimized/abi-decorators/BaseAbi.arc56.json,2026-07-16,,0,c5641753
https://raw.githubusercontent.com/algorandfoundation/puya-ts/HEAD/tests/approvals/out/unoptimized/abi-decorators/OverloadedMethods.arc56.json,2026-07-16,,0,342e86f6
https://raw.githubusercontent.com/algorandfoundation/puya-ts/HEAD/tests/approvals/out/unoptimized/abi-decorators/SubAbi.arc56.json,2026-07-16,,0,72d5fa1d
https://raw.githubusercontent.com/algorandfoundation/puya-ts/HEAD/tests/approvals/out/unoptimized/abi-decorators/SubAbi2.arc56.json,2026-07-16,,0,f105d4a6
https://raw.githubusercontent.com/algorandfoundation/puya-ts/HEAD/tests/approvals/out/unoptimized/abi-validation-exhaustive/AbiValidationExhaustive.arc56.json,2026-07-16,,0,f6595f84
https://raw.githubusercontent.com/algorandfoundation/puya-ts/HEAD/tests/approvals/out/unoptimized/abi-validation-exhaustive/InvalidContract.arc56.json,2026-07-16,,0,58c148f3
https://raw.githubusercontent.com/algorandfoundation/puya-ts/HEAD/tests/approvals/out/unoptimized/abi-validation/AbiValidationAlgo.arc56.json,2026-07-16,,0,f63be1b1
https://raw.githubusercontent.com/algorandfoundation/puya-ts/HEAD/tests/approvals/out/unoptimized/accounts/AccountsContract.arc56.json,2026-07-16,,0,b296166a
https://raw.githubusercontent.com/algorandfoundation/puya-ts/HEAD/tests/approvals/out/unoptimized/arc-28-events/EventEmitter.arc56.json,2026-07-16,,0,ade2004a
https://raw.githubusercontent.com/algorandfoundation/puya-ts/HEAD/tests/approvals/out/unoptimized/arc4-bool/Arc4BoolAlgo.arc56.json,2026-07-16,,0,b1bffa27
https://raw.githubusercontent.com/algorandfoundation/puya-ts/HEAD/tests/approvals/out/unoptimized/arc4-clone/Arc4CloneAlgo.arc56.json,2026-07-16,,0,8694a9e3
https://raw.githubusercontent.com/algorandfoundation/puya-ts/HEAD/tests/approvals/out/unoptimized/arc4-encode-decode/Arc4EncodeDecode.arc56.json,2026-07-16,,0,27d608e1
https://raw.githubusercontent.com/algorandfoundation/puya-ts/HEAD/tests/approvals/out/unoptimized/arc4-hybrid/Arc4HybridAlgo.arc56.json,2026-07-16,,0,e8e01ae2
https://raw.githubusercontent.com/algorandfoundation/puya-ts/HEAD/tests/approvals/out/unoptimized/arc4-method-selector/ContractOne.arc56.json,2026-07-16,,0,bd052ef9
https://raw.githubusercontent.com/algorandfoundation/puya-ts/HEAD/tests/approvals/out/unoptimized/arc4-method-selector/ContractTwo.arc56.json,2026-07-16,,0,b7246a81
https://raw.githubusercontent.com/algorandfoundation/puya-ts/HEAD/tests/approvals/out/unoptimized/arc4-struct/StructDemo.arc56.json,2026-07-16,,0,ac2d566f
https://raw.githubusercontent.com/algorandfoundation/puya-ts/HEAD/tests/approvals/out/unoptimized/array-destructuring/ArrayDestructuringAlgo.arc56.json,2026-07-16,,0,8b7fb552
https://raw.githubusercontent.com/algorandfoundation/puya-ts/HEAD/tests/approvals/out/unoptimized/array-literals/ArrayLiteralsAlgo.arc56.json,2026-07-16,,0,f05ce4ca
https://raw.githubusercontent.com/algorandfoundation/puya-ts/HEAD/tests/approvals/out/unoptimized/assert-match/AssertMatchContract.arc56.json,2026-07-16,,0,053f4d04
https://raw.githubusercontent.com/algorandfoundation/puya-ts/HEAD/tests/approvals/out/unoptimized/asset-proxy/AssetProxyAlgo.arc56.json,2026-07-16,,0,3ad75eb5
https://raw.githubusercontent.com/algorandfoundation/puya-ts/HEAD/tests/approvals/out/unoptimized/assignments/AssignmentsAlgo.arc56.json,2026-07-16,,0,3f1158bd
https://raw.githubusercontent.com/algorandfoundation/puya-ts/HEAD/tests/approvals/out/unoptimized/avm11/AVM11Contract.arc56.json,2026-07-16,,0,07232dd9
https://raw.githubusercontent.com/algorandfoundation/puya-ts/HEAD/tests/approvals/out/unoptimized/avm12/Avm12Contract.arc56.json,2026-07-16,,0,85ba08c3
https://raw.githubusercontent.com/algorandfoundation/puya-ts/HEAD/tests/approvals/out/unoptimized/avm12/ContractV0.arc56.json,2026-07-16,,0,d67785b3
https://raw.githubusercontent.com/algorandfoundation/puya-ts/HEAD/tests/approvals/out/unoptimized/avm12/ContractV1.arc56.json,2026-07-16,,0,3d650326
https://raw.githubusercontent.com/algorandfoundation/puya-ts/HEAD/tests/approvals/out/unoptimized/box-enum-contract/BoxContract.arc56.json,2026-07-16,,0,55f71f21
https://raw.githubusercontent.com/algorandfoundation/puya-ts/HEAD/tests/approvals/out/unoptimized/box-proxies/Arc4BoxContract.arc56.json,2026-07-16,,0,aa596c46
https://raw.githubusercontent.com/algorandfoundation/puya-ts/HEAD/tests/approvals/out/unoptimized/box-proxies/BoxCreate.arc56.json,2026-07-16,,0,099f64cd
https://raw.githubusercontent.com/algorandfoundation/puya-ts/HEAD/tests/approvals/out/unoptimized/box-proxies/BoxMapTest.arc56.json,2026-07-16,,0,4aca371f
https://raw.githubusercontent.com/algorandfoundation/puya-ts/HEAD/tests/approvals/out/unoptimized/box-proxies/BoxToRefTest.arc56.json,2026-07-16,,0,7b0d116a
https://raw.githubusercontent.com/algorandfoundation/puya-ts/HEAD/tests/approvals/out/unoptimized/box-proxies/CompositeKeyTest.arc56.json,2026-07-16,,0,a8aad738
https://raw.githubusercontent.com/algorandfoundation/puya-ts/HEAD/tests/approvals/out/unoptimized/box-proxies/LargeBox.arc56.json,2026-07-16,,0,a89fbc02
https://raw.githubusercontent.com/algorandfoundation/puya-ts/HEAD/tests/approvals/out/unoptimized/box-proxies/TupleBox.arc56.json,2026-07-16,,0,e6557dd2
https://raw.githubusercontent.com/algorandfoundation/puya-ts/HEAD/tests/approvals/out/unoptimized/byte-expressions/DemoContract.arc56.json,2026-07-16,,0,902ca881
https://raw.githubusercontent.com/algorandfoundation/puya-ts/HEAD/tests/approvals/out/unoptimized/circular-reference-2/ContractTwo.arc56.json,2026-07-16,,0,88e4787d
https://raw.githubusercontent.com/algorandfoundation/puya-ts/HEAD/tests/approvals/out/unoptimized/circular-reference/ContractOne.arc56.json,2026-07-16,,0,ca673d4b
https://raw.githubusercontent.com/algorandfoundation/puya-ts/HEAD/tests/approvals/out/unoptimized/comma-operator/CommaOperatorTest.arc56.json,2026-07-16,,0,50c1079f
https://raw.githubusercontent.com/algorandfoundation/puya-ts/HEAD/tests/approvals/out/unoptimized/const-literals/ConstLiteralsAlgo.arc56.json,2026-07-16,,0,cb7c7313
https://raw.githubusercontent.com/algorandfoundation/puya-ts/HEAD/tests/approvals/out/unoptimized/destructured-params/DestructuredParamsAlgo.arc56.json,2026-07-16,,0,f18d81f8
https://raw.githubusercontent.com/algorandfoundation/puya-ts/HEAD/tests/approvals/out/unoptimized/destructuring-iterators/DestructuringIterators.arc56.json,2026-07-16,,0,254b61c9
https://raw.githubusercontent.com/algorandfoundation/puya-ts/HEAD/tests/approvals/out/unoptimized/do-loops/DoLoopsAlgo.arc56.json,2026-07-16,,0,b630c2fb
https://raw.githubusercontent.com/algorandfoundation/puya-ts/HEAD/tests/approvals/out/unoptimized/for-loops/ForLoopsAlgo.arc56.json,2026-07-16,,0,db340365
https://raw.githubusercontent.com/algorandfoundation/puya-ts/HEAD/tests/approvals/out/unoptimized/for-of-loops/ForOfLoopsAlgo.arc56.json,2026-07-16,,0,dfda5f23
https://raw.githubusercontent.com/algorandfoundation/puya-ts/HEAD/tests/approvals/out/unoptimized/global-map/TestGlobalMap.arc56.json,2026-07-16,,0,d9ace1d6
https://raw.githubusercontent.com/algorandfoundation/puya-ts/HEAD/tests/approvals/out/unoptimized/global-map/TestGlobalMapTuple.arc56.json,2026-07-16,,0,2a1b560a
https://raw.githubusercontent.com/algorandfoundation/puya-ts/HEAD/tests/approvals/out/unoptimized/global-state/TestArc4.arc56.json,2026-07-16,,0,4362f095
https://raw.githubusercontent.com/algorandfoundation/puya-ts/HEAD/tests/approvals/out/unoptimized/global-state/TestTuple.arc56.json,2026-07-16,,0,0f9552a3
https://raw.githubusercontent.com/algorandfoundation/puya-ts/HEAD/tests/approvals/out/unoptimized/gtxns/GtxnsAlgo.arc56.json,2026-07-16,,0,6907edc9
https://raw.githubusercontent.com/algorandfoundation/puya-ts/HEAD/tests/approvals/out/unoptimized/implicit-create/BaseWithAbiCreate.arc56.json,2026-07-16,,0,1e6eddf3
https://raw.githubusercontent.com/algorandfoundation/puya-ts/HEAD/tests/approvals/out/unoptimized/implicit-create/BaseWithBareCreate.arc56.json,2026-07-16,,0,10e85982
https://raw.githubusercontent.com/algorandfoundation/puya-ts/HEAD/tests/approvals/out/unoptimized/implicit-create/ExplicitAbiCreateFromBase.arc56.json,2026-07-16,,0,93b74a91
https://raw.githubusercontent.com/algorandfoundation/puya-ts/HEAD/tests/approvals/out/unoptimized/implicit-create/ExplicitBareCreateFromBase.arc56.json,2026-07-16,,0,fb58d596
https://raw.githubusercontent.com/algorandfoundation/puya-ts/HEAD/tests/approvals/out/unoptimized/implicit-create/NoBare.arc56.json,2026-07-16,,0,aeb46ba3
https://raw.githubusercontent.com/algorandfoundation/puya-ts/HEAD/tests/approvals/out/unoptimized/implicit-create/NoNoOp.arc56.json,2026-07-16,,0,2e4fd11b
https://raw.githubusercontent.com/algorandfoundation/puya-ts/HEAD/tests/approvals/out/unoptimized/inheritance-b/ConcreteArc4Contract.arc56.json,2026-07-16,,0,0116f784
https://raw.githubusercontent.com/algorandfoundation/puya-ts/HEAD/tests/approvals/out/unoptimized/itxn-compose/ItxnComposeAlgo.arc56.json,2026-07-16,,0,5f89a25d
https://raw.githubusercontent.com/algorandfoundation/puya-ts/HEAD/tests/approvals/out/unoptimized/itxn-compose/VerifierContract.arc56.json,2026-07-16,,0,2414a41b
https://raw.githubusercontent.com/algorandfoundation/puya-ts/HEAD/tests/approvals/out/unoptimized/itxn/ItxnDemoContract.arc56.json,2026-07-16,,0,752e5071
https://raw.githubusercontent.com/algorandfoundation/puya-ts/HEAD/tests/approvals/out/unoptimized/itxn/ItxnReceiver.arc56.json,2026-07-16,,0,4c38d0d1
https://raw.githubusercontent.com/algorandfoundation/puya-ts/HEAD/tests/approvals/out/unoptimized/jsdoc/JSDocDemo.arc56.json,2026-07-16,,0,dd48ffd7
https://raw.githubusercontent.com/algorandfoundation/puya-ts/HEAD/tests/approvals/out/unoptimized/large-objects-in-state/LargeObjectsInStateAlgo.arc56.json,2026-07-16,,0,072fb3b6
https://raw.githubusercontent.com/algorandfoundation/puya-ts/HEAD/tests/approvals/out/unoptimized/local-map/TestLocalMap.arc56.json,2026-07-16,,0,026458f4
https://raw.githubusercontent.com/algorandfoundation/puya-ts/HEAD/tests/approvals/out/unoptimized/local-map/TestLocalMapTuple.arc56.json,2026-07-16,,0,f0a8dbff
https://raw.githubusercontent.com/algorandfoundation/puya-ts/HEAD/tests/approvals/out/unoptimized/local-state/LocalStateDemo.arc56.json,2026-07-16,,0,ab5dc482
https://raw.githubusercontent.com/algorandfoundation/puya-ts/HEAD/tests/approvals/out/unoptimized/logged-errors-warnings/LoggedErrorsWarningsContract.arc56.json,2026-07-16,,0,a61c0fec
https://raw.githubusercontent.com/algorandfoundation/puya-ts/HEAD/tests/approvals/out/unoptimized/logged-errors/LoggedErrorsValidContract.arc56.json,2026-07-16,,0,4332f315
https://raw.githubusercontent.com/algorandfoundation/puya-ts/HEAD/tests/approvals/out/unoptimized/match-expr/MatchExprAlgo.arc56.json,2026-07-16,,0,ab234d4d
https://raw.githubusercontent.com/algorandfoundation/puya-ts/HEAD/tests/approvals/out/unoptimized/module-constants/ModuleConstantsAlgo.arc56.json,2026-07-16,,0,561bce34
https://raw.githubusercontent.com/algorandfoundation/puya-ts/HEAD/tests/approvals/out/unoptimized/multi-inheritance-2/StoreBoth.arc56.json,2026-07-16,,0,70fcbf6e
https://raw.githubusercontent.com/algorandfoundation/puya-ts/HEAD/tests/approvals/out/unoptimized/multi-inheritance-2/StoreString.arc56.json,2026-07-16,,0,41104775
https://raw.githubusercontent.com/algorandfoundation/puya-ts/HEAD/tests/approvals/out/unoptimized/multi-inheritance-2/StoreUint64.arc56.json,2026-07-16,,0,1d2e6e33
https://raw.githubusercontent.com/algorandfoundation/puya-ts/HEAD/tests/approvals/out/unoptimized/multi-inheritance/AbiCallMultiInheritance.arc56.json,2026-07-16,,0,c0c62025
https://raw.githubusercontent.com/algorandfoundation/puya-ts/HEAD/tests/approvals/out/unoptimized/multi-inheritance/BaseOne.arc56.json,2026-07-16,,0,60b397e2
https://raw.githubusercontent.com/algorandfoundation/puya-ts/HEAD/tests/approvals/out/unoptimized/multi-inheritance/BaseTwo.arc56.json,2026-07-16,,0,46813a0e
https://raw.githubusercontent.com/algorandfoundation/puya-ts/HEAD/tests/approvals/out/unoptimized/multi-inheritance/CommonBase.arc56.json,2026-07-16,,0,835c23e3
https://raw.githubusercontent.com/algorandfoundation/puya-ts/HEAD/tests/approvals/out/unoptimized/multi-inheritance/MultiBases.arc56.json,2026-07-16,,0,5aa1a211
https://raw.githubusercontent.com/algorandfoundation/puya-ts/HEAD/tests/approvals/out/unoptimized/mutable-object/MutableObjectDemo.arc56.json,2026-07-16,,0,45ec41ec
https://raw.githubusercontent.com/algorandfoundation/puya-ts/HEAD/tests/approvals/out/unoptimized/named-types/MyContract.arc56.json,2026-07-16,,0,99e9adaa
https://raw.githubusercontent.com/algorandfoundation/puya-ts/HEAD/tests/approvals/out/unoptimized/native-arrays/NativeArraysAlgo.arc56.json,2026-07-16,,0,a742f8b9
https://raw.githubusercontent.com/algorandfoundation/puya-ts/HEAD/tests/approvals/out/unoptimized/object-destructuring/ObjectDestructuringAlgo.arc56.json,2026-07-16,,0,dcd27df7
https://raw.githubusercontent.com/algorandfoundation/puya-ts/HEAD/tests/approvals/out/unoptimized/object-literals/ObjectLiteralsAlgo.arc56.json,2026-07-16,,0,bff250ea
https://raw.githubusercontent.com/algorandfoundation/puya-ts/HEAD/tests/approvals/out/unoptimized/object-passthrough/DescSameContract.arc56.json,2026-07-16,,0,7b3e4333
https://raw.githubusercontent.com/algorandfoundation/puya-ts/HEAD/tests/approvals/out/unoptimized/object-passthrough/FieldDocMismatchContract.arc56.json,2026-07-16,,0,668543ae
https://raw.githubusercontent.com/algorandfoundation/puya-ts/HEAD/tests/approvals/out/unoptimized/object-passthrough/TypeLevelDocMismatchContract.arc56.json,2026-07-16,,0,e8d55571
https://raw.githubusercontent.com/algorandfoundation/puya-ts/HEAD/tests/approvals/out/unoptimized/ops/MyContract.arc56.json,2026-07-16,,0,84c524e8
https://raw.githubusercontent.com/algorandfoundation/puya-ts/HEAD/tests/approvals/out/unoptimized/precompiled-apps/Hello.arc56.json,2026-07-16,,0,fb01ccfd
https://raw.githubusercontent.com/algorandfoundation/puya-ts/HEAD/tests/approvals/out/unoptimized/precompiled-apps/HelloTemplate.arc56.json,2026-07-16,,0,dd7e4026
https://raw.githubusercontent.com/algorandfoundation/puya-ts/HEAD/tests/approvals/out/unoptimized/precompiled-apps/HelloTemplateCustomPrefix.arc56.json,2026-07-16,,0,9ef3262e
https://raw.githubusercontent.com/algorandfoundation/puya-ts/HEAD/tests/approvals/out/unoptimized/precompiled-apps/LargeProgram.arc56.json,2026-07-16,,0,e3c9c59b
https://raw.githubusercontent.com/algorandfoundation/puya-ts/HEAD/tests/approvals/out/unoptimized/precompiled-apps/ReceivesReferenceTypes.arc56.json,2026-07-16,,0,5f4a04b8
https://raw.githubusercontent.com/algorandfoundation/puya-ts/HEAD/tests/approvals/out/unoptimized/precompiled-apps/ReceivesTxns.arc56.json,2026-07-16,,0,ce12a457
https://raw.githubusercontent.com/algorandfoundation/puya-ts/HEAD/tests/approvals/out/unoptimized/precompiled-factory/HelloFactory.arc56.json,2026-07-16,,0,e6bf8cfc
https://raw.githubusercontent.com/algorandfoundation/puya-ts/HEAD/tests/approvals/out/unoptimized/precompiled-typed/HelloFactory.arc56.json,2026-07-16,,0,39468699
https://raw.githubusercontent.com/algorandfoundation/puya-ts/HEAD/tests/approvals/out/unoptimized/prefix-postfix-operators/DemoContract.arc56.json,2026-07-16,,0,f35ec7e3
https://raw.githubusercontent.com/algorandfoundation/puya-ts/HEAD/tests/approvals/out/unoptimized/reference-arrays/ReferenceArraysAlgo.arc56.json,2026-07-16,,0,5b27d7e9
https://raw.githubusercontent.com/algorandfoundation/puya-ts/HEAD/tests/approvals/out/unoptimized/resource-encoding/ByIndex.arc56.json,2026-07-16,,0,8210c668
https://raw.githubusercontent.com/algorandfoundation/puya-ts/HEAD/tests/approvals/out/unoptimized/resource-encoding/ByValue.arc56.json,2026-07-16,,0,39d4ebb2
https://raw.githubusercontent.com/algorandfoundation/puya-ts/HEAD/tests/approvals/out/unoptimized/resource-encoding/C2C.arc56.json,2026-07-16,,0,ad545e4f
https://raw.githubusercontent.com/algorandfoundation/puya-ts/HEAD/tests/approvals/out/unoptimized/resource-encoding/EchoResource.arc56.json,2026-07-16,,0,50cbac5e
https://raw.githubusercontent.com/algorandfoundation/puya-ts/HEAD/tests/approvals/out/unoptimized/single-eval/SingleEvalAlgo.arc56.json,2026-07-16,,0,20c9994c
https://raw.githubusercontent.com/algorandfoundation/puya-ts/HEAD/tests/approvals/out/unoptimized/state-totals/BaseWithState.arc56.json,2026-07-16,,0,7e1f1d82
https://raw.githubusercontent.com/algorandfoundation/puya-ts/HEAD/tests/approvals/out/unoptimized/state-totals/ExtendsSubWithTotals.arc56.json,2026-07-16,,0,edb8d90f
https://raw.githubusercontent.com/algorandfoundation/puya-ts/HEAD/tests/approvals/out/unoptimized/state-totals/SubClassWithExplicitTotals.arc56.json,2026-07-16,,0,63aa6183
https://raw.githubusercontent.com/algorandfoundation/puya-ts/HEAD/tests/approvals/out/unoptimized/state-totals/SubClassWithState.arc56.json,2026-07-16,,0,4c2ee50d
https://raw.githubusercontent.com/algorandfoundation/puya-ts/HEAD/tests/approvals/out/unoptimized/static-bytes/StaticBytesAlgo.arc56.json,2026-07-16,,0,73f58ecc
https://raw.githubusercontent.com/algorandfoundation/puya-ts/HEAD/tests/approvals/out/unoptimized/strings/StringContract.arc56.json,2026-07-16,,0,1269eeeb
https://raw.githubusercontent.com/algorandfoundation/puya-ts/HEAD/tests/approvals/out/unoptimized/switch-statements/DemoContract.arc56.json,2026-07-16,,0,f55bd84c
https://raw.githubusercontent.com/algorandfoundation/puya-ts/HEAD/tests/approvals/out/unoptimized/teal-script-conventions/TealScriptConventionsAlgo.arc56.json,2026-07-16,,0,b71037e4
https://raw.githubusercontent.com/algorandfoundation/puya-ts/HEAD/tests/approvals/out/unoptimized/template-var/MyContract.arc56.json,2026-07-16,,0,6023acfd
https://raw.githubusercontent.com/algorandfoundation/puya-ts/HEAD/tests/approvals/out/unoptimized/tuples/TuplesAlgo.arc56.json,2026-07-16,,0,dedc56ce
https://raw.githubusercontent.com/algorandfoundation/puya-ts/HEAD/tests/approvals/out/unoptimized/uint64-to-string/Uint64ToStringAlgo.arc56.json,2026-07-16,,0,204abd0a
https://raw.githubusercontent.com/algorandfoundation/puya-ts/HEAD/tests/approvals/out/unoptimized/urange/UrangeAlgo.arc56.json,2026-07-16,,0,66dd4a80
https://raw.githubusercontent.com/algorandfoundation/puya-ts/HEAD/tests/approvals/out/unoptimized/while-loops/DemoContract.arc56.json,2026-07-16,,0,94377c90
https://raw.githubusercontent.com/algorandfoundation/puya/HEAD/examples/amm/out/ConstantProductAMM.arc56.json,2026-07-16,,0,f3cb2384
https://raw.githubusercontent.com/algorandfoundation/puya/HEAD/examples/arc_28/out/EventEmitter.arc56.json,2026-07-16,,0,76b09690
https://raw.githubusercontent.com/algorandfoundation/puya/HEAD/examples/auction/out/Auction.arc56.json,2026-07-16,,0,aa339e90
https://raw.githubusercontent.com/algorandfoundation/puya/HEAD/examples/box_storage/out/BoxContract.arc56.json,2026-07-16,,0,e15db01a
https://raw.githubusercontent.com/algorandfoundation/puya/HEAD/examples/hello_world_arc4/out/HelloWorldContract.arc56.json,2026-07-16,,0,49c04036
https://raw.githubusercontent.com/algorandfoundation/puya/HEAD/examples/merkle/out/MerkleTree.arc56.json,2026-07-16,,0,ce922b77
https://raw.githubusercontent.com/algorandfoundation/puya/HEAD/examples/struct_in_box/out/ExampleContract.arc56.json,2026-07-16,,0,c61bac71
https://raw.githubusercontent.com/algorandfoundation/puya/HEAD/examples/tictactoe/out/TicTacToeContract.arc56.json,2026-07-16,,0,d60662e2
https://raw.githubusercontent.com/algorandfoundation/puya/HEAD/examples/voting/out/VotingRoundApp.arc56.json,2026-07-16,,0,687ce107
https://raw.githubusercontent.com/algorandfoundation/puya/HEAD/test_cases/abi_routing/out/CustomApproval.arc56.json,2026-07-16,,0,8ab6bd7f
https://raw.githubusercontent.com/algorandfoundation/puya/HEAD/test_cases/abi_routing/out/CustomApproval2.arc56.json,2026-07-16,,0,28d7695a
https://raw.githubusercontent.com/algorandfoundation/puya/HEAD/test_cases/abi_routing/out/CustomApproval3.arc56.json,2026-07-16,,0,33545092
https://raw.githubusercontent.com/algorandfoundation/puya/HEAD/test_cases/abi_routing/out/MinimumARC4.arc56.json,2026-07-16,,0,63ef911e
https://raw.githubusercontent.com/algorandfoundation/puya/HEAD/test_cases/abi_routing/out/Reference.arc56.json,2026-07-16,,0,3e8e735f
https://raw.githubusercontent.com/algorandfoundation/puya/HEAD/test_cases/arc4_contract/out/TestContract.arc56.json,2026-07-16,,0,59a3d16e
https://raw.githubusercontent.com/algorandfoundation/puya/HEAD/test_cases/arc4_conversions/out/CheckApp.arc56.json,2026-07-16,,0,1b1a6baa
https://raw.githubusercontent.com/algorandfoundation/puya/HEAD/test_cases/arc4_conversions/out/ReferenceReturn.arc56.json,2026-07-16,,0,97ee94c6
https://raw.githubusercontent.com/algorandfoundation/puya/HEAD/test_cases/arc4_conversions/out/TestContract.arc56.json,2026-07-16,,0,9fdb1fe4
https://raw.githubusercontent.com/algorandfoundation/puya/HEAD/test_cases/arc4_dynamic_arrays/out/DynamicArrayContract.arc56.json,2026-07-16,,0,ccd4823d
https://raw.githubusercontent.com/algorandfoundation/puya/HEAD/test_cases/arc4_signature/out/ContractOne.arc56.json,2026-07-16,,0,870b3a3e
https://raw.githubusercontent.com/algorandfoundation/puya/HEAD/test_cases/arc4_signature/out/ContractTwo.arc56.json,2026-07-16,,0,e0a7d643
https://raw.githubusercontent.com/algorandfoundation/puya/HEAD/test_cases/arc4_types/out/Arc4DynamicStringArrayContract.arc56.json,2026-07-16,,0,2494002f
https://raw.githubusercontent.com/algorandfoundation/puya/HEAD/test_cases/arc4_types/out/MutableParams2.arc56.json,2026-07-16,,0,2c2bdf4e
https://raw.githubusercontent.com/algorandfoundation/puya/HEAD/test_cases/arc4_types/out/UIntOverflow.arc56.json,2026-07-16,,0,392859be
https://raw.githubusercontent.com/algorandfoundation/puya/HEAD/test_cases/arc4_validation/out/ValidationContract.arc56.json,2026-07-16,,0,e5178a19
https://raw.githubusercontent.com/algorandfoundation/puya/HEAD/test_cases/arc_56/out/Contract.arc56.json,2026-07-16,,0,7c955978
https://raw.githubusercontent.com/algorandfoundation/puya/HEAD/test_cases/array/out/AbiCallContract.arc56.json,2026-07-16,,0,2bda6a07
https://raw.githubusercontent.com/algorandfoundation/puya/HEAD/test_cases/array/out/Contract.arc56.json,2026-07-16,,0,542e1992
https://raw.githubusercontent.com/algorandfoundation/puya/HEAD/test_cases/array/out/ImmutableArrayContract.arc56.json,2026-07-16,,0,b0317cbb
https://raw.githubusercontent.com/algorandfoundation/puya/HEAD/test_cases/array/out/ImmutableArrayInitContract.arc56.json,2026-07-16,,0,9f470a54
https://raw.githubusercontent.com/algorandfoundation/puya/HEAD/test_cases/array/out/StaticSizeContract.arc56.json,2026-07-16,,0,b9fc16a2
https://raw.githubusercontent.com/algorandfoundation/puya/HEAD/test_cases/avm_11/out/Contract.arc56.json,2026-07-16,,0,50d9eb20
https://raw.githubusercontent.com/algorandfoundation/puya/HEAD/test_cases/avm_12/out/Contract.arc56.json,2026-07-16,,0,60de8619
https://raw.githubusercontent.com/algorandfoundation/puya/HEAD/test_cases/avm_12/out/ContractV0.arc56.json,2026-07-16,,0,92e478a4
https://raw.githubusercontent.com/algorandfoundation/puya/HEAD/test_cases/avm_12/out/ContractV1.arc56.json,2026-07-16,,0,74e45af3
https://raw.githubusercontent.com/algorandfoundation/puya/HEAD/test_cases/avm_13/out/Contract.arc56.json,2026-07-16,,0,a4124001
https://raw.githubusercontent.com/algorandfoundation/puya/HEAD/test_cases/avm_types_in_abi/out/TestContract.arc56.json,2026-07-16,,0,5444eb4f
https://raw.githubusercontent.com/algorandfoundation/puya/HEAD/test_cases/circular_dependency/out/A.arc56.json,2026-07-16,,0,5cd46157
https://raw.githubusercontent.com/algorandfoundation/puya/HEAD/test_cases/circular_dependency/out/B.arc56.json,2026-07-16,,0,ad247724
https://raw.githubusercontent.com/algorandfoundation/puya/HEAD/test_cases/circular_dependency/out/Factory.arc56.json,2026-07-16,,0,7dddf92e
https://raw.githubusercontent.com/algorandfoundation/puya/HEAD/test_cases/compile/out/Hello.arc56.json,2026-07-16,,0,9f76f428
https://raw.githubusercontent.com/algorandfoundation/puya/HEAD/test_cases/compile/out/HelloBase.arc56.json,2026-07-16,,0,8e0e482a
https://raw.githubusercontent.com/algorandfoundation/puya/HEAD/test_cases/compile/out/HelloFactory.arc56.json,2026-07-16,,0,612aadf0
https://raw.githubusercontent.com/algorandfoundation/puya/HEAD/test_cases/compile/out/HelloOtherConstants.arc56.json,2026-07-16,,0,865ca002
https://raw.githubusercontent.com/algorandfoundation/puya/HEAD/test_cases/compile/out/HelloPrfx.arc56.json,2026-07-16,,0,bfe415dc
https://raw.githubusercontent.com/algorandfoundation/puya/HEAD/test_cases/compile/out/HelloTmpl.arc56.json,2026-07-16,,0,5c7e6bda
https://raw.githubusercontent.com/algorandfoundation/puya/HEAD/test_cases/compile/out/LargeProgram.arc56.json,2026-07-16,,0,95e23237
https://raw.githubusercontent.com/algorandfoundation/puya/HEAD/test_cases/debug/out/DebugContract.arc56.json,2026-07-16,,0,48a2de01
https://raw.githubusercontent.com/algorandfoundation/puya/HEAD/test_cases/diamond_mro/out/Base1.arc56.json,2026-07-16,,0,068a58fe
https://raw.githubusercontent.com/algorandfoundation/puya/HEAD/test_cases/diamond_mro/out/Base2.arc56.json,2026-07-16,,0,7c145e37
https://raw.githubusercontent.com/algorandfoundation/puya/HEAD/test_cases/diamond_mro/out/Derived.arc56.json,2026-07-16,,0,c042ef7f
https://raw.githubusercontent.com/algorandfoundation/puya/HEAD/test_cases/diamond_mro/out/GP.arc56.json,2026-07-16,,0,0acf2b9b
https://raw.githubusercontent.com/algorandfoundation/puya/HEAD/test_cases/dynamic_itxn_group/out/DynamicITxnGroup.arc56.json,2026-07-16,,0,c7191bf2
https://raw.githubusercontent.com/algorandfoundation/puya/HEAD/test_cases/dynamic_itxn_group/out/VerifierContract.arc56.json,2026-07-16,,0,0fdcab0c
https://raw.githubusercontent.com/algorandfoundation/puya/HEAD/test_cases/everything/out/MyContract.arc56.json,2026-07-16,,0,ee10cffd
https://raw.githubusercontent.com/algorandfoundation/puya/HEAD/test_cases/fixed_bytes_ops/out/CheckABIApp.arc56.json,2026-07-16,,0,371b5819
https://raw.githubusercontent.com/algorandfoundation/puya/HEAD/test_cases/fixed_bytes_ops/out/FixedBytesABI.arc56.json,2026-07-16,,0,d3125674
https://raw.githubusercontent.com/algorandfoundation/puya/HEAD/test_cases/global_map/out/GlobalMapAccountStruct.arc56.json,2026-07-16,,0,cdb51e65
https://raw.githubusercontent.com/algorandfoundation/puya/HEAD/test_cases/global_map/out/GlobalMapBytes.arc56.json,2026-07-16,,0,66a90561
https://raw.githubusercontent.com/algorandfoundation/puya/HEAD/test_cases/global_map/out/GlobalMapUInt64.arc56.json,2026-07-16,,0,64344023
https://raw.githubusercontent.com/algorandfoundation/puya/HEAD/test_cases/group_side_effects/out/AppCall.arc56.json,2026-07-16,,0,d1bcf68e
https://raw.githubusercontent.com/algorandfoundation/puya/HEAD/test_cases/group_side_effects/out/AppExpectingEffects.arc56.json,2026-07-16,,0,922ddd5e
https://raw.githubusercontent.com/algorandfoundation/puya/HEAD/test_cases/inlining/out/NeverReturns.arc56.json,2026-07-16,,0,70c5c627
https://raw.githubusercontent.com/algorandfoundation/puya/HEAD/test_cases/inner_transactions/out/ArrayAccessContract.arc56.json,2026-07-16,,0,efc9bf87
https://raw.githubusercontent.com/algorandfoundation/puya/HEAD/test_cases/inner_transactions/out/CreateAndTransferContract.arc56.json,2026-07-16,,0,a2e6bbfa
https://raw.githubusercontent.com/algorandfoundation/puya/HEAD/test_cases/inner_transactions/out/FieldTupleContract.arc56.json,2026-07-16,,0,eb9f2686
https://raw.githubusercontent.com/algorandfoundation/puya/HEAD/test_cases/inner_transactions/out/Greeter.arc56.json,2026-07-16,,0,733f9b88
https://raw.githubusercontent.com/algorandfoundation/puya/HEAD/test_cases/inner_transactions/out/ItxnNamedTuple.arc56.json,2026-07-16,,0,d022e8c3
https://raw.githubusercontent.com/algorandfoundation/puya/HEAD/test_cases/inner_transactions_assignment/out/Contract.arc56.json,2026-07-16,,0,96652789
https://raw.githubusercontent.com/algorandfoundation/puya/HEAD/test_cases/intrinsics/out/Optimizations.arc56.json,2026-07-16,,0,3d7b588d
https://raw.githubusercontent.com/algorandfoundation/puya/HEAD/test_cases/large_box_operations/out/ArrayUInt64.arc56.json,2026-07-16,,0,99e30fa4
https://raw.githubusercontent.com/algorandfoundation/puya/HEAD/test_cases/large_box_operations/out/DynamicOffsetFirst.arc56.json,2026-07-16,,0,546f3008
https://raw.githubusercontent.com/algorandfoundation/puya/HEAD/test_cases/large_box_operations/out/DynamicOffsetLast.arc56.json,2026-07-16,,0,08a660ec
https://raw.githubusercontent.com/algorandfoundation/puya/HEAD/test_cases/large_box_operations/out/DynamicOffsetMiddle.arc56.json,2026-07-16,,0,129d76ff
https://raw.githubusercontent.com/algorandfoundation/puya/HEAD/test_cases/large_box_operations/out/NestedArrayUInt64.arc56.json,2026-07-16,,0,c3d00223
https://raw.githubusercontent.com/algorandfoundation/puya/HEAD/test_cases/large_box_operations/out/NestedItemArrayUInt64.arc56.json,2026-07-16,,0,d4355dec
https://raw.githubusercontent.com/algorandfoundation/puya/HEAD/test_cases/large_box_operations/out/StructArrayUInt64.arc56.json,2026-07-16,,0,ba9b7e56
https://raw.githubusercontent.com/algorandfoundation/puya/HEAD/test_cases/large_box_operations/out/StructMultipleArrayUInt64.arc56.json,2026-07-16,,0,11f52da0
https://raw.githubusercontent.com/algorandfoundation/puya/HEAD/test_cases/local_map/out/LocalMapAccountStruct.arc56.json,2026-07-16,,0,e36cb6be
https://raw.githubusercontent.com/algorandfoundation/puya/HEAD/test_cases/local_map/out/LocalMapBytes.arc56.json,2026-07-16,,0,e3447b02
https://raw.githubusercontent.com/algorandfoundation/puya/HEAD/test_cases/local_map/out/LocalMapUInt64.arc56.json,2026-07-16,,0,80b2dd6e
https://raw.githubusercontent.com/algorandfoundation/puya/HEAD/test_cases/logged_errors/out/LoggedErrorsContract.arc56.json,2026-07-16,,0,269c7db1
https://raw.githubusercontent.com/algorandfoundation/puya/HEAD/test_cases/logic_signature/out/CheckCompiledSig.arc56.json,2026-07-16,,0,dd0f0889
https://raw.githubusercontent.com/algorandfoundation/puya/HEAD/test_cases/marketplace_demo/out/DigitalMarketplaceWithImmStruct.arc56.json,2026-07-16,,0,55125530
https://raw.githubusercontent.com/algorandfoundation/puya/HEAD/test_cases/marketplace_demo/out/DigitalMarketplaceWithStruct.arc56.json,2026-07-16,,0,6f939785
https://raw.githubusercontent.com/algorandfoundation/puya/HEAD/test_cases/marketplace_demo/out/DigitalMarketplaceWithTups.arc56.json,2026-07-16,,0,c68651c7
https://raw.githubusercontent.com/algorandfoundation/puya/HEAD/test_cases/mutable_native_types/out/CallMe.arc56.json,2026-07-16,,0,2538c958
https://raw.githubusercontent.com/algorandfoundation/puya/HEAD/test_cases/mutable_native_types/out/Case1WithTups.arc56.json,2026-07-16,,0,638e4450
https://raw.githubusercontent.com/algorandfoundation/puya/HEAD/test_cases/mutable_native_types/out/Case2WithImmStruct.arc56.json,2026-07-16,,0,dfcedf92
https://raw.githubusercontent.com/algorandfoundation/puya/HEAD/test_cases/mutable_native_types/out/Case3WithStruct.arc56.json,2026-07-16,,0,06554b6b
https://raw.githubusercontent.com/algorandfoundation/puya/HEAD/test_cases/mutable_native_types/out/Contract.arc56.json,2026-07-16,,0,8705751e
https://raw.githubusercontent.com/algorandfoundation/puya/HEAD/test_cases/mutable_native_types/out/FixedArrayDynamicElements.arc56.json,2026-07-16,,0,be0d937c
https://raw.githubusercontent.com/algorandfoundation/puya/HEAD/test_cases/mutable_native_types/out/TestAbiCall.arc56.json,2026-07-16,,0,2cc157f6
https://raw.githubusercontent.com/algorandfoundation/puya/HEAD/test_cases/mutable_native_types/out/TestItxnAbiCall.arc56.json,2026-07-16,,0,3c6665a6
https://raw.githubusercontent.com/algorandfoundation/puya/HEAD/test_cases/named_tuples/out/NamedTuplesContract.arc56.json,2026-07-16,,0,460b42bb
https://raw.githubusercontent.com/algorandfoundation/puya/HEAD/test_cases/regression_tests/out/BoolOnly.arc56.json,2026-07-16,,0,bf157fa6
https://raw.githubusercontent.com/algorandfoundation/puya/HEAD/test_cases/regression_tests/out/BoxReadBoxLenExistenceCheck.arc56.json,2026-07-16,,0,e742147d
https://raw.githubusercontent.com/algorandfoundation/puya/HEAD/test_cases/regression_tests/out/BoxReadCache.arc56.json,2026-07-16,,0,02012c7b
https://raw.githubusercontent.com/algorandfoundation/puya/HEAD/test_cases/regression_tests/out/BranchElimination.arc56.json,2026-07-16,,0,481297ca
https://raw.githubusercontent.com/algorandfoundation/puya/HEAD/test_cases/regression_tests/out/Child.arc56.json,2026-07-16,,0,3611f681
https://raw.githubusercontent.com/algorandfoundation/puya/HEAD/test_cases/regression_tests/out/ConstBigIntToIntOverflow.arc56.json,2026-07-16,,0,c7f90ec6
https://raw.githubusercontent.com/algorandfoundation/puya/HEAD/test_cases/regression_tests/out/Issue118.arc56.json,2026-07-16,,0,99864ff4
https://raw.githubusercontent.com/algorandfoundation/puya/HEAD/test_cases/regression_tests/out/Issue434.arc56.json,2026-07-16,,0,3821ce83
https://raw.githubusercontent.com/algorandfoundation/puya/HEAD/test_cases/regression_tests/out/Jira142.arc56.json,2026-07-16,,0,9eef8a0e
https://raw.githubusercontent.com/algorandfoundation/puya/HEAD/test_cases/regression_tests/out/Jira241.arc56.json,2026-07-16,,0,2fa84c04
https://raw.githubusercontent.com/algorandfoundation/puya/HEAD/test_cases/regression_tests/out/NeverReturnsFStack.arc56.json,2026-07-16,,0,6fd8d364
https://raw.githubusercontent.com/algorandfoundation/puya/HEAD/test_cases/regression_tests/out/NeverReturnsInlining.arc56.json,2026-07-16,,0,db2d7664
https://raw.githubusercontent.com/algorandfoundation/puya/HEAD/test_cases/regression_tests/out/NumericEncodeRoundTrips.arc56.json,2026-07-16,,0,28db1d96
https://raw.githubusercontent.com/algorandfoundation/puya/HEAD/test_cases/regression_tests/out/Orphan.arc56.json,2026-07-16,,0,98302244
https://raw.githubusercontent.com/algorandfoundation/puya/HEAD/test_cases/regression_tests/out/Parent.arc56.json,2026-07-16,,0,c2997433
https://raw.githubusercontent.com/algorandfoundation/puya/HEAD/test_cases/regression_tests/out/RouterOverrideNonNoOpOCA.arc56.json,2026-07-16,,0,fb46d098
https://raw.githubusercontent.com/algorandfoundation/puya/HEAD/test_cases/regression_tests/out/Verifier.arc56.json,2026-07-16,,0,3427ed01
https://raw.githubusercontent.com/algorandfoundation/puya/HEAD/test_cases/regression_tests/out/VRFVerifier.arc56.json,2026-07-16,,0,b776db3e
https://raw.githubusercontent.com/algorandfoundation/puya/HEAD/test_cases/regression_tests/out/WrongImportLocation.arc56.json,2026-07-16,,0,c6816a4d
https://raw.githubusercontent.com/algorandfoundation/puya/HEAD/test_cases/reinterpret_cast/out/Contract.arc56.json,2026-07-16,,0,1eb43725
https://raw.githubusercontent.com/algorandfoundation/puya/HEAD/test_cases/size_of/out/MyContract.arc56.json,2026-07-16,,0,04d8e9ae
https://raw.githubusercontent.com/algorandfoundation/puya/HEAD/test_cases/state_mutations/out/Contract.arc56.json,2026-07-16,,0,c3a1c878
https://raw.githubusercontent.com/algorandfoundation/puya/HEAD/test_cases/state_proxies/out/StateProxyContract.arc56.json,2026-07-16,,0,a4a1f56b
https://raw.githubusercontent.com/algorandfoundation/puya/HEAD/test_cases/state_totals/out/Contract.arc56.json,2026-07-16,,0,f701cd78
https://raw.githubusercontent.com/algorandfoundation/puya/HEAD/test_cases/struct_by_name/out/DemoContract.arc56.json,2026-07-16,,0,ba10b472
https://raw.githubusercontent.com/algorandfoundation/puya/HEAD/test_cases/template_variables/out/TemplateVariablesContract.arc56.json,2026-07-16,,0,36dfb5d4
https://raw.githubusercontent.com/algorandfoundation/puya/HEAD/test_cases/transaction/out/TransactionContract.arc56.json,2026-07-16,,0,0706f512
https://raw.githubusercontent.com/algorandfoundation/puya/HEAD/test_cases/tuple_support/out/NestedTuples.arc56.json,2026-07-16,,0,257835c0
https://raw.githubusercontent.com/algorandfoundation/puya/HEAD/test_cases/tuple_support/out/NestedTuplesStorage.arc56.json,2026-07-16,,0,36351fc1
https://raw.githubusercontent.com/algorandfoundation/puya/HEAD/test_cases/typed_abi_call/out/Greeter.arc56.json,2026-07-16,,0,6fa6b969
https://raw.githubusercontent.com/algorandfoundation/puya/HEAD/test_cases/typed_abi_call/out/Logger.arc56.json,2026-07-16,,0,30769a65
https://raw.githubusercontent.com/algorandfoundation/puya/HEAD/test_cases/typed_abi_call_txn/out/Caller.arc56.json,2026-07-16,,0,d03f2aa2
https://raw.githubusercontent.com/algorandfoundation/puya/HEAD/test_cases/typed_abi_call_txn/out/TxnContract.arc56.json,2026-07-16,,0,d872ab46
https://raw.githubusercontent.com/algorandfoundation/puya/HEAD/test_cases/typed_itxn_abi_call/out/Greeter.arc56.json,2026-07-16,,0,21832847
https://raw.githubusercontent.com/algorandfoundation/puya/HEAD/test_cases/typed_itxn_abi_call/out/Logger.arc56.json,2026-07-16,,0,148b73f5
https://raw.githubusercontent.com/algorandfoundation/puya/HEAD/test_cases/typed_itxn_abi_call_txn/out/Caller.arc56.json,2026-07-16,,0,54e8ca28
https://raw.githubusercontent.com/algorandfoundation/puya/HEAD/test_cases/typed_itxn_abi_call_txn/out/TxnContract.arc56.json,2026-07-16,,0,410e147d
https://raw.githubusercontent.com/algorandfoundation/puya/HEAD/test_cases/unassigned_expression/out/Unassigned.arc56.json,2026-07-16,,0,97e2817d
https://raw.githubusercontent.com/algorandfoundation/puya/HEAD/test_cases_awst/emit/out/EventEmitter.arc56.json,2026-07-16,,0,9bfdacaf
https://raw.githubusercontent.com/algorandfoundation/puya/HEAD/test_cases_awst/itxn_compose/out/Hello.arc56.json,2026-07-16,,0,de317657
https://raw.githubusercontent.com/algorandfoundation/puya/HEAD/test_cases_awst/itxn_compose/out/ItxnComposeAlgo.arc56.json,2026-07-16,,0,1dc1948d
https://raw.githubusercontent.com/algorandfoundation/puya/HEAD/test_cases_awst/itxn_compose/out/VerifierContract.arc56.json,2026-07-16,,0,ab7ffbb1
https://raw.githubusercontent.com/algorandfoundation/puya/HEAD/test_cases_awst/native_array/out/NativeArraysAlgo.arc56.json,2026-07-16,,0,7e7fd0bb
https://raw.githubusercontent.com/algorandfoundation/puya/HEAD/test_cases_awst/ops_should_be_mutated/out/MutableObjectDemo.arc56.json,2026-07-16,,0,71471dc2
https://raw.githubusercontent.com/algorandfoundation/puya/HEAD/test_cases_awst/serialized_references/out/MyContract.arc56.json,2026-07-16,,0,86cac61f
https://raw.githubusercontent.com/algorandfoundation/puya/HEAD/test_cases_awst/static_bytes/out/StaticBytesAlgo.arc56.json,2026-07-16,,0,cf57d46d
https://raw.githubusercontent.com/algorandfoundation/TEALScript/HEAD/examples/amm/tealscript_artifacts/ConstantProductAMM.arc56.json,2026-07-16,,0,c0a20c59
https://raw.githubusercontent.com/algorandfoundation/TEALScript/HEAD/examples/arc58/artifacts/AbstractedAccount.arc56.json,2026-07-16,,0,9833b15e
https://raw.githubusercontent.com/algorandfoundation/TEALScript/HEAD/examples/arc72/artifacts/ARC72.arc56.json,2026-07-16,,0,7f3b214d
https://raw.githubusercontent.com/algorandfoundation/TEALScript/HEAD/examples/arc75/artifacts/ARC75.arc56.json,2026-07-16,,0,913b4b22
https://raw.githubusercontent.com/algorandfoundation/TEALScript/HEAD/examples/auction/tealscript_artifacts/Auction.arc56.json,2026-07-16,,0,eeb20731
https://raw.githubusercontent.com/algorandfoundation/TEALScript/HEAD/examples/big_box/artifacts/BigBox.arc56.json,2026-07-16,,0,ea6b4f06
https://raw.githubusercontent.com/algorandfoundation/TEALScript/HEAD/examples/calculator/artifacts/Calculator.arc56.json,2026-07-16,,0,076a1441
https://raw.githubusercontent.com/algorandfoundation/TEALScript/HEAD/examples/itxns/artifacts/FactoryCaller.arc56.json,2026-07-16,,0,b7e77d48
https://raw.githubusercontent.com/algorandfoundation/TEALScript/HEAD/examples/itxns/artifacts/NFTFactory.arc56.json,2026-07-16,,0,77dc5a18
https://raw.githubusercontent.com/algorandfoundation/TEALScript/HEAD/examples/lsig_with_app/artifacts/CreatorVerifier.arc56.json,2026-07-16,,0,9240aa5a
https://raw.githubusercontent.com/algorandfoundation/TEALScript/HEAD/examples/merkle/artifacts/MerkleTree.arc56.json,2026-07-16,,0,e150cb35
https://raw.githubusercontent.com/algorandfoundation/TEALScript/HEAD/examples/non_abi/artifacts/NonABIExample.arc56.json,2026-07-16,,0,e305fb15
https://raw.githubusercontent.com/algorandfoundation/TEALScript/HEAD/examples/reti/artifacts/StakingPool.arc56.json,2026-07-17,,0,9685fcb0
https://raw.githubusercontent.com/algorandfoundation/TEALScript/HEAD/examples/reti/artifacts/ValidatorRegistry.arc56.json,2026-07-17,,0,24446b2e
https://raw.githubusercontent.com/algorandfoundation/TEALScript/HEAD/examples/simple/artifacts/Simple.arc56.json,2026-07-16,,0,e01cade0
https://raw.githubusercontent.com/algorandfoundation/TEALScript/HEAD/examples/tuple_in_box/tealscript_artifacts/ContactsApp.arc56.json,2026-07-16,,0,59c6f760
https://raw.githubusercontent.com/algorandfoundation/TEALScript/HEAD/tests/contracts/artifacts/A.arc56.json,2026-07-16,,0,36359300
https://raw.githubusercontent.com/algorandfoundation/TEALScript/HEAD/tests/contracts/artifacts/ABITestAccessDynamicArrayElementInTuple.arc56.json,2026-07-16,,0,8440ff83
https://raw.githubusercontent.com/algorandfoundation/TEALScript/HEAD/tests/contracts/artifacts/ABITestAccessDynamicArrayInMiddleOfTuple.arc56.json,2026-07-16,,0,1b8550f6
https://raw.githubusercontent.com/algorandfoundation/TEALScript/HEAD/tests/contracts/artifacts/ABITestAccessDynamicStringArray.arc56.json,2026-07-16,,0,bd7a4c17
https://raw.githubusercontent.com/algorandfoundation/TEALScript/HEAD/tests/contracts/artifacts/ABITestAccessStaticArrayInBoxInVariable.arc56.json,2026-07-16,,0,322bbfd7
https://raw.githubusercontent.com/algorandfoundation/TEALScript/HEAD/tests/contracts/artifacts/ABITestAccesStringInTuple.arc56.json,2026-07-16,,0,576a5c1b
https://raw.githubusercontent.com/algorandfoundation/TEALScript/HEAD/tests/contracts/artifacts/ABITestAngularCasting.arc56.json,2026-07-16,,0,c0d0062f
https://raw.githubusercontent.com/algorandfoundation/TEALScript/HEAD/tests/contracts/artifacts/ABITestArrayInMethodCall.arc56.json,2026-07-16,,0,f4234aba
https://raw.githubusercontent.com/algorandfoundation/TEALScript/HEAD/tests/contracts/artifacts/ABITestArrayInObjectInState.arc56.json,2026-07-16,,0,2ccb4302
https://raw.githubusercontent.com/algorandfoundation/TEALScript/HEAD/tests/contracts/artifacts/ABITestArrayInTuple.arc56.json,2026-07-16,,0,839a3522
https://raw.githubusercontent.com/algorandfoundation/TEALScript/HEAD/tests/contracts/artifacts/ABITestArrayLength.arc56.json,2026-07-16,,0,9c8cdb15
https://raw.githubusercontent.com/algorandfoundation/TEALScript/HEAD/tests/contracts/artifacts/ABITestArrayPop.arc56.json,2026-07-16,,0,5e8d124c
https://raw.githubusercontent.com/algorandfoundation/TEALScript/HEAD/tests/contracts/artifacts/ABITestArrayPopValue.arc56.json,2026-07-16,,0,35e0fef4
https://raw.githubusercontent.com/algorandfoundation/TEALScript/HEAD/tests/contracts/artifacts/ABITestArrayPush.arc56.json,2026-07-16,,0,e17dbe2c
https://raw.githubusercontent.com/algorandfoundation/TEALScript/HEAD/tests/contracts/artifacts/ABITestArrayRef.arc56.json,2026-07-16,,0,21f98745
https://raw.githubusercontent.com/algorandfoundation/TEALScript/HEAD/tests/contracts/artifacts/ABITestArraySplice.arc56.json,2026-07-16,,0,b941f022
https://raw.githubusercontent.com/algorandfoundation/TEALScript/HEAD/tests/contracts/artifacts/ABITestArraySpliceValue.arc56.json,2026-07-16,,0,fb789100
https://raw.githubusercontent.com/algorandfoundation/TEALScript/HEAD/tests/contracts/artifacts/ABITestBiggerByteCasting.arc56.json,2026-07-16,,0,111e08a8
https://raw.githubusercontent.com/algorandfoundation/TEALScript/HEAD/tests/contracts/artifacts/ABITestBooleanArgAndReturn.arc56.json,2026-07-16,,0,6e5c6953
https://raw.githubusercontent.com/algorandfoundation/TEALScript/HEAD/tests/contracts/artifacts/ABITestBooleanLastInObj.arc56.json,2026-07-16,,0,af1ea9a5
https://raw.githubusercontent.com/algorandfoundation/TEALScript/HEAD/tests/contracts/artifacts/ABITestBoolFirstInTuple.arc56.json,2026-07-16,,0,47a1bd50
https://raw.githubusercontent.com/algorandfoundation/TEALScript/HEAD/tests/contracts/artifacts/ABITestBoolInNestedTuple.arc56.json,2026-07-16,,0,8a3bc99b
https://raw.githubusercontent.com/algorandfoundation/TEALScript/HEAD/tests/contracts/artifacts/ABITestBoolInObj.arc56.json,2026-07-16,,0,eecddf5c
https://raw.githubusercontent.com/algorandfoundation/TEALScript/HEAD/tests/contracts/artifacts/ABITestBoolTuple.arc56.json,2026-07-16,,0,12422180
https://raw.githubusercontent.com/algorandfoundation/TEALScript/HEAD/tests/contracts/artifacts/ABITestBoolTupleAccess.arc56.json,2026-07-16,,0,37e048e4
https://raw.githubusercontent.com/algorandfoundation/TEALScript/HEAD/tests/contracts/artifacts/ABITestBoolTupleUpdate.arc56.json,2026-07-16,,0,639d56a6
https://raw.githubusercontent.com/algorandfoundation/TEALScript/HEAD/tests/contracts/artifacts/ABITestBoolUpdateInBox.arc56.json,2026-07-16,,0,1e85aa64
https://raw.githubusercontent.com/algorandfoundation/TEALScript/HEAD/tests/contracts/artifacts/ABITestBoolUpdateInObjectInBox.arc56.json,2026-07-16,,0,d0dd4d68
https://raw.githubusercontent.com/algorandfoundation/TEALScript/HEAD/tests/contracts/artifacts/ABITestBytesCasting.arc56.json,2026-07-16,,0,bb4bedcc
https://raw.githubusercontent.com/algorandfoundation/TEALScript/HEAD/tests/contracts/artifacts/ABITestBytesReturn.arc56.json,2026-07-16,,0,0518adfd
https://raw.githubusercontent.com/algorandfoundation/TEALScript/HEAD/tests/contracts/artifacts/ABITestCastBytesFunction.arc56.json,2026-07-16,,0,602464f4
https://raw.githubusercontent.com/algorandfoundation/TEALScript/HEAD/tests/contracts/artifacts/ABITestChainedPropertyAfterTuple.arc56.json,2026-07-16,,0,95051a6d
https://raw.githubusercontent.com/algorandfoundation/TEALScript/HEAD/tests/contracts/artifacts/ABITestCustomTypes.arc56.json,2026-07-16,,0,d5e3697f
https://raw.githubusercontent.com/algorandfoundation/TEALScript/HEAD/tests/contracts/artifacts/ABITestDisgusting.arc56.json,2026-07-16,,0,b1544f34
https://raw.githubusercontent.com/algorandfoundation/TEALScript/HEAD/tests/contracts/artifacts/ABITestDynamicAccessOfDynamicElementInStaticArray.arc56.json,2026-07-16,,0,24f38df1
https://raw.githubusercontent.com/algorandfoundation/TEALScript/HEAD/tests/contracts/artifacts/ABITestDynamicArray.arc56.json,2026-07-16,,0,35af5772
https://raw.githubusercontent.com/algorandfoundation/TEALScript/HEAD/tests/contracts/artifacts/ABITestDynamicArrayArg.arc56.json,2026-07-16,,0,b24c09d6
https://raw.githubusercontent.com/algorandfoundation/TEALScript/HEAD/tests/contracts/artifacts/ABITestDynamicArrayElements.arc56.json,2026-07-16,,0,716fab03
https://raw.githubusercontent.com/algorandfoundation/TEALScript/HEAD/tests/contracts/artifacts/ABITestDynamicArrayInMiddleOfTuple.arc56.json,2026-07-16,,0,213decd2
https://raw.githubusercontent.com/algorandfoundation/TEALScript/HEAD/tests/contracts/artifacts/ABITestDynamicArrayIteration.arc56.json,2026-07-16,,0,2627ca27
https://raw.githubusercontent.com/algorandfoundation/TEALScript/HEAD/tests/contracts/artifacts/ABITestDynamicArrayLength.arc56.json,2026-07-16,,0,40c5376a
https://raw.githubusercontent.com/algorandfoundation/TEALScript/HEAD/tests/contracts/artifacts/ABITestDynamicBoolArray.arc56.json,2026-07-16,,0,9265cb84
https://raw.githubusercontent.com/algorandfoundation/TEALScript/HEAD/tests/contracts/artifacts/ABITestDynamicBoolArrayAccess.arc56.json,2026-07-16,,0,f460e142
https://raw.githubusercontent.com/algorandfoundation/TEALScript/HEAD/tests/contracts/artifacts/ABITestDynamicBoolArrayUpdate.arc56.json,2026-07-16,,0,492fc3fd
https://raw.githubusercontent.com/algorandfoundation/TEALScript/HEAD/tests/contracts/artifacts/ABITestDynamicTupleArray.arc56.json,2026-07-16,,0,c98d76e4
https://raw.githubusercontent.com/algorandfoundation/TEALScript/HEAD/tests/contracts/artifacts/ABITestEmptyDynamicArray.arc56.json,2026-07-16,,0,c7566746
https://raw.githubusercontent.com/algorandfoundation/TEALScript/HEAD/tests/contracts/artifacts/ABITestEmptyStaticArray.arc56.json,2026-07-16,,0,5186b4e7
https://raw.githubusercontent.com/algorandfoundation/TEALScript/HEAD/tests/contracts/artifacts/ABITestExtractUint.arc56.json,2026-07-16,,0,4247000d
https://raw.githubusercontent.com/algorandfoundation/TEALScript/HEAD/tests/contracts/artifacts/ABITestForEachReturn.arc56.json,2026-07-16,,0,7a7b9a2a
https://raw.githubusercontent.com/algorandfoundation/TEALScript/HEAD/tests/contracts/artifacts/ABITestForOfBreak.arc56.json,2026-07-16,,0,6c15b970
https://raw.githubusercontent.com/algorandfoundation/TEALScript/HEAD/tests/contracts/artifacts/ABITestForOfContinue.arc56.json,2026-07-16,,0,76b1b1f1
https://raw.githubusercontent.com/algorandfoundation/TEALScript/HEAD/tests/contracts/artifacts/ABITestGlobalMethodInChain.arc56.json,2026-07-16,,0,c7c88c33
https://raw.githubusercontent.com/algorandfoundation/TEALScript/HEAD/tests/contracts/artifacts/ABITestLargeNestedStaticForEachInBox.arc56.json,2026-07-16,,0,c0cc8ae6
https://raw.githubusercontent.com/algorandfoundation/TEALScript/HEAD/tests/contracts/artifacts/ABITestLargeNestedStaticForOfInBox.arc56.json,2026-07-16,,0,06ed2ccb
https://raw.githubusercontent.com/algorandfoundation/TEALScript/HEAD/tests/contracts/artifacts/ABITestMaxUfixed.arc56.json,2026-07-16,,0,b6c41a0b
https://raw.githubusercontent.com/algorandfoundation/TEALScript/HEAD/tests/contracts/artifacts/ABITestMixedStaticArrayElements.arc56.json,2026-07-16,,0,3e8936dd
https://raw.githubusercontent.com/algorandfoundation/TEALScript/HEAD/tests/contracts/artifacts/ABITestMultiBytesTuple.arc56.json,2026-07-16,,0,36735b5e
https://raw.githubusercontent.com/algorandfoundation/TEALScript/HEAD/tests/contracts/artifacts/ABITestMultiNestedArrayRef.arc56.json,2026-07-16,,0,87fb0b0e
https://raw.githubusercontent.com/algorandfoundation/TEALScript/HEAD/tests/contracts/artifacts/ABITestNamedTuple.arc56.json,2026-07-16,,0,586606a0
https://raw.githubusercontent.com/algorandfoundation/TEALScript/HEAD/tests/contracts/artifacts/ABITestNestedArrayAlongsideBoolean.arc56.json,2026-07-16,,0,5564826c
https://raw.githubusercontent.com/algorandfoundation/TEALScript/HEAD/tests/contracts/artifacts/ABITestNestedArrayInBox.arc56.json,2026-07-16,,0,0ff79665
https://raw.githubusercontent.com/algorandfoundation/TEALScript/HEAD/tests/contracts/artifacts/ABITestNestedArrayInBoxLast.arc56.json,2026-07-16,,0,b10cd645
https://raw.githubusercontent.com/algorandfoundation/TEALScript/HEAD/tests/contracts/artifacts/ABITestNestedArrayInBoxWithoutBool.arc56.json,2026-07-16,,0,527bd9b2
https://raw.githubusercontent.com/algorandfoundation/TEALScript/HEAD/tests/contracts/artifacts/ABITestNestedArrayLengthInObject.arc56.json,2026-07-16,,0,a64fe943
https://raw.githubusercontent.com/algorandfoundation/TEALScript/HEAD/tests/contracts/artifacts/ABITestNestedArrayLengthInObjectVariable.arc56.json,2026-07-16,,0,2ae13301
https://raw.githubusercontent.com/algorandfoundation/TEALScript/HEAD/tests/contracts/artifacts/ABITestNestedArrayRef.arc56.json,2026-07-16,,0,4ca87133
https://raw.githubusercontent.com/algorandfoundation/TEALScript/HEAD/tests/contracts/artifacts/ABITestNestedObject.arc56.json,2026-07-16,,0,cab9417f
https://raw.githubusercontent.com/algorandfoundation/TEALScript/HEAD/tests/contracts/artifacts/ABITestNestedObjectType.arc56.json,2026-07-16,,0,63a7f7ac
https://raw.githubusercontent.com/algorandfoundation/TEALScript/HEAD/tests/contracts/artifacts/ABITestNestedStaticArray.arc56.json,2026-07-16,,0,a6071ed5
https://raw.githubusercontent.com/algorandfoundation/TEALScript/HEAD/tests/contracts/artifacts/ABITestNestedStaticArrayLength.arc56.json,2026-07-16,,0,da525dfa
https://raw.githubusercontent.com/algorandfoundation/TEALScript/HEAD/tests/contracts/artifacts/ABITestNestedStaticForEach.arc56.json,2026-07-16,,0,9fcf3cd6
https://raw.githubusercontent.com/algorandfoundation/TEALScript/HEAD/tests/contracts/artifacts/ABITestNestedStaticForEachInBox.arc56.json,2026-07-16,,0,d39bfcd0
https://raw.githubusercontent.com/algorandfoundation/TEALScript/HEAD/tests/contracts/artifacts/ABITestNestedStructInBoxMap.arc56.json,2026-07-16,,0,af7c0a15
https://raw.githubusercontent.com/algorandfoundation/TEALScript/HEAD/tests/contracts/artifacts/ABITestNestedTuple.arc56.json,2026-07-16,,0,4fe99338
https://raw.githubusercontent.com/algorandfoundation/TEALScript/HEAD/tests/contracts/artifacts/ABITestNestedTypesInSignature.arc56.json,2026-07-16,,0,f7aecf48
https://raw.githubusercontent.com/algorandfoundation/TEALScript/HEAD/tests/contracts/artifacts/ABITestNonE2E.arc56.json,2026-07-16,,0,f422bf51
https://raw.githubusercontent.com/algorandfoundation/TEALScript/HEAD/tests/contracts/artifacts/ABITestNonLiteralDynamicElementInTuple.arc56.json,2026-07-16,,0,74dd4910
https://raw.githubusercontent.com/algorandfoundation/TEALScript/HEAD/tests/contracts/artifacts/ABITestNonLiteralNestedArrayRef.arc56.json,2026-07-16,,0,ce023937
https://raw.githubusercontent.com/algorandfoundation/TEALScript/HEAD/tests/contracts/artifacts/ABITestNonLiteralStaticArrayAccess.arc56.json,2026-07-16,,0,5aa8d13e
https://raw.githubusercontent.com/algorandfoundation/TEALScript/HEAD/tests/contracts/artifacts/ABITestNonLiteralStaticArrayElements.arc56.json,2026-07-16,,0,9f34aa78
https://raw.githubusercontent.com/algorandfoundation/TEALScript/HEAD/tests/contracts/artifacts/ABITestObjectArrayRef.arc56.json,2026-07-16,,0,703e3f1c
https://raw.githubusercontent.com/algorandfoundation/TEALScript/HEAD/tests/contracts/artifacts/ABITestObjectInArgs.arc56.json,2026-07-16,,0,9b2ee681
https://raw.githubusercontent.com/algorandfoundation/TEALScript/HEAD/tests/contracts/artifacts/ABITestObjectRef.arc56.json,2026-07-16,,0,358f5df1
https://raw.githubusercontent.com/algorandfoundation/TEALScript/HEAD/tests/contracts/artifacts/ABITestOpcodeParamFromObject.arc56.json,2026-07-16,,0,b1e0d9f3
https://raw.githubusercontent.com/algorandfoundation/TEALScript/HEAD/tests/contracts/artifacts/ABITestPartialStaticArray.arc56.json,2026-07-16,,0,861f87a9
https://raw.githubusercontent.com/algorandfoundation/TEALScript/HEAD/tests/contracts/artifacts/ABITestPlusEqualsArrayValue.arc56.json,2026-07-16,,0,ad825bce
https://raw.githubusercontent.com/algorandfoundation/TEALScript/HEAD/tests/contracts/artifacts/ABITestPlusEqualsObjValue.arc56.json,2026-07-16,,0,28d0dcda
https://raw.githubusercontent.com/algorandfoundation/TEALScript/HEAD/tests/contracts/artifacts/ABITestPlusEqualsObjValueInBox.arc56.json,2026-07-16,,0,646f02e0
https://raw.githubusercontent.com/algorandfoundation/TEALScript/HEAD/tests/contracts/artifacts/ABITestPostBoolTupleOffset.arc56.json,2026-07-16,,0,65df7a21
https://raw.githubusercontent.com/algorandfoundation/TEALScript/HEAD/tests/contracts/artifacts/ABITestPushToArrayInBox.arc56.json,2026-07-16,,0,3bed5047
https://raw.githubusercontent.com/algorandfoundation/TEALScript/HEAD/tests/contracts/artifacts/ABITestRawBytesFunction.arc56.json,2026-07-16,,0,4265de12
https://raw.githubusercontent.com/algorandfoundation/TEALScript/HEAD/tests/contracts/artifacts/ABITestRefTypes.arc56.json,2026-07-16,,0,323f48ee
https://raw.githubusercontent.com/algorandfoundation/TEALScript/HEAD/tests/contracts/artifacts/ABITestReturnByte.arc56.json,2026-07-16,,0,62d317a3
https://raw.githubusercontent.com/algorandfoundation/TEALScript/HEAD/tests/contracts/artifacts/ABITestReturnDynamicArray.arc56.json,2026-07-16,,0,e87b6616
https://raw.githubusercontent.com/algorandfoundation/TEALScript/HEAD/tests/contracts/artifacts/ABITestReturnDynamicArrayFromTuple.arc56.json,2026-07-16,,0,c94db25e
https://raw.githubusercontent.com/algorandfoundation/TEALScript/HEAD/tests/contracts/artifacts/ABITestReturnStaticArray.arc56.json,2026-07-16,,0,10c71d8a
https://raw.githubusercontent.com/algorandfoundation/TEALScript/HEAD/tests/contracts/artifacts/ABITestReturnTuple.arc56.json,2026-07-16,,0,4f1f0e3d
https://raw.githubusercontent.com/algorandfoundation/TEALScript/HEAD/tests/contracts/artifacts/ABITestReturnTupleWithDyamicArray.arc56.json,2026-07-16,,0,a11c9381
https://raw.githubusercontent.com/algorandfoundation/TEALScript/HEAD/tests/contracts/artifacts/ABITestSetStaticArrayElement.arc56.json,2026-07-16,,0,9da155d2
https://raw.githubusercontent.com/algorandfoundation/TEALScript/HEAD/tests/contracts/artifacts/ABITestShortenDynamicElementInTuple.arc56.json,2026-07-16,,0,2a56ae49
https://raw.githubusercontent.com/algorandfoundation/TEALScript/HEAD/tests/contracts/artifacts/ABITestShortTypeNotation.arc56.json,2026-07-16,,0,30f29d2b
https://raw.githubusercontent.com/algorandfoundation/TEALScript/HEAD/tests/contracts/artifacts/ABITestSimpleTuple.arc56.json,2026-07-16,,0,db6ca35c
https://raw.githubusercontent.com/algorandfoundation/TEALScript/HEAD/tests/contracts/artifacts/ABITestSmallerByteCasting.arc56.json,2026-07-16,,0,0109be64
https://raw.githubusercontent.com/algorandfoundation/TEALScript/HEAD/tests/contracts/artifacts/ABITestSpliceFirstElement.arc56.json,2026-07-16,,0,57ba967d
https://raw.githubusercontent.com/algorandfoundation/TEALScript/HEAD/tests/contracts/artifacts/ABITestSpliceFirstElementValue.arc56.json,2026-07-16,,0,21392146
https://raw.githubusercontent.com/algorandfoundation/TEALScript/HEAD/tests/contracts/artifacts/ABITestSpliceLastElement.arc56.json,2026-07-16,,0,564651aa
https://raw.githubusercontent.com/algorandfoundation/TEALScript/HEAD/tests/contracts/artifacts/ABITestSpliceLastElementValue.arc56.json,2026-07-16,,0,f5f5f754
https://raw.githubusercontent.com/algorandfoundation/TEALScript/HEAD/tests/contracts/artifacts/ABITestStaticArray.arc56.json,2026-07-16,,0,d87fa8db
https://raw.githubusercontent.com/algorandfoundation/TEALScript/HEAD/tests/contracts/artifacts/ABITestStaticArrayArg.arc56.json,2026-07-16,,0,9f4c5616
https://raw.githubusercontent.com/algorandfoundation/TEALScript/HEAD/tests/contracts/artifacts/ABITestStaticArrayInStorageMap.arc56.json,2026-07-16,,0,d6d43599
https://raw.githubusercontent.com/algorandfoundation/TEALScript/HEAD/tests/contracts/artifacts/ABITestStaticArrayInStorageRef.arc56.json,2026-07-16,,0,0fece457
https://raw.githubusercontent.com/algorandfoundation/TEALScript/HEAD/tests/contracts/artifacts/ABITestStaticArrayLength.arc56.json,2026-07-16,,0,bcde3265
https://raw.githubusercontent.com/algorandfoundation/TEALScript/HEAD/tests/contracts/artifacts/ABITestStaticBoolArray.arc56.json,2026-07-16,,0,58077f29
https://raw.githubusercontent.com/algorandfoundation/TEALScript/HEAD/tests/contracts/artifacts/ABITestStaticBoolArrayAccess.arc56.json,2026-07-16,,0,850cecbf
https://raw.githubusercontent.com/algorandfoundation/TEALScript/HEAD/tests/contracts/artifacts/ABITestStaticBoolArrayUpdate.arc56.json,2026-07-16,,0,ffe3d4fd
https://raw.githubusercontent.com/algorandfoundation/TEALScript/HEAD/tests/contracts/artifacts/ABITestStaticByteCasting.arc56.json,2026-07-16,,0,73571d89
https://raw.githubusercontent.com/algorandfoundation/TEALScript/HEAD/tests/contracts/artifacts/ABITestStaticForEach.arc56.json,2026-07-16,,0,e0c13db9
https://raw.githubusercontent.com/algorandfoundation/TEALScript/HEAD/tests/contracts/artifacts/ABITestStaticForOf.arc56.json,2026-07-16,,0,314720c0
https://raw.githubusercontent.com/algorandfoundation/TEALScript/HEAD/tests/contracts/artifacts/ABITestStaticStringArrayArg.arc56.json,2026-07-16,,0,c78a33ac
https://raw.githubusercontent.com/algorandfoundation/TEALScript/HEAD/tests/contracts/artifacts/ABITestStaticTypeInBox.arc56.json,2026-07-16,,0,672cc4bf
https://raw.githubusercontent.com/algorandfoundation/TEALScript/HEAD/tests/contracts/artifacts/ABITestStoragePropertyReferenceInBox.arc56.json,2026-07-16,,0,d0aaf8fc
https://raw.githubusercontent.com/algorandfoundation/TEALScript/HEAD/tests/contracts/artifacts/ABITestStorageRefAccount.arc56.json,2026-07-16,,0,ae3289f3
https://raw.githubusercontent.com/algorandfoundation/TEALScript/HEAD/tests/contracts/artifacts/ABITestStorageRefKey.arc56.json,2026-07-16,,0,c30c8809
https://raw.githubusercontent.com/algorandfoundation/TEALScript/HEAD/tests/contracts/artifacts/ABITestStorageTypeHint.arc56.json,2026-07-16,,0,5e5f520c
https://raw.githubusercontent.com/algorandfoundation/TEALScript/HEAD/tests/contracts/artifacts/ABITestStringAccessor.arc56.json,2026-07-16,,0,335d0ad3
https://raw.githubusercontent.com/algorandfoundation/TEALScript/HEAD/tests/contracts/artifacts/ABITestStringArg.arc56.json,2026-07-16,,0,467841bd
https://raw.githubusercontent.com/algorandfoundation/TEALScript/HEAD/tests/contracts/artifacts/ABITestStringArray.arc56.json,2026-07-16,,0,fa1c2679
https://raw.githubusercontent.com/algorandfoundation/TEALScript/HEAD/tests/contracts/artifacts/ABITestStringInTuple.arc56.json,2026-07-16,,0,980a5467
https://raw.githubusercontent.com/algorandfoundation/TEALScript/HEAD/tests/contracts/artifacts/ABITestStringLength.arc56.json,2026-07-16,,0,ea4f19cf
https://raw.githubusercontent.com/algorandfoundation/TEALScript/HEAD/tests/contracts/artifacts/ABITestStringReturn.arc56.json,2026-07-16,,0,2e20d840
https://raw.githubusercontent.com/algorandfoundation/TEALScript/HEAD/tests/contracts/artifacts/ABITestThreeDimensionalUint16Array.arc56.json,2026-07-16,,0,aa451296
https://raw.githubusercontent.com/algorandfoundation/TEALScript/HEAD/tests/contracts/artifacts/ABITestTupleArg.arc56.json,2026-07-16,,0,f77a07dd
https://raw.githubusercontent.com/algorandfoundation/TEALScript/HEAD/tests/contracts/artifacts/ABITestTupleInArray.arc56.json,2026-07-16,,0,c9e3fe56
https://raw.githubusercontent.com/algorandfoundation/TEALScript/HEAD/tests/contracts/artifacts/ABITestTupleInTuple.arc56.json,2026-07-16,,0,ad9a847e
https://raw.githubusercontent.com/algorandfoundation/TEALScript/HEAD/tests/contracts/artifacts/ABITestTxnTypes.arc56.json,2026-07-16,,0,66022a1c
https://raw.githubusercontent.com/algorandfoundation/TEALScript/HEAD/tests/contracts/artifacts/ABITestTypedConst.arc56.json,2026-07-16,,0,d3a68189
https://raw.githubusercontent.com/algorandfoundation/TEALScript/HEAD/tests/contracts/artifacts/ABITestTypedVarFromStorage.arc56.json,2026-07-16,,0,aa9a0e53
https://raw.githubusercontent.com/algorandfoundation/TEALScript/HEAD/tests/contracts/artifacts/ABITestUint64Casting.arc56.json,2026-07-16,,0,b403bf19
https://raw.githubusercontent.com/algorandfoundation/TEALScript/HEAD/tests/contracts/artifacts/ABITestUintCasting.arc56.json,2026-07-16,,0,e99fcef0
https://raw.githubusercontent.com/algorandfoundation/TEALScript/HEAD/tests/contracts/artifacts/ABITestUintNComparison.arc56.json,2026-07-16,,0,bd47cbfb
https://raw.githubusercontent.com/algorandfoundation/TEALScript/HEAD/tests/contracts/artifacts/ABITestUpdateArrayRefInBoxStorage.arc56.json,2026-07-16,,0,89ab2c10
https://raw.githubusercontent.com/algorandfoundation/TEALScript/HEAD/tests/contracts/artifacts/ABITestUpdateDynamicArrayElement.arc56.json,2026-07-16,,0,703e2222
https://raw.githubusercontent.com/algorandfoundation/TEALScript/HEAD/tests/contracts/artifacts/ABITestUpdateDynamicArrayInMiddleOfTuple.arc56.json,2026-07-16,,0,9c493a87
https://raw.githubusercontent.com/algorandfoundation/TEALScript/HEAD/tests/contracts/artifacts/ABITestUpdateDynamicArrayInTuple.arc56.json,2026-07-16,,0,29d7c701
https://raw.githubusercontent.com/algorandfoundation/TEALScript/HEAD/tests/contracts/artifacts/ABITestUpdateDynamicElementInTupleWithSameLength.arc56.json,2026-07-16,,0,5659ff59
https://raw.githubusercontent.com/algorandfoundation/TEALScript/HEAD/tests/contracts/artifacts/ABITestUpdateNamedTuple.arc56.json,2026-07-16,,0,42a9b402
https://raw.githubusercontent.com/algorandfoundation/TEALScript/HEAD/tests/contracts/artifacts/ABITestUpdateNestedStaticArray.arc56.json,2026-07-16,,0,31a7be1e
https://raw.githubusercontent.com/algorandfoundation/TEALScript/HEAD/tests/contracts/artifacts/ABITestUpdateNestedStaticArrayElement.arc56.json,2026-07-16,,0,c7cd3436
https://raw.githubusercontent.com/algorandfoundation/TEALScript/HEAD/tests/contracts/artifacts/ABITestUpdateStaticArrayInStorageMap.arc56.json,2026-07-16,,0,15c84213
https://raw.githubusercontent.com/algorandfoundation/TEALScript/HEAD/tests/contracts/artifacts/ABITestUpdateStaticArrayInStorageRef.arc56.json,2026-07-16,,0,78b7b2b7
https://raw.githubusercontent.com/algorandfoundation/TEALScript/HEAD/tests/contracts/artifacts/ABITestUpdateStaticFieldInDynamicObjectInBox.arc56.json,2026-07-16,,0,80f6c15d
https://raw.githubusercontent.com/algorandfoundation/TEALScript/HEAD/tests/contracts/artifacts/ABITestUpdateStringInTuple.arc56.json,2026-07-16,,0,7473e51d
https://raw.githubusercontent.com/algorandfoundation/TEALScript/HEAD/tests/contracts/artifacts/ABITestUpdateTupleWithOnlyDynamicTypes.arc56.json,2026-07-16,,0,5d0bc530
https://raw.githubusercontent.com/algorandfoundation/TEALScript/HEAD/tests/contracts/artifacts/AccountTest.arc56.json,2026-07-16,,0,dd246b60
https://raw.githubusercontent.com/algorandfoundation/TEALScript/HEAD/tests/contracts/artifacts/AD.arc56.json,2026-07-16,,0,5431d53e
https://raw.githubusercontent.com/algorandfoundation/TEALScript/HEAD/tests/contracts/artifacts/ARC56Test.arc56.json,2026-07-16,,0,237ede32
https://raw.githubusercontent.com/algorandfoundation/TEALScript/HEAD/tests/contracts/artifacts/ARC56TestNoTemplateVars.arc56.json,2026-07-16,,0,ccdf8a35
https://raw.githubusercontent.com/algorandfoundation/TEALScript/HEAD/tests/contracts/artifacts/AVM11.arc56.json,2026-07-16,,0,e72d9899
https://raw.githubusercontent.com/algorandfoundation/TEALScript/HEAD/tests/contracts/artifacts/B.arc56.json,2026-07-16,,0,10d1c7f5
https://raw.githubusercontent.com/algorandfoundation/TEALScript/HEAD/tests/contracts/artifacts/B2.arc56.json,2026-07-16,,0,bf9c6aff
https://raw.githubusercontent.com/algorandfoundation/TEALScript/HEAD/tests/contracts/artifacts/BigComment.arc56.json,2026-07-16,,0,805c81cf
https://raw.githubusercontent.com/algorandfoundation/TEALScript/HEAD/tests/contracts/artifacts/BinaryTest.arc56.json,2026-07-16,,0,1535f562
https://raw.githubusercontent.com/algorandfoundation/TEALScript/HEAD/tests/contracts/artifacts/BytecblockTest.arc56.json,2026-07-16,,0,b1e565be
https://raw.githubusercontent.com/algorandfoundation/TEALScript/HEAD/tests/contracts/artifacts/C.arc56.json,2026-07-16,,0,a9e0d533
https://raw.githubusercontent.com/algorandfoundation/TEALScript/HEAD/tests/contracts/artifacts/CblocksTest.arc56.json,2026-07-17,,0,a4482aa6
https://raw.githubusercontent.com/algorandfoundation/TEALScript/HEAD/tests/contracts/artifacts/ContractWithCustomStruct.arc56.json,2026-07-16,,0,983e8a06
https://raw.githubusercontent.com/algorandfoundation/TEALScript/HEAD/tests/contracts/artifacts/ContractWithLsigProgram.arc56.json,2026-07-16,,0,781804f5
https://raw.githubusercontent.com/algorandfoundation/TEALScript/HEAD/tests/contracts/artifacts/ContratWithLsigAddress.arc56.json,2026-07-16,,0,58585d2a
https://raw.githubusercontent.com/algorandfoundation/TEALScript/HEAD/tests/contracts/artifacts/D.arc56.json,2026-07-16,,0,8a09140d
https://raw.githubusercontent.com/algorandfoundation/TEALScript/HEAD/tests/contracts/artifacts/DummyContract.arc56.json,2026-07-16,,0,c28559c6
https://raw.githubusercontent.com/algorandfoundation/TEALScript/HEAD/tests/contracts/artifacts/E.arc56.json,2026-07-16,,0,f2f23793
https://raw.githubusercontent.com/algorandfoundation/TEALScript/HEAD/tests/contracts/artifacts/ExternalContract.arc56.json,2026-07-16,,0,4041cd58
https://raw.githubusercontent.com/algorandfoundation/TEALScript/HEAD/tests/contracts/artifacts/F.arc56.json,2026-07-16,,0,712725ac
https://raw.githubusercontent.com/algorandfoundation/TEALScript/HEAD/tests/contracts/artifacts/FunctionsTest.arc56.json,2026-07-16,,0,a76a9d76
https://raw.githubusercontent.com/algorandfoundation/TEALScript/HEAD/tests/contracts/artifacts/G.arc56.json,2026-07-16,,0,1eb8075e
https://raw.githubusercontent.com/algorandfoundation/TEALScript/HEAD/tests/contracts/artifacts/GeneralTest.arc56.json,2026-07-17,,0,4f8027d2
https://raw.githubusercontent.com/algorandfoundation/TEALScript/HEAD/tests/contracts/artifacts/IfTest.arc56.json,2026-07-16,,0,0d35c0ea
https://raw.githubusercontent.com/algorandfoundation/TEALScript/HEAD/tests/contracts/artifacts/IntcblockTest.arc56.json,2026-07-16,,0,033a0a40
https://raw.githubusercontent.com/algorandfoundation/TEALScript/HEAD/tests/contracts/artifacts/ItxnsTest.arc56.json,2026-07-16,,0,58310760
https://raw.githubusercontent.com/algorandfoundation/TEALScript/HEAD/tests/contracts/artifacts/LoopsTest.arc56.json,2026-07-16,,0,6db9d853
https://raw.githubusercontent.com/algorandfoundation/TEALScript/HEAD/tests/contracts/artifacts/MathTest.arc56.json,2026-07-16,,0,d79a5045
https://raw.githubusercontent.com/algorandfoundation/TEALScript/HEAD/tests/contracts/artifacts/MultiInheritance.arc56.json,2026-07-16,,0,77955839
https://raw.githubusercontent.com/algorandfoundation/TEALScript/HEAD/tests/contracts/artifacts/MultiInheritanceProgram.arc56.json,2026-07-16,,0,b9bedc35
https://raw.githubusercontent.com/algorandfoundation/TEALScript/HEAD/tests/contracts/artifacts/ProgramVersion.arc56.json,2026-07-16,,0,2a476d08
https://raw.githubusercontent.com/algorandfoundation/TEALScript/HEAD/tests/contracts/artifacts/SchemaContract.arc56.json,2026-07-16,,0,90de1fce
https://raw.githubusercontent.com/algorandfoundation/TEALScript/HEAD/tests/contracts/artifacts/StorageTest.arc56.json,2026-07-16,,0,458beb90
https://raw.githubusercontent.com/algorandfoundation/TEALScript/HEAD/tests/contracts/artifacts/Templates.arc56.json,2026-07-16,,0,09ae4a3b
https://raw.githubusercontent.com/algorandfoundation/TEALScript/HEAD/tests/contracts/artifacts/TokenInfoContract.arc56.json,2026-07-16,,0,437d3089
https://raw.githubusercontent.com/algorandfoundation/xgov-beta-sc/HEAD/smart_contracts/artifacts/council/Council.arc56.json,2026-07-16,,0,590d74e4
https://raw.githubusercontent.com/algorandfoundation/xgov-beta-sc/HEAD/smart_contracts/artifacts/proposal/Proposal.arc56.json,2026-07-16,,0,b56c4936
https://raw.githubusercontent.com/algorandfoundation/xgov-beta-sc/HEAD/smart_contracts/artifacts/xgov_registry/XGovRegistry.arc56.json,2026-07-16,,0,d8e0da1e
https://raw.githubusercontent.com/algorandfoundation/xgov-beta-sc/HEAD/smart_contracts/artifacts/xgov_registry_mock/XgovRegistryMock.arc56.json,2026-07-16,,0,1dadee51
https://raw.githubusercontent.com/algorandfoundation/xgov-beta-sc/HEAD/smart_contracts/artifacts/xgov_subscriber_app_mock/XGovSubscriberAppMock.arc56.json,2026-07-16,,0,cf511535
https://raw.githubusercontent.com/allthetimeintheworld/my-project/HEAD/projects/my-project/smart_contracts/artifacts/fact_checker/FactChecker.arc56.json,2026-07-16,,0,09c50348
https://raw.githubusercontent.com/aman-mahto07/GTS/HEAD/projects/ALGORAND/smart_contracts/artifacts/hello_world/HelloWorld.arc56.json,2026-07-16,,0,b8616e65
https://raw.githubusercontent.com/Amanrajguptaa/Ticketer/HEAD/projects/ticketer-contracts/smart_contracts/artifacts/ticketer_contracts/TicketerContracts.arc56.json,2026-07-16,,0,83db02fa
https://raw.githubusercontent.com/ameen-ansarii/Algorand-Carpool/HEAD/ride-contract/smart_contracts/artifacts/ride_escrow/RideEscrow.arc56.json,2026-07-16,,0,202703b9
https://raw.githubusercontent.com/ameen-ansarii/Algorand-Carpool/HEAD/web-app/src/lib/RideEscrow.arc56.json,2026-07-16,,0,21e16cbf
https://raw.githubusercontent.com/AmitAswal123/RentChain-DApp/HEAD/projects/rentchain/smart_contracts/artifacts/hello_world/HelloWorld.arc56.json,2026-08-01,,1785564517,ac6a4572
https://raw.githubusercontent.com/amrit03b/AlgoCred/HEAD/projects/algocred-contracts/smart_contracts/artifacts/algo_cred/AlgoCred.arc56.json,2026-07-16,,0,12f78ae6
https://raw.githubusercontent.com/anandbobba/rift_web3/HEAD/Veritas/projects/Veritas-contracts/smart_contracts/artifacts/veritas_registry/VeritasRegistry.arc56.json,2026-07-16,,0,b1e87c06
https://raw.githubusercontent.com/anandbobba/rift_web3/HEAD/Veritas/projects/Veritas-contracts/smart_contracts/veritas_registry/smart_contracts/artifacts/veritas_registry/VeritasRegistry.arc56.json,2026-07-16,,0,da443d76
https://raw.githubusercontent.com/Ananyaa-08/Refugee-Identity-System/HEAD/projects/refugee-identity-system/Nexathon/blockchain/artifacts/refugee_contract/RefugeeContract.arc56.json,2026-07-16,,0,92bbcaf9
https://raw.githubusercontent.com/anchit-goel/PharmaClear/HEAD/projects/PharmaClear-contracts/smart_contracts/artifacts/pharma_clear/PharmaClear.arc56.json,2026-07-16,,0,c850fb71
https://raw.githubusercontent.com/AndaruHP/algorand-smart-contract/HEAD/bank_app/projects/bank_app/smart_contracts/artifacts/bank_app/bank_app.arc56.json,2026-07-16,,0,82a99cc2
https://raw.githubusercontent.com/AndaruHP/algorand-smart-contract/HEAD/hello_world/projects/hello_world/smart_contracts/artifacts/hello_world/HelloWorld.arc56.json,2026-07-16,,0,8f8e8bfd
https://raw.githubusercontent.com/AndaruHP/fair-split-protocol/HEAD/projects/fair_split/smart_contracts/artifacts/fair_split/FairSplit.arc56.json,2026-07-16,,0,9fee4d60
https://raw.githubusercontent.com/Aniketwarule/Crazy8_Ignition/HEAD/projects/Ignition-contracts/smart_contracts/artifacts/ignition_contract/IgnitionContract.arc56.json,2026-07-16,,0,0044d058
https://raw.githubusercontent.com/Aniketwarule/Crazy8_Ignition/HEAD/projects/Ignition-contracts/smart_contracts/artifacts/ignition_creator_model/CreatorModelGateway.arc56.json,2026-07-16,,0,faa1fd59
https://raw.githubusercontent.com/Aniketwarule/Crazy8_Ignition/HEAD/projects/Ignition-contracts/smart_contracts/artifacts/ignition_gateway/IgnitionGateway.arc56.json,2026-07-16,,0,9462fdf3
https://raw.githubusercontent.com/Aniketwarule/CryptoZombies_Algorand/HEAD/projects/algoZombiesSetup-contracts/smart_contracts/artifacts/zombies_contract/AlgoZombiesContract.arc56.json,2026-07-16,,0,0b09c6f3
https://raw.githubusercontent.com/Aniketwarule/CryptoZombies_Algorand/HEAD/projects/algoZombiesSetup-contracts/smart_contracts/artifacts/zombies_contract/ZombiesContract.arc56.json,2026-07-16,,0,c6093e7b
https://raw.githubusercontent.com/Aniketwarule/DAOShip/HEAD/DAOShip/projects/DAOShip-contracts/smart_contracts/artifacts/daoship/Daoship.arc56.json,2026-07-16,,0,3664ab4e
https://raw.githubusercontent.com/Aniketwarule/DAOShip/HEAD/DAOShip/projects/DAOShip-contracts/smart_contracts/artifacts/daoship/YesNoReward.arc56.json,2026-07-16,,0,139c5cd6
https://raw.githubusercontent.com/Aniketwarule/NFT_Marketplace/HEAD/Algoverse/projects/Algoverse-contracts/contracts/artifacts/Algoverse.arc56.json,2026-07-16,,0,418bdbf9
https://raw.githubusercontent.com/Aniketwarule/Synthra/HEAD/projects/Synthra_contracts/smart_contracts/artifacts/ignition_contract/IgnitionContract.arc56.json,2026-07-16,,0,74a9175d
https://raw.githubusercontent.com/Aniketwarule/Synthra/HEAD/projects/Synthra_contracts/smart_contracts/artifacts/ignition_creator_model/CreatorModelGateway.arc56.json,2026-07-16,,0,36130295
https://raw.githubusercontent.com/Aniketwarule/Synthra/HEAD/projects/Synthra_contracts/smart_contracts/artifacts/ignition_gateway/IgnitionGateway.arc56.json,2026-07-16,,0,5f813ef8
https://raw.githubusercontent.com/Aniketwarule/Synthra/HEAD/projects/Synthra_contracts/smart_contracts/artifacts/synthra_vault/SynthraVault.arc56.json,2026-07-16,,0,d3d5a4cd
https://raw.githubusercontent.com/AnirudhPratapSinghYadav/AlgoVault/HEAD/savings_vault/projects/community_donation_hub/smart_contracts/artifacts/community_donation_hub/CommunityDonationHub.arc56.json,2026-07-16,,0,c00e825e
https://raw.githubusercontent.com/AnirudhPratapSinghYadav/AlgoVault/HEAD/savings_vault/projects/disaster_vault/smart_contracts/artifacts/disaster_vault/DisasterVault.arc56.json,2026-07-16,,0,b8c7643e
https://raw.githubusercontent.com/AnirudhPratapSinghYadav/AlgoVault/HEAD/savings_vault/projects/savings_vault/smart_contracts/artifacts/default/Default.arc56.json,2026-07-16,,0,06fe5613
https://raw.githubusercontent.com/AnirudhPratapSinghYadav/AlgoVault/HEAD/savings_vault/projects/savings_vault/smart_contracts/artifacts/savings_vault/SavingsVault.arc56.json,2026-07-16,,0,edb5affc
https://raw.githubusercontent.com/AnirudhPratapSinghYadav/AlgoVault/HEAD/src/contracts/CommunityDonationHub.arc56.json,2026-07-16,,0,d749f83b
https://raw.githubusercontent.com/AnirudhPratapSinghYadav/AlgoVault/HEAD/src/contracts/DisasterVault.arc56.json,2026-07-16,,0,32b608a7
https://raw.githubusercontent.com/AnirudhPratapSinghYadav/Bharat-Algorand-SupplyChain/HEAD/artifacts/NaviTrust.arc56.json,2026-07-16,,0,78fa960f
https://raw.githubusercontent.com/AnirudhPratapSinghYadav/Bharat-Algorand-SupplyChain/HEAD/smart_contracts/navi_trust/smart_contracts/artifacts/navi_trust/NaviTrust.arc56.json,2026-07-16,,0,40139aef
https://raw.githubusercontent.com/AnirudhPratapSinghYadav/Team-Bharat-SIT-Hackathon-SupplyChainAlgorand/HEAD/artifacts/AgriSupplyChainEscrow.arc56.json,2026-07-16,,0,1abb5092
https://raw.githubusercontent.com/AnmayG/datachat/HEAD/src/smartcontract/HandshakeApp.arc56.json,2026-07-16,,0,2fd9d395
https://raw.githubusercontent.com/ansaria11/Hackathon/HEAD/projects/Hackathon-contracts/smart_contracts/artifacts/hackathon_contract/HackathonContract.arc56.json,2026-07-16,,0,6b34a24a
https://raw.githubusercontent.com/ansu555/Algorand_prototype-v0.0.1/HEAD/artifacts/autopilot_rule/AutoPilotRuleContract.arc56.json,2026-07-16,,0,4ca791f2
https://raw.githubusercontent.com/ansu555/Algorand_prototype-v0.0.1/HEAD/artifacts/liquidity_pool/LiquidityPoolContract.arc56.json,2026-07-16,,0,d77ed0c7
https://raw.githubusercontent.com/ansu555/Algorand_prototype-v0.0.1/HEAD/artifacts/multihop_swap/MultihopSwapRouter.arc56.json,2026-07-16,,0,841f0ae4
https://raw.githubusercontent.com/ansu555/Algorand_prototype-v0.0.1/HEAD/artifacts/multihop_swap/PactPoolAdapter.arc56.json,2026-07-16,,0,49581589
https://raw.githubusercontent.com/ansu555/Algorand_prototype-v0.0.1/HEAD/artifacts/multihop_swap/TinymanPoolAdapter.arc56.json,2026-07-16,,0,c8774542
https://raw.githubusercontent.com/ansu555/Algorand_prototype-v0.0.1/HEAD/artifacts/staking/StakingContract.arc56.json,2026-07-16,,0,6d5522e6
https://raw.githubusercontent.com/ansu555/Algorand_prototype-v0.0.1/HEAD/artifacts/token_launchpad/TokenLaunchpad.arc56.json,2026-07-16,,0,706dbb8d
https://raw.githubusercontent.com/ansu555/Algorand_prototype-v0.0.1/HEAD/Blockchain/projects/10x_Swap/artifacts/autopilot_rule/AutoPilotRuleContract.arc56.json,2026-07-16,,0,22c79096
https://raw.githubusercontent.com/ansu555/Algorand_prototype-v0.0.1/HEAD/Blockchain/projects/10x_Swap/smart_contracts/staking/StakingContract.arc56.json,2026-07-16,,0,dad6909d
https://raw.githubusercontent.com/Antxnrx/CodeX-NutriGrade/HEAD/algo-contract/projects/algo-contract/smart_contracts/artifacts/nutri_contract/NutriGradeSimple.arc56.json,2026-07-16,,0,74d3d873
https://raw.githubusercontent.com/anupa-perera/DML-Chain/HEAD/projects/DML-contracts/contracts/artifacts/DMLChain.arc56.json,2026-07-16,,0,249d4830
https://raw.githubusercontent.com/AnuragAJ25/BaseCase-Web3-Algorand/HEAD/contracts/bounty_escrow/backend/contract_artifacts/BountyEscrowContract.arc56.json,2026-07-16,,0,0ac88497
https://raw.githubusercontent.com/aorumbayev/arcontextify/HEAD/artifacts/HelloWorld.arc56.json,2026-07-16,,0,563a5276
https://raw.githubusercontent.com/aorumbayev/arcontextify/HEAD/artifacts/Nfd.arc56.json,2026-07-17,,0,66bfbd06
https://raw.githubusercontent.com/aorumbayev/puya/HEAD/examples/amm/out/ConstantProductAMM.arc56.json,2026-07-16,,0,34fb6926
https://raw.githubusercontent.com/aorumbayev/puya/HEAD/examples/arc_28/out/EventEmitter.arc56.json,2026-07-16,,0,521d51ac
https://raw.githubusercontent.com/aorumbayev/puya/HEAD/examples/auction/out/Auction.arc56.json,2026-07-16,,0,e30a50f3
https://raw.githubusercontent.com/aorumbayev/puya/HEAD/examples/box_storage/out/BoxContract.arc56.json,2026-07-16,,0,5cb9caa8
https://raw.githubusercontent.com/aorumbayev/puya/HEAD/examples/hello_world_arc4/out/HelloWorldContract.arc56.json,2026-07-16,,0,4919fe87
https://raw.githubusercontent.com/aorumbayev/puya/HEAD/examples/merkle/out/MerkleTree.arc56.json,2026-07-16,,0,554fdb2d
https://raw.githubusercontent.com/aorumbayev/puya/HEAD/examples/struct_in_box/out/ExampleContract.arc56.json,2026-07-16,,0,4255b7c0
https://raw.githubusercontent.com/aorumbayev/puya/HEAD/examples/tictactoe/out/TicTacToeContract.arc56.json,2026-07-16,,0,5b2233d8
https://raw.githubusercontent.com/aorumbayev/puya/HEAD/examples/voting/out/VotingRoundApp.arc56.json,2026-07-16,,0,70dfdd34
https://raw.githubusercontent.com/aorumbayev/puya/HEAD/test_cases/abi_routing/out/CustomApproval.arc56.json,2026-07-16,,0,84abe312
https://raw.githubusercontent.com/aorumbayev/puya/HEAD/test_cases/abi_routing/out/CustomApproval2.arc56.json,2026-07-16,,0,0ac9df38
https://raw.githubusercontent.com/aorumbayev/puya/HEAD/test_cases/abi_routing/out/CustomApproval3.arc56.json,2026-07-16,,0,fa5409b8
https://raw.githubusercontent.com/aorumbayev/puya/HEAD/test_cases/abi_routing/out/MinimumARC4.arc56.json,2026-07-16,,0,d5173474
https://raw.githubusercontent.com/aorumbayev/puya/HEAD/test_cases/abi_routing/out/Reference.arc56.json,2026-07-16,,0,5552b1fb
https://raw.githubusercontent.com/aorumbayev/puya/HEAD/test_cases/arc4_dynamic_arrays/out/DynamicArrayContract.arc56.json,2026-07-16,,0,895ca809
https://raw.githubusercontent.com/aorumbayev/puya/HEAD/test_cases/arc4_types/out/Arc4DynamicStringArrayContract.arc56.json,2026-07-16,,0,c2878968
https://raw.githubusercontent.com/aorumbayev/puya/HEAD/test_cases/arc4_types/out/MutableParams2.arc56.json,2026-07-16,,0,bbf595b5
https://raw.githubusercontent.com/aorumbayev/puya/HEAD/test_cases/arc_56/out/Contract.arc56.json,2026-07-16,,0,e17348ae
https://raw.githubusercontent.com/aorumbayev/puya/HEAD/test_cases/array/out/AbiCallContract.arc56.json,2026-07-16,,0,003bc3f4
https://raw.githubusercontent.com/aorumbayev/puya/HEAD/test_cases/array/out/Contract.arc56.json,2026-07-16,,0,526607e6
https://raw.githubusercontent.com/aorumbayev/puya/HEAD/test_cases/array/out/ImmutableArrayContract.arc56.json,2026-07-16,,0,a05d85d0
https://raw.githubusercontent.com/aorumbayev/puya/HEAD/test_cases/array/out/StaticSizeContract.arc56.json,2026-07-16,,0,9c599c3a
https://raw.githubusercontent.com/aorumbayev/puya/HEAD/test_cases/avm_11/out/Contract.arc56.json,2026-07-16,,0,f6adb9f7
https://raw.githubusercontent.com/aorumbayev/puya/HEAD/test_cases/avm_12/out/Contract.arc56.json,2026-07-17,,0,014dc99b
https://raw.githubusercontent.com/aorumbayev/puya/HEAD/test_cases/avm_types_in_abi/out/TestContract.arc56.json,2026-07-16,,0,7a67a46d
https://raw.githubusercontent.com/aorumbayev/puya/HEAD/test_cases/compile/out/Hello.arc56.json,2026-07-16,,0,b8890893
https://raw.githubusercontent.com/aorumbayev/puya/HEAD/test_cases/compile/out/HelloBase.arc56.json,2026-07-16,,0,7b19a9ec
https://raw.githubusercontent.com/aorumbayev/puya/HEAD/test_cases/compile/out/HelloFactory.arc56.json,2026-07-16,,0,aa29d241
https://raw.githubusercontent.com/aorumbayev/puya/HEAD/test_cases/compile/out/HelloOtherConstants.arc56.json,2026-07-16,,0,900ec893
https://raw.githubusercontent.com/aorumbayev/puya/HEAD/test_cases/compile/out/HelloPrfx.arc56.json,2026-07-16,,0,35d3196f
https://raw.githubusercontent.com/aorumbayev/puya/HEAD/test_cases/compile/out/HelloTmpl.arc56.json,2026-07-16,,0,a059c7ce
https://raw.githubusercontent.com/aorumbayev/puya/HEAD/test_cases/compile/out/LargeProgram.arc56.json,2026-07-16,,0,b0ccd223
https://raw.githubusercontent.com/aorumbayev/puya/HEAD/test_cases/debug/out/DebugContract.arc56.json,2026-07-16,,0,e0c0d673
https://raw.githubusercontent.com/aorumbayev/puya/HEAD/test_cases/diamond_mro/out/Base1.arc56.json,2026-07-16,,0,bf513d3d
https://raw.githubusercontent.com/aorumbayev/puya/HEAD/test_cases/diamond_mro/out/Base2.arc56.json,2026-07-16,,0,f1c61ca2
https://raw.githubusercontent.com/aorumbayev/puya/HEAD/test_cases/diamond_mro/out/Derived.arc56.json,2026-07-17,,0,f011f010
https://raw.githubusercontent.com/aorumbayev/puya/HEAD/test_cases/diamond_mro/out/GP.arc56.json,2026-07-16,,0,45575adb
https://raw.githubusercontent.com/aorumbayev/puya/HEAD/test_cases/everything/out/MyContract.arc56.json,2026-07-16,,0,cc600081
https://raw.githubusercontent.com/aorumbayev/puya/HEAD/test_cases/group_side_effects/out/AppCall.arc56.json,2026-07-16,,0,40a5c896
https://raw.githubusercontent.com/aorumbayev/puya/HEAD/test_cases/group_side_effects/out/AppExpectingEffects.arc56.json,2026-07-16,,0,ebfed50b
https://raw.githubusercontent.com/aorumbayev/puya/HEAD/test_cases/inlining/out/NeverReturns.arc56.json,2026-07-16,,0,f3e67a63
https://raw.githubusercontent.com/aorumbayev/puya/HEAD/test_cases/inner_transactions/out/ArrayAccessContract.arc56.json,2026-07-16,,0,25216dcc
https://raw.githubusercontent.com/aorumbayev/puya/HEAD/test_cases/inner_transactions/out/CreateAndTransferContract.arc56.json,2026-07-16,,0,e610aedd
https://raw.githubusercontent.com/aorumbayev/puya/HEAD/test_cases/inner_transactions/out/FieldTupleContract.arc56.json,2026-07-16,,0,0be2069d
https://raw.githubusercontent.com/aorumbayev/puya/HEAD/test_cases/inner_transactions/out/Greeter.arc56.json,2026-07-16,,0,68bdcff6
https://raw.githubusercontent.com/aorumbayev/puya/HEAD/test_cases/inner_transactions_assignment/out/Contract.arc56.json,2026-07-16,,0,3a5055ca
https://raw.githubusercontent.com/aorumbayev/puya/HEAD/test_cases/named_tuples/out/NamedTuplesContract.arc56.json,2026-07-16,,0,3227712a
https://raw.githubusercontent.com/aorumbayev/puya/HEAD/test_cases/regression_tests/out/BranchElimination.arc56.json,2026-07-16,,0,8e1986eb
https://raw.githubusercontent.com/aorumbayev/puya/HEAD/test_cases/regression_tests/out/Issue118.arc56.json,2026-07-16,,0,cd8ec1ce
https://raw.githubusercontent.com/aorumbayev/puya/HEAD/test_cases/regression_tests/out/Jira142.arc56.json,2026-07-16,,0,0254ce3a
https://raw.githubusercontent.com/aorumbayev/puya/HEAD/test_cases/regression_tests/out/VRFVerifier.arc56.json,2026-07-16,,0,21be7d5f
https://raw.githubusercontent.com/aorumbayev/puya/HEAD/test_cases/reinterpret_cast/out/Contract.arc56.json,2026-07-16,,0,f45f688b
https://raw.githubusercontent.com/aorumbayev/puya/HEAD/test_cases/state_mutations/out/Contract.arc56.json,2026-07-16,,0,b08ed14e
https://raw.githubusercontent.com/aorumbayev/puya/HEAD/test_cases/state_proxies/out/StateProxyContract.arc56.json,2026-07-16,,0,a35a5c0a
https://raw.githubusercontent.com/aorumbayev/puya/HEAD/test_cases/state_totals/out/Contract.arc56.json,2026-07-16,,0,d54f4bf2
https://raw.githubusercontent.com/aorumbayev/puya/HEAD/test_cases/struct_by_name/out/DemoContract.arc56.json,2026-07-16,,0,e5f895e8
https://raw.githubusercontent.com/aorumbayev/puya/HEAD/test_cases/template_variables/out/TemplateVariablesContract.arc56.json,2026-07-16,,0,7681fb8e
https://raw.githubusercontent.com/aorumbayev/puya/HEAD/test_cases/transaction/out/TransactionContract.arc56.json,2026-07-16,,0,005d2ac5
https://raw.githubusercontent.com/aorumbayev/puya/HEAD/test_cases/tuple_support/out/NestedTuples.arc56.json,2026-07-16,,0,40b9ad68
https://raw.githubusercontent.com/aorumbayev/puya/HEAD/test_cases/typed_abi_call/out/Greeter.arc56.json,2026-07-16,,0,1aecb905
https://raw.githubusercontent.com/aorumbayev/puya/HEAD/test_cases/typed_abi_call/out/Logger.arc56.json,2026-07-16,,0,94b71c6c
https://raw.githubusercontent.com/aorumbayev/puya/HEAD/test_cases/typed_abi_call_txn/out/Caller.arc56.json,2026-07-16,,0,e89abb29
https://raw.githubusercontent.com/aorumbayev/puya/HEAD/test_cases/typed_abi_call_txn/out/TxnContract.arc56.json,2026-07-16,,0,c2ade0df
https://raw.githubusercontent.com/aorumbayev/puya/HEAD/test_cases/unassigned_expression/out/Unassigned.arc56.json,2026-07-16,,0,0c2f085b
https://raw.githubusercontent.com/aradhanahingane/sahay-AI/HEAD/projects/sahayAI-contracts/smart_contracts/artifacts/hello_world/HelloWorld.arc56.json,2026-07-16,,0,9410d85e
https://raw.githubusercontent.com/aradhanahingane/sahay-AI/HEAD/projects/sahayAI-contracts/smart_contracts/artifacts/hello_world/SahayAiLending.arc56.json,2026-07-16,,0,9d913eed
https://raw.githubusercontent.com/Argimirodelpozo/puya-sol/HEAD/tests/solidity-semantic-tests/out/abidecode/abi_decode_simple/C.arc56.json,2026-07-16,,0,9fb3fadd
https://raw.githubusercontent.com/Argimirodelpozo/puya-sol/HEAD/tests/solidity-semantic-tests/out/abiEncodeDecode/abi_decode_calldata/C.arc56.json,2026-07-16,,0,6307f646
https://raw.githubusercontent.com/Argimirodelpozo/puya-sol/HEAD/tests/solidity-semantic-tests/out/abiEncodeDecode/abi_decode_simple/C.arc56.json,2026-07-16,,0,fe73c63c
https://raw.githubusercontent.com/Argimirodelpozo/puya-sol/HEAD/tests/solidity-semantic-tests/out/abiEncodeDecode/abi_decode_simple_storage/C.arc56.json,2026-07-16,,0,4df76645
https://raw.githubusercontent.com/Argimirodelpozo/puya-sol/HEAD/tests/solidity-semantic-tests/out/abiEncodeDecode/abi_encode_call/C.arc56.json,2026-07-16,,0,3975b5c8
https://raw.githubusercontent.com/Argimirodelpozo/puya-sol/HEAD/tests/solidity-semantic-tests/out/abiEncodeDecode/abi_encode_call_declaration/Base.arc56.json,2026-07-16,,0,8105e3ef
https://raw.githubusercontent.com/Argimirodelpozo/puya-sol/HEAD/tests/solidity-semantic-tests/out/abiEncodeDecode/abi_encode_call_declaration/C.arc56.json,2026-07-16,,0,c3eea77d
https://raw.githubusercontent.com/Argimirodelpozo/puya-sol/HEAD/tests/solidity-semantic-tests/out/abiEncodeDecode/abi_encode_call_declaration/X.arc56.json,2026-07-16,,0,27e2723e
https://raw.githubusercontent.com/Argimirodelpozo/puya-sol/HEAD/tests/solidity-semantic-tests/out/abiEncodeDecode/abi_encode_call_is_consistent/C.arc56.json,2026-07-16,,0,a23d25c8
https://raw.githubusercontent.com/Argimirodelpozo/puya-sol/HEAD/tests/solidity-semantic-tests/out/abiEncodeDecode/abi_encode_call_memory/C.arc56.json,2026-07-16,,0,d85752a0
https://raw.githubusercontent.com/Argimirodelpozo/puya-sol/HEAD/tests/solidity-semantic-tests/out/abiEncodeDecode/abi_encode_call_memory/D.arc56.json,2026-07-16,,0,e24647cf
https://raw.githubusercontent.com/Argimirodelpozo/puya-sol/HEAD/tests/solidity-semantic-tests/out/abiEncodeDecode/abi_encode_call_special_args/C.arc56.json,2026-07-16,,0,94e75ed3
https://raw.githubusercontent.com/Argimirodelpozo/puya-sol/HEAD/tests/solidity-semantic-tests/out/abiEncodeDecode/abi_encode_call_uint_bytes/C.arc56.json,2026-07-16,,0,7b0b8fe6
https://raw.githubusercontent.com/Argimirodelpozo/puya-sol/HEAD/tests/solidity-semantic-tests/out/abiEncodeDecode/abi_encode_empty_string_v1/C.arc56.json,2026-07-16,,0,edfaf6e1
https://raw.githubusercontent.com/Argimirodelpozo/puya-sol/HEAD/tests/solidity-semantic-tests/out/abiEncodeDecode/abi_encode_with_selector/C.arc56.json,2026-07-16,,0,728ff71c
https://raw.githubusercontent.com/Argimirodelpozo/puya-sol/HEAD/tests/solidity-semantic-tests/out/abiEncodeDecode/abi_encode_with_selectorv2/C.arc56.json,2026-07-16,,0,47ee809f
https://raw.githubusercontent.com/Argimirodelpozo/puya-sol/HEAD/tests/solidity-semantic-tests/out/abiEncodeDecode/abi_encode_with_signature/C.arc56.json,2026-07-16,,0,346f7d89
https://raw.githubusercontent.com/Argimirodelpozo/puya-sol/HEAD/tests/solidity-semantic-tests/out/abiEncodeDecode/abi_encode_with_signaturev2/C.arc56.json,2026-07-16,,0,7e4f2070
https://raw.githubusercontent.com/Argimirodelpozo/puya-sol/HEAD/tests/solidity-semantic-tests/out/abiEncodeDecode/contract_array/C.arc56.json,2026-07-16,,0,a1d9cf43
https://raw.githubusercontent.com/Argimirodelpozo/puya-sol/HEAD/tests/solidity-semantic-tests/out/abiEncodeDecode/contract_array_v2/C.arc56.json,2026-07-16,,0,1f86efe6
https://raw.githubusercontent.com/Argimirodelpozo/puya-sol/HEAD/tests/solidity-semantic-tests/out/abiEncodeDecode/offset_overflow_in_array_decoding/Test.arc56.json,2026-07-16,,0,24c31a06
https://raw.githubusercontent.com/Argimirodelpozo/puya-sol/HEAD/tests/solidity-semantic-tests/out/abiEncodeDecode/offset_overflow_in_array_decoding_2/Test.arc56.json,2026-07-16,,0,4dcdca1c
https://raw.githubusercontent.com/Argimirodelpozo/puya-sol/HEAD/tests/solidity-semantic-tests/out/abiEncodeDecode/offset_overflow_in_array_decoding_3/Test.arc56.json,2026-07-16,,0,be9d5f4f
https://raw.githubusercontent.com/Argimirodelpozo/puya-sol/HEAD/tests/solidity-semantic-tests/out/abiEncoderV1/abi_decode_dynamic_array/C.arc56.json,2026-07-16,,0,dc6263df
https://raw.githubusercontent.com/Argimirodelpozo/puya-sol/HEAD/tests/solidity-semantic-tests/out/abiEncoderV1/abi_decode_fixed_arrays/C.arc56.json,2026-07-16,,0,24fb634d
https://raw.githubusercontent.com/Argimirodelpozo/puya-sol/HEAD/tests/solidity-semantic-tests/out/abiEncoderV1/abi_decode_static_array/C.arc56.json,2026-07-16,,0,045fe15e
https://raw.githubusercontent.com/Argimirodelpozo/puya-sol/HEAD/tests/solidity-semantic-tests/out/abiEncoderV1/abi_decode_static_array_v2/C.arc56.json,2026-07-16,,0,406e1736
https://raw.githubusercontent.com/Argimirodelpozo/puya-sol/HEAD/tests/solidity-semantic-tests/out/abiEncoderV1/abi_decode_trivial/C.arc56.json,2026-07-16,,0,5efc0cb0
https://raw.githubusercontent.com/Argimirodelpozo/puya-sol/HEAD/tests/solidity-semantic-tests/out/abiEncoderV1/abi_decode_v2/C.arc56.json,2026-07-16,,0,97ad7909
https://raw.githubusercontent.com/Argimirodelpozo/puya-sol/HEAD/tests/solidity-semantic-tests/out/abiEncoderV1/abi_decode_v2_calldata/C.arc56.json,2026-07-16,,0,f27f62e0
https://raw.githubusercontent.com/Argimirodelpozo/puya-sol/HEAD/tests/solidity-semantic-tests/out/abiEncoderV1/abi_decode_v2_storage/C.arc56.json,2026-07-16,,0,4ab7da28
https://raw.githubusercontent.com/Argimirodelpozo/puya-sol/HEAD/tests/solidity-semantic-tests/out/abiEncoderV1/abi_encode/C.arc56.json,2026-07-16,,0,f84fed8a
https://raw.githubusercontent.com/Argimirodelpozo/puya-sol/HEAD/tests/solidity-semantic-tests/out/abiEncoderV1/abi_encode_call/C.arc56.json,2026-07-16,,0,a7dea0a5
https://raw.githubusercontent.com/Argimirodelpozo/puya-sol/HEAD/tests/solidity-semantic-tests/out/abiEncoderV1/abi_encode_calldata_slice/C.arc56.json,2026-07-16,,0,0f803f04
https://raw.githubusercontent.com/Argimirodelpozo/puya-sol/HEAD/tests/solidity-semantic-tests/out/abiEncoderV1/abi_encode_decode_simple/C.arc56.json,2026-07-16,,0,36e7fbee
https://raw.githubusercontent.com/Argimirodelpozo/puya-sol/HEAD/tests/solidity-semantic-tests/out/abiEncoderV1/abi_encode_empty_string/C.arc56.json,2026-07-16,,0,314e3aab
https://raw.githubusercontent.com/Argimirodelpozo/puya-sol/HEAD/tests/solidity-semantic-tests/out/abiEncoderV1/abi_encode_rational/C.arc56.json,2026-07-16,,0,91921d4f
https://raw.githubusercontent.com/Argimirodelpozo/puya-sol/HEAD/tests/solidity-semantic-tests/out/abiEncoderV1/bool_out_of_bounds/C.arc56.json,2026-07-16,,0,21548d95
https://raw.githubusercontent.com/Argimirodelpozo/puya-sol/HEAD/tests/solidity-semantic-tests/out/abiEncoderV1/byte_arrays/C.arc56.json,2026-07-16,,0,89e77698
https://raw.githubusercontent.com/Argimirodelpozo/puya-sol/HEAD/tests/solidity-semantic-tests/out/abiEncoderV1/calldata_arrays_too_large/C.arc56.json,2026-07-16,,0,c9ce4afe
https://raw.githubusercontent.com/Argimirodelpozo/puya-sol/HEAD/tests/solidity-semantic-tests/out/abiEncoderV1/calldata_bytes_bytes32_arrays/C.arc56.json,2026-07-16,,0,8951a00f
https://raw.githubusercontent.com/Argimirodelpozo/puya-sol/HEAD/tests/solidity-semantic-tests/out/abiEncoderV1/decode_slice/C.arc56.json,2026-07-16,,0,42d190d6
https://raw.githubusercontent.com/Argimirodelpozo/puya-sol/HEAD/tests/solidity-semantic-tests/out/abiEncoderV1/dynamic_arrays/C.arc56.json,2026-07-16,,0,2f5031da
https://raw.githubusercontent.com/Argimirodelpozo/puya-sol/HEAD/tests/solidity-semantic-tests/out/abiEncoderV1/dynamic_memory_copy/C.arc56.json,2026-07-16,,0,54a3b6c8
https://raw.githubusercontent.com/Argimirodelpozo/puya-sol/HEAD/tests/solidity-semantic-tests/out/abiEncoderV1/enums/C.arc56.json,2026-07-16,,0,17e3ff3a
https://raw.githubusercontent.com/Argimirodelpozo/puya-sol/HEAD/tests/solidity-semantic-tests/out/abiEncoderV1/memory_dynamic_array_and_calldata_bytes/C.arc56.json,2026-07-16,,0,c325a9c5
https://raw.githubusercontent.com/Argimirodelpozo/puya-sol/HEAD/tests/solidity-semantic-tests/out/abiEncoderV1/memory_params_in_external_function/C.arc56.json,2026-07-16,,0,cae766e6
https://raw.githubusercontent.com/Argimirodelpozo/puya-sol/HEAD/tests/solidity-semantic-tests/out/abiEncoderV1/return_dynamic_types_cross_call_advanced/C.arc56.json,2026-07-16,,0,e368284f
https://raw.githubusercontent.com/Argimirodelpozo/puya-sol/HEAD/tests/solidity-semantic-tests/out/abiEncoderV1/return_dynamic_types_cross_call_out_of_range_1/C.arc56.json,2026-07-16,,0,e8646e39
https://raw.githubusercontent.com/Argimirodelpozo/puya-sol/HEAD/tests/solidity-semantic-tests/out/abiEncoderV1/return_dynamic_types_cross_call_out_of_range_2/C.arc56.json,2026-07-16,,0,cf054c2b
https://raw.githubusercontent.com/Argimirodelpozo/puya-sol/HEAD/tests/solidity-semantic-tests/out/abiEncoderV1/return_dynamic_types_cross_call_simple/C.arc56.json,2026-07-16,,0,b4d885ec
https://raw.githubusercontent.com/Argimirodelpozo/puya-sol/HEAD/tests/solidity-semantic-tests/out/abiEncoderV2/abi_encode_calldata_slice/C.arc56.json,2026-07-16,,0,108cd817
https://raw.githubusercontent.com/Argimirodelpozo/puya-sol/HEAD/tests/solidity-semantic-tests/out/abiEncoderV2/abi_encode_empty_string_v2/C.arc56.json,2026-07-16,,0,77ba0dab
https://raw.githubusercontent.com/Argimirodelpozo/puya-sol/HEAD/tests/solidity-semantic-tests/out/abiEncoderV2/abi_encode_rational_v2/C.arc56.json,2026-07-16,,0,a7a34cfb
https://raw.githubusercontent.com/Argimirodelpozo/puya-sol/HEAD/tests/solidity-semantic-tests/out/abiEncoderV2/abi_encode_v2/C.arc56.json,2026-07-16,,0,48b9f646
https://raw.githubusercontent.com/Argimirodelpozo/puya-sol/HEAD/tests/solidity-semantic-tests/out/abiEncoderV2/abi_encode_v2_in_function_inherited_in_v1_contract/A.arc56.json,2026-07-16,,0,47ca1243
https://raw.githubusercontent.com/Argimirodelpozo/puya-sol/HEAD/tests/solidity-semantic-tests/out/abiEncoderV2/abi_encode_v2_in_function_inherited_in_v1_contract/B.arc56.json,2026-07-16,,0,110e13d2
https://raw.githubusercontent.com/Argimirodelpozo/puya-sol/HEAD/tests/solidity-semantic-tests/out/abiEncoderV2/abi_encode_v2_in_function_inherited_in_v1_contract/C.arc56.json,2026-07-16,,0,549b4509
https://raw.githubusercontent.com/Argimirodelpozo/puya-sol/HEAD/tests/solidity-semantic-tests/out/abiEncoderV2/abi_encode_v2_in_modifier_used_in_v1_contract/A.arc56.json,2026-07-16,,0,ee1893f0
https://raw.githubusercontent.com/Argimirodelpozo/puya-sol/HEAD/tests/solidity-semantic-tests/out/abiEncoderV2/abi_encode_v2_in_modifier_used_in_v1_contract/B.arc56.json,2026-07-16,,0,253e593a
https://raw.githubusercontent.com/Argimirodelpozo/puya-sol/HEAD/tests/solidity-semantic-tests/out/abiEncoderV2/abi_encode_v2_in_modifier_used_in_v1_contract/C.arc56.json,2026-07-16,,0,7f80e39d
https://raw.githubusercontent.com/Argimirodelpozo/puya-sol/HEAD/tests/solidity-semantic-tests/out/abiEncoderV2/abi_encoder_v2_head_overflow_with_static_array_cleanup_bug/E.arc56.json,2026-07-16,,0,15865521
https://raw.githubusercontent.com/Argimirodelpozo/puya-sol/HEAD/tests/solidity-semantic-tests/out/abiEncoderV2/bool_out_of_bounds/C.arc56.json,2026-07-16,,0,cb3488e0
https://raw.githubusercontent.com/Argimirodelpozo/puya-sol/HEAD/tests/solidity-semantic-tests/out/abiEncoderV2/byte_arrays/C.arc56.json,2026-07-16,,0,90005656
https://raw.githubusercontent.com/Argimirodelpozo/puya-sol/HEAD/tests/solidity-semantic-tests/out/abiEncoderV2/calldata_array/C.arc56.json,2026-07-16,,0,9bc80915
https://raw.githubusercontent.com/Argimirodelpozo/puya-sol/HEAD/tests/solidity-semantic-tests/out/abiEncoderV2/calldata_array_dynamic/C.arc56.json,2026-07-16,,0,e23f3c56
https://raw.githubusercontent.com/Argimirodelpozo/puya-sol/HEAD/tests/solidity-semantic-tests/out/abiEncoderV2/calldata_array_dynamic_index_access/C.arc56.json,2026-07-16,,0,74f20902
https://raw.githubusercontent.com/Argimirodelpozo/puya-sol/HEAD/tests/solidity-semantic-tests/out/abiEncoderV2/calldata_array_dynamic_static_dynamic/C.arc56.json,2026-07-16,,0,669e5b53
https://raw.githubusercontent.com/Argimirodelpozo/puya-sol/HEAD/tests/solidity-semantic-tests/out/abiEncoderV2/calldata_array_dynamic_static_in_library/C.arc56.json,2026-07-16,,0,4147a07f
https://raw.githubusercontent.com/Argimirodelpozo/puya-sol/HEAD/tests/solidity-semantic-tests/out/abiEncoderV2/calldata_array_dynamic_static_short_decode/C.arc56.json,2026-07-16,,0,ea2960ed
https://raw.githubusercontent.com/Argimirodelpozo/puya-sol/HEAD/tests/solidity-semantic-tests/out/abiEncoderV2/calldata_array_dynamic_static_short_reencode/C.arc56.json,2026-07-16,,0,f554f5e0
https://raw.githubusercontent.com/Argimirodelpozo/puya-sol/HEAD/tests/solidity-semantic-tests/out/abiEncoderV2/calldata_array_function_types/C.arc56.json,2026-07-16,,0,0d485a70
https://raw.githubusercontent.com/Argimirodelpozo/puya-sol/HEAD/tests/solidity-semantic-tests/out/abiEncoderV2/calldata_array_multi_dynamic/C.arc56.json,2026-07-16,,0,7c6f6673
https://raw.githubusercontent.com/Argimirodelpozo/puya-sol/HEAD/tests/solidity-semantic-tests/out/abiEncoderV2/calldata_array_short/C.arc56.json,2026-07-16,,0,b9bfa811
https://raw.githubusercontent.com/Argimirodelpozo/puya-sol/HEAD/tests/solidity-semantic-tests/out/abiEncoderV2/calldata_array_short_no_revert_string/C.arc56.json,2026-07-16,,0,d236fcc9
https://raw.githubusercontent.com/Argimirodelpozo/puya-sol/HEAD/tests/solidity-semantic-tests/out/abiEncoderV2/calldata_array_static/C.arc56.json,2026-07-16,,0,13bce384
https://raw.githubusercontent.com/Argimirodelpozo/puya-sol/HEAD/tests/solidity-semantic-tests/out/abiEncoderV2/calldata_array_static_dynamic_static/C.arc56.json,2026-07-16,,0,942c7d22
https://raw.githubusercontent.com/Argimirodelpozo/puya-sol/HEAD/tests/solidity-semantic-tests/out/abiEncoderV2/calldata_array_static_index_access/C.arc56.json,2026-07-16,,0,6e77f22b
https://raw.githubusercontent.com/Argimirodelpozo/puya-sol/HEAD/tests/solidity-semantic-tests/out/abiEncoderV2/calldata_array_struct_dynamic/C.arc56.json,2026-07-16,,0,36570923
https://raw.githubusercontent.com/Argimirodelpozo/puya-sol/HEAD/tests/solidity-semantic-tests/out/abiEncoderV2/calldata_array_two_dynamic/C.arc56.json,2026-07-16,,0,ef4e409f
https://raw.githubusercontent.com/Argimirodelpozo/puya-sol/HEAD/tests/solidity-semantic-tests/out/abiEncoderV2/calldata_array_two_static/C.arc56.json,2026-07-16,,0,f64eee0f
https://raw.githubusercontent.com/Argimirodelpozo/puya-sol/HEAD/tests/solidity-semantic-tests/out/abiEncoderV2/calldata_dynamic_array_to_memory/C.arc56.json,2026-07-16,,0,3e56b0ac
https://raw.githubusercontent.com/Argimirodelpozo/puya-sol/HEAD/tests/solidity-semantic-tests/out/abiEncoderV2/calldata_nested_array_reencode/C.arc56.json,2026-07-16,,0,1937e717
https://raw.githubusercontent.com/Argimirodelpozo/puya-sol/HEAD/tests/solidity-semantic-tests/out/abiEncoderV2/calldata_nested_array_static_reencode/C.arc56.json,2026-07-16,,0,e82029c9
https://raw.githubusercontent.com/Argimirodelpozo/puya-sol/HEAD/tests/solidity-semantic-tests/out/abiEncoderV2/calldata_overlapped_dynamic_arrays/C.arc56.json,2026-07-16,,0,90f83a11
https://raw.githubusercontent.com/Argimirodelpozo/puya-sol/HEAD/tests/solidity-semantic-tests/out/abiEncoderV2/calldata_overlapped_nested_dynamic_arrays/C.arc56.json,2026-07-16,,0,ee378960
https://raw.githubusercontent.com/Argimirodelpozo/puya-sol/HEAD/tests/solidity-semantic-tests/out/abiEncoderV2/calldata_struct_array_reencode/C.arc56.json,2026-07-16,,0,537c8fe0
https://raw.githubusercontent.com/Argimirodelpozo/puya-sol/HEAD/tests/solidity-semantic-tests/out/abiEncoderV2/calldata_struct_dynamic/C.arc56.json,2026-07-16,,0,81894650
https://raw.githubusercontent.com/Argimirodelpozo/puya-sol/HEAD/tests/solidity-semantic-tests/out/abiEncoderV2/calldata_struct_member_offset/C.arc56.json,2026-07-16,,0,cb59096b
https://raw.githubusercontent.com/Argimirodelpozo/puya-sol/HEAD/tests/solidity-semantic-tests/out/abiEncoderV2/calldata_struct_simple/C.arc56.json,2026-07-16,,0,7a188082
https://raw.githubusercontent.com/Argimirodelpozo/puya-sol/HEAD/tests/solidity-semantic-tests/out/abiEncoderV2/calldata_three_dimensional_dynamic_array_index_access/C.arc56.json,2026-07-16,,0,47a6caa5
https://raw.githubusercontent.com/Argimirodelpozo/puya-sol/HEAD/tests/solidity-semantic-tests/out/abiEncoderV2/calldata_with_garbage/C.arc56.json,2026-07-16,,0,2acdb3e2
https://raw.githubusercontent.com/Argimirodelpozo/puya-sol/HEAD/tests/solidity-semantic-tests/out/abiEncoderV2/dynamic_arrays/C.arc56.json,2026-07-16,,0,16d73b57
https://raw.githubusercontent.com/Argimirodelpozo/puya-sol/HEAD/tests/solidity-semantic-tests/out/abiEncoderV2/dynamic_nested_arrays/C.arc56.json,2026-07-16,,0,e0e82876
https://raw.githubusercontent.com/Argimirodelpozo/puya-sol/HEAD/tests/solidity-semantic-tests/out/abiEncoderV2/enums/C.arc56.json,2026-07-16,,0,5e0be999
https://raw.githubusercontent.com/Argimirodelpozo/puya-sol/HEAD/tests/solidity-semantic-tests/out/abiEncoderV2/memory_dynamic_array_and_calldata_bytes/C.arc56.json,2026-07-16,,0,9279d151
https://raw.githubusercontent.com/Argimirodelpozo/puya-sol/HEAD/tests/solidity-semantic-tests/out/abiEncoderV2/memory_dynamic_array_and_calldata_static_array/C.arc56.json,2026-07-16,,0,f0674b19
https://raw.githubusercontent.com/Argimirodelpozo/puya-sol/HEAD/tests/solidity-semantic-tests/out/abiEncoderV2/memory_params_in_external_function/C.arc56.json,2026-07-16,,0,d927d90a
https://raw.githubusercontent.com/Argimirodelpozo/puya-sol/HEAD/tests/solidity-semantic-tests/out/abiEncoderV2/storage_array_encoding/C.arc56.json,2026-07-16,,0,2b27a9a8
https://raw.githubusercontent.com/Argimirodelpozo/puya-sol/HEAD/tests/solidity-semantic-tests/out/ABIJson/basic_test/test.arc56.json,2026-07-16,,0,ae66e2ae
https://raw.githubusercontent.com/Argimirodelpozo/puya-sol/HEAD/tests/solidity-semantic-tests/out/accessor/accessor_for_const_state_variable/Lotto.arc56.json,2026-07-16,,0,b11d4154
https://raw.githubusercontent.com/Argimirodelpozo/puya-sol/HEAD/tests/solidity-semantic-tests/out/accessor/accessor_for_state_variable/Lotto.arc56.json,2026-07-16,,0,8c337cf5
https://raw.githubusercontent.com/Argimirodelpozo/puya-sol/HEAD/tests/solidity-semantic-tests/out/arithmetics/addmod_mulmod/C.arc56.json,2026-07-16,,0,4de8f1b4
https://raw.githubusercontent.com/Argimirodelpozo/puya-sol/HEAD/tests/solidity-semantic-tests/out/arithmetics/addmod_mulmod_zero/C.arc56.json,2026-07-16,,0,235d4fba
https://raw.githubusercontent.com/Argimirodelpozo/puya-sol/HEAD/tests/solidity-semantic-tests/out/arithmetics/block_inside_unchecked/C.arc56.json,2026-07-16,,0,bef1ff74
https://raw.githubusercontent.com/Argimirodelpozo/puya-sol/HEAD/tests/solidity-semantic-tests/out/arithmetics/check_var_init/C.arc56.json,2026-07-16,,0,dc964302
https://raw.githubusercontent.com/Argimirodelpozo/puya-sol/HEAD/tests/solidity-semantic-tests/out/arithmetics/check_var_init/D.arc56.json,2026-07-16,,0,71f8978c
https://raw.githubusercontent.com/Argimirodelpozo/puya-sol/HEAD/tests/solidity-semantic-tests/out/arithmetics/checked_add_v1/C.arc56.json,2026-07-16,,0,a9abc114
https://raw.githubusercontent.com/Argimirodelpozo/puya-sol/HEAD/tests/solidity-semantic-tests/out/arithmetics/checked_add_v2/C.arc56.json,2026-07-16,,0,2ba99ca8
https://raw.githubusercontent.com/Argimirodelpozo/puya-sol/HEAD/tests/solidity-semantic-tests/out/arithmetics/checked_called_by_unchecked/C.arc56.json,2026-07-16,,0,a473d0ec
https://raw.githubusercontent.com/Argimirodelpozo/puya-sol/HEAD/tests/solidity-semantic-tests/out/arithmetics/checked_modifier_called_by_unchecked/C.arc56.json,2026-07-16,,0,d03cfc27
https://raw.githubusercontent.com/Argimirodelpozo/puya-sol/HEAD/tests/solidity-semantic-tests/out/arithmetics/divisiod_by_zero/C.arc56.json,2026-07-16,,0,e51acb88
https://raw.githubusercontent.com/Argimirodelpozo/puya-sol/HEAD/tests/solidity-semantic-tests/out/arithmetics/exp_associativity/C.arc56.json,2026-07-16,,0,8278982a
https://raw.githubusercontent.com/Argimirodelpozo/puya-sol/HEAD/tests/solidity-semantic-tests/out/arithmetics/signed_mod/C.arc56.json,2026-07-16,,0,5507c006
https://raw.githubusercontent.com/Argimirodelpozo/puya-sol/HEAD/tests/solidity-semantic-tests/out/arithmetics/unchecked_called_by_checked/C.arc56.json,2026-07-16,,0,0ca22b13
https://raw.githubusercontent.com/Argimirodelpozo/puya-sol/HEAD/tests/solidity-semantic-tests/out/arithmetics/unchecked_div_by_zero/C.arc56.json,2026-07-16,,0,f206784c
https://raw.githubusercontent.com/Argimirodelpozo/puya-sol/HEAD/tests/solidity-semantic-tests/out/array/array_2d_assignment/C.arc56.json,2026-07-16,,0,0ad13672
https://raw.githubusercontent.com/Argimirodelpozo/puya-sol/HEAD/tests/solidity-semantic-tests/out/array/array_2d_new/C.arc56.json,2026-07-16,,0,c660514f
https://raw.githubusercontent.com/Argimirodelpozo/puya-sol/HEAD/tests/solidity-semantic-tests/out/array/array_3d_assignment/C.arc56.json,2026-07-16,,0,43a10dbd
https://raw.githubusercontent.com/Argimirodelpozo/puya-sol/HEAD/tests/solidity-semantic-tests/out/array/array_3d_new/C.arc56.json,2026-07-16,,0,f51eb37b
https://raw.githubusercontent.com/Argimirodelpozo/puya-sol/HEAD/tests/solidity-semantic-tests/out/array/array_memory_as_parameter/C.arc56.json,2026-07-16,,0,626468ab
https://raw.githubusercontent.com/Argimirodelpozo/puya-sol/HEAD/tests/solidity-semantic-tests/out/array/array_memory_create/C.arc56.json,2026-07-16,,0,b809dc62
https://raw.githubusercontent.com/Argimirodelpozo/puya-sol/HEAD/tests/solidity-semantic-tests/out/array/array_memory_index_access/C.arc56.json,2026-07-16,,0,fea1ff96
https://raw.githubusercontent.com/Argimirodelpozo/puya-sol/HEAD/tests/solidity-semantic-tests/out/array/array_push_return_reference/C.arc56.json,2026-07-16,,0,32ae867d
https://raw.githubusercontent.com/Argimirodelpozo/puya-sol/HEAD/tests/solidity-semantic-tests/out/array/array_push_with_arg/C.arc56.json,2026-07-16,,0,0d4e22a9
https://raw.githubusercontent.com/Argimirodelpozo/puya-sol/HEAD/tests/solidity-semantic-tests/out/array/array_storage_index_access/C.arc56.json,2026-07-16,,0,6a0dc681
https://raw.githubusercontent.com/Argimirodelpozo/puya-sol/HEAD/tests/solidity-semantic-tests/out/array/array_storage_index_boundary_test/C.arc56.json,2026-07-16,,0,6f402b11
https://raw.githubusercontent.com/Argimirodelpozo/puya-sol/HEAD/tests/solidity-semantic-tests/out/array/array_storage_index_zeroed_test/C.arc56.json,2026-07-16,,0,b81cccdf
https://raw.githubusercontent.com/Argimirodelpozo/puya-sol/HEAD/tests/solidity-semantic-tests/out/array/array_storage_length_access/C.arc56.json,2026-07-16,,0,ecf30e10
https://raw.githubusercontent.com/Argimirodelpozo/puya-sol/HEAD/tests/solidity-semantic-tests/out/array/array_storage_pop_zero_length/C.arc56.json,2026-07-16,,0,2a0fde12
https://raw.githubusercontent.com/Argimirodelpozo/puya-sol/HEAD/tests/solidity-semantic-tests/out/array/array_storage_push_empty/C.arc56.json,2026-07-16,,0,d41aa967
https://raw.githubusercontent.com/Argimirodelpozo/puya-sol/HEAD/tests/solidity-semantic-tests/out/array/array_storage_push_empty_length_address/C.arc56.json,2026-07-16,,0,d30f0afb
https://raw.githubusercontent.com/Argimirodelpozo/puya-sol/HEAD/tests/solidity-semantic-tests/out/array/array_storage_push_pop/C.arc56.json,2026-07-16,,0,a9e900df
https://raw.githubusercontent.com/Argimirodelpozo/puya-sol/HEAD/tests/solidity-semantic-tests/out/array/arrays_complex_from_and_to_storage/Test.arc56.json,2026-07-16,,0,0087d4e1
https://raw.githubusercontent.com/Argimirodelpozo/puya-sol/HEAD/tests/solidity-semantic-tests/out/array/byte_array_storage_layout/c.arc56.json,2026-07-16,,0,f93c48c2
https://raw.githubusercontent.com/Argimirodelpozo/puya-sol/HEAD/tests/solidity-semantic-tests/out/array/byte_array_transitional_2/c.arc56.json,2026-07-16,,0,01e887f6
https://raw.githubusercontent.com/Argimirodelpozo/puya-sol/HEAD/tests/solidity-semantic-tests/out/array/bytes_length_member/c.arc56.json,2026-07-16,,0,fd09b6c4
https://raw.githubusercontent.com/Argimirodelpozo/puya-sol/HEAD/tests/solidity-semantic-tests/out/array/bytes_to_fixed_bytes_cleanup/C.arc56.json,2026-07-16,,0,4519247b
https://raw.githubusercontent.com/Argimirodelpozo/puya-sol/HEAD/tests/solidity-semantic-tests/out/array/bytes_to_fixed_bytes_simple/C.arc56.json,2026-07-16,,0,3c8d0665
https://raw.githubusercontent.com/Argimirodelpozo/puya-sol/HEAD/tests/solidity-semantic-tests/out/array/bytes_to_fixed_bytes_too_long/C.arc56.json,2026-07-16,,0,eb94f2a9
https://raw.githubusercontent.com/Argimirodelpozo/puya-sol/HEAD/tests/solidity-semantic-tests/out/array/calldata_array/C.arc56.json,2026-07-16,,0,38595e23
https://raw.githubusercontent.com/Argimirodelpozo/puya-sol/HEAD/tests/solidity-semantic-tests/out/array/calldata_array_as_argument_internal_function/Test.arc56.json,2026-07-16,,0,4d3bf944
https://raw.githubusercontent.com/Argimirodelpozo/puya-sol/HEAD/tests/solidity-semantic-tests/out/array/calldata_array_dynamic_invalid/C.arc56.json,2026-07-16,,0,c7647ccf
https://raw.githubusercontent.com/Argimirodelpozo/puya-sol/HEAD/tests/solidity-semantic-tests/out/array/calldata_array_dynamic_invalid_static_middle/C.arc56.json,2026-07-16,,0,a56fda29
https://raw.githubusercontent.com/Argimirodelpozo/puya-sol/HEAD/tests/solidity-semantic-tests/out/array/calldata_array_of_struct/C.arc56.json,2026-07-16,,0,b3b089a3
https://raw.githubusercontent.com/Argimirodelpozo/puya-sol/HEAD/tests/solidity-semantic-tests/out/array/calldata_array_two_dimensional/C.arc56.json,2026-07-16,,0,7aaa7370
https://raw.githubusercontent.com/Argimirodelpozo/puya-sol/HEAD/tests/solidity-semantic-tests/out/array/calldata_array_two_dimensional_1/C.arc56.json,2026-07-16,,0,70ba469f
https://raw.githubusercontent.com/Argimirodelpozo/puya-sol/HEAD/tests/solidity-semantic-tests/out/array/calldata_bytes_array_bounds/C.arc56.json,2026-07-16,,0,65329e4e
https://raw.githubusercontent.com/Argimirodelpozo/puya-sol/HEAD/tests/solidity-semantic-tests/out/array/calldata_slice_access/C.arc56.json,2026-07-16,,0,3ee5c86f
https://raw.githubusercontent.com/Argimirodelpozo/puya-sol/HEAD/tests/solidity-semantic-tests/out/array/constant_var_as_array_length/C.arc56.json,2026-07-16,,0,0b9e9b30
https://raw.githubusercontent.com/Argimirodelpozo/puya-sol/HEAD/tests/solidity-semantic-tests/out/array/contract_array/C.arc56.json,2026-07-16,,0,83856cf3
https://raw.githubusercontent.com/Argimirodelpozo/puya-sol/HEAD/tests/solidity-semantic-tests/out/array/create_dynamic_array_with_zero_length/C.arc56.json,2026-07-16,,0,cd26ea5d
https://raw.githubusercontent.com/Argimirodelpozo/puya-sol/HEAD/tests/solidity-semantic-tests/out/array/create_memory_array/C.arc56.json,2026-07-16,,0,6964ab6d
https://raw.githubusercontent.com/Argimirodelpozo/puya-sol/HEAD/tests/solidity-semantic-tests/out/array/create_memory_array_too_large/C.arc56.json,2026-07-16,,0,7479b1f3
https://raw.githubusercontent.com/Argimirodelpozo/puya-sol/HEAD/tests/solidity-semantic-tests/out/array/create_memory_byte_array/C.arc56.json,2026-07-16,,0,e85baea8
https://raw.githubusercontent.com/Argimirodelpozo/puya-sol/HEAD/tests/solidity-semantic-tests/out/array/create_multiple_dynamic_arrays/C.arc56.json,2026-07-16,,0,9fbc1be6
https://raw.githubusercontent.com/Argimirodelpozo/puya-sol/HEAD/tests/solidity-semantic-tests/out/array/dynamic_array_cleanup/c.arc56.json,2026-07-16,,0,24d55461
https://raw.githubusercontent.com/Argimirodelpozo/puya-sol/HEAD/tests/solidity-semantic-tests/out/array/dynamic_arrays_in_storage/c.arc56.json,2026-07-16,,0,00e90a2f
https://raw.githubusercontent.com/Argimirodelpozo/puya-sol/HEAD/tests/solidity-semantic-tests/out/array/dynamic_multi_array_cleanup/c.arc56.json,2026-07-16,,0,72f2943b
https://raw.githubusercontent.com/Argimirodelpozo/puya-sol/HEAD/tests/solidity-semantic-tests/out/array/dynamic_out_of_bounds_array_access/c.arc56.json,2026-07-16,,0,3fa20807
https://raw.githubusercontent.com/Argimirodelpozo/puya-sol/HEAD/tests/solidity-semantic-tests/out/array/evm_exceptions_out_of_band_access/A.arc56.json,2026-07-16,,0,2c8e5364
https://raw.githubusercontent.com/Argimirodelpozo/puya-sol/HEAD/tests/solidity-semantic-tests/out/array/external_array_args/c.arc56.json,2026-07-16,,0,969ba032
https://raw.githubusercontent.com/Argimirodelpozo/puya-sol/HEAD/tests/solidity-semantic-tests/out/array/fixed_array_cleanup/c.arc56.json,2026-07-16,,0,17045424
https://raw.githubusercontent.com/Argimirodelpozo/puya-sol/HEAD/tests/solidity-semantic-tests/out/array/fixed_arrays_as_return_type/A.arc56.json,2026-07-16,,0,eb729986
https://raw.githubusercontent.com/Argimirodelpozo/puya-sol/HEAD/tests/solidity-semantic-tests/out/array/fixed_arrays_as_return_type/B.arc56.json,2026-07-16,,0,76afe322
https://raw.githubusercontent.com/Argimirodelpozo/puya-sol/HEAD/tests/solidity-semantic-tests/out/array/fixed_arrays_in_constructors/Creator.arc56.json,2026-07-16,,0,a6b033e6
https://raw.githubusercontent.com/Argimirodelpozo/puya-sol/HEAD/tests/solidity-semantic-tests/out/array/fixed_arrays_in_storage/c.arc56.json,2026-07-16,,0,955a1eed
https://raw.githubusercontent.com/Argimirodelpozo/puya-sol/HEAD/tests/solidity-semantic-tests/out/array/fixed_bytes_length_access/C.arc56.json,2026-07-17,,0,56d7047e
https://raw.githubusercontent.com/Argimirodelpozo/puya-sol/HEAD/tests/solidity-semantic-tests/out/array/fixed_out_of_bounds_array_access/c.arc56.json,2026-07-16,,0,6a173c68
https://raw.githubusercontent.com/Argimirodelpozo/puya-sol/HEAD/tests/solidity-semantic-tests/out/array/function_array_cross_calls/C.arc56.json,2026-07-16,,0,2488e023
https://raw.githubusercontent.com/Argimirodelpozo/puya-sol/HEAD/tests/solidity-semantic-tests/out/array/function_array_cross_calls/D.arc56.json,2026-07-16,,0,725cae83
https://raw.githubusercontent.com/Argimirodelpozo/puya-sol/HEAD/tests/solidity-semantic-tests/out/array/function_memory_array/C.arc56.json,2026-07-16,,0,fd5fd8c2
https://raw.githubusercontent.com/Argimirodelpozo/puya-sol/HEAD/tests/solidity-semantic-tests/out/array/inline_array_return/C.arc56.json,2026-07-16,,0,11f43b25
https://raw.githubusercontent.com/Argimirodelpozo/puya-sol/HEAD/tests/solidity-semantic-tests/out/array/inline_array_singleton/C.arc56.json,2026-07-16,,0,5890ce2a
https://raw.githubusercontent.com/Argimirodelpozo/puya-sol/HEAD/tests/solidity-semantic-tests/out/array/inline_array_storage_to_memory_conversion_ints/C.arc56.json,2026-07-16,,0,7e19d9f4
https://raw.githubusercontent.com/Argimirodelpozo/puya-sol/HEAD/tests/solidity-semantic-tests/out/array/inline_array_storage_to_memory_conversion_strings/C.arc56.json,2026-07-16,,0,a7e3b5db
https://raw.githubusercontent.com/Argimirodelpozo/puya-sol/HEAD/tests/solidity-semantic-tests/out/array/inline_array_strings_from_document/C.arc56.json,2026-07-16,,0,b120685c
https://raw.githubusercontent.com/Argimirodelpozo/puya-sol/HEAD/tests/solidity-semantic-tests/out/array/invalid_encoding_for_storage_byte_array/C.arc56.json,2026-07-16,,0,95c9586c
https://raw.githubusercontent.com/Argimirodelpozo/puya-sol/HEAD/tests/solidity-semantic-tests/out/array/long_byte_array_cleanup_after_delete/C.arc56.json,2026-07-16,,0,9a9d8a18
https://raw.githubusercontent.com/Argimirodelpozo/puya-sol/HEAD/tests/solidity-semantic-tests/out/array/long_byte_array_cleanup_after_overwrite_with_long/C.arc56.json,2026-07-16,,0,3f4ea33d
https://raw.githubusercontent.com/Argimirodelpozo/puya-sol/HEAD/tests/solidity-semantic-tests/out/array/memory/C.arc56.json,2026-07-16,,0,4c1359ec
https://raw.githubusercontent.com/Argimirodelpozo/puya-sol/HEAD/tests/solidity-semantic-tests/out/array/memory_arrays_of_various_sizes/C.arc56.json,2026-07-16,,0,8dffcdee
https://raw.githubusercontent.com/Argimirodelpozo/puya-sol/HEAD/tests/solidity-semantic-tests/out/array/nested_calldata_storage/C.arc56.json,2026-07-16,,0,94b1940a
https://raw.githubusercontent.com/Argimirodelpozo/puya-sol/HEAD/tests/solidity-semantic-tests/out/array/nested_calldata_storage2/C.arc56.json,2026-07-16,,0,7ca5a344
https://raw.githubusercontent.com/Argimirodelpozo/puya-sol/HEAD/tests/solidity-semantic-tests/out/array/reusing_memory/Helper.arc56.json,2026-07-16,,0,85673228
https://raw.githubusercontent.com/Argimirodelpozo/puya-sol/HEAD/tests/solidity-semantic-tests/out/array/reusing_memory/Main.arc56.json,2026-07-16,,0,c124bb9e
https://raw.githubusercontent.com/Argimirodelpozo/puya-sol/HEAD/tests/solidity-semantic-tests/out/array/short_fixed_array_cleanup/c.arc56.json,2026-07-16,,0,cf8a2243
https://raw.githubusercontent.com/Argimirodelpozo/puya-sol/HEAD/tests/solidity-semantic-tests/out/array/storage_array_ref/BinarySearch.arc56.json,2026-07-16,,0,b1115fc0
https://raw.githubusercontent.com/Argimirodelpozo/puya-sol/HEAD/tests/solidity-semantic-tests/out/array/storage_array_ref/Store.arc56.json,2026-07-16,,0,49663166
https://raw.githubusercontent.com/Argimirodelpozo/puya-sol/HEAD/tests/solidity-semantic-tests/out/array/string_allocation_bug/Sample.arc56.json,2026-07-16,,0,d0578063
https://raw.githubusercontent.com/Argimirodelpozo/puya-sol/HEAD/tests/solidity-semantic-tests/out/array/string_bytes_conversion/Test.arc56.json,2026-07-16,,0,7c34bb19
https://raw.githubusercontent.com/Argimirodelpozo/puya-sol/HEAD/tests/solidity-semantic-tests/out/array/string_literal_assign_to_storage_bytes/C.arc56.json,2026-07-16,,0,2b12a60f
https://raw.githubusercontent.com/Argimirodelpozo/puya-sol/HEAD/tests/solidity-semantic-tests/out/array/strings_in_struct/buggystruct.arc56.json,2026-07-16,,0,aadb8944
https://raw.githubusercontent.com/Argimirodelpozo/puya-sol/HEAD/tests/solidity-semantic-tests/out/builtinFunctions/assignment_to_const_var_involving_keccak/C.arc56.json,2026-07-16,,0,3be909f7
https://raw.githubusercontent.com/Argimirodelpozo/puya-sol/HEAD/tests/solidity-semantic-tests/out/builtinFunctions/blobhash/C.arc56.json,2026-07-16,,0,c605cd4c
https://raw.githubusercontent.com/Argimirodelpozo/puya-sol/HEAD/tests/solidity-semantic-tests/out/builtinFunctions/blobhash_shadow_resolution/C.arc56.json,2026-07-16,,0,e2f5d4b9
https://raw.githubusercontent.com/Argimirodelpozo/puya-sol/HEAD/tests/solidity-semantic-tests/out/builtinFunctions/blockhash/C.arc56.json,2026-07-16,,0,3bfe2918
https://raw.githubusercontent.com/Argimirodelpozo/puya-sol/HEAD/tests/solidity-semantic-tests/out/builtinFunctions/blockhash_shadow_resolution/C.arc56.json,2026-07-16,,0,763dbfe9
https://raw.githubusercontent.com/Argimirodelpozo/puya-sol/HEAD/tests/solidity-semantic-tests/out/builtinFunctions/erc7201_equivalent_solidity_spec/C.arc56.json,2026-07-16,,0,ec9dc0f6
https://raw.githubusercontent.com/Argimirodelpozo/puya-sol/HEAD/tests/solidity-semantic-tests/out/builtinFunctions/erc7201_equivalent_solidity_spec_comptime/C.arc56.json,2026-07-16,,0,6ed1f79c
https://raw.githubusercontent.com/Argimirodelpozo/puya-sol/HEAD/tests/solidity-semantic-tests/out/builtinFunctions/erc7201_layout_specifier_slot_match_comptime/C.arc56.json,2026-07-16,,0,f6ddfa41
https://raw.githubusercontent.com/Argimirodelpozo/puya-sol/HEAD/tests/solidity-semantic-tests/out/builtinFunctions/erc7201_overflow_expression/C.arc56.json,2026-07-16,,0,053fc3a7
https://raw.githubusercontent.com/Argimirodelpozo/puya-sol/HEAD/tests/solidity-semantic-tests/out/builtinFunctions/erc7201_param_abi_encode/C.arc56.json,2026-07-16,,0,2b07b214
https://raw.githubusercontent.com/Argimirodelpozo/puya-sol/HEAD/tests/solidity-semantic-tests/out/builtinFunctions/erc7201_param_array_string_literal/C.arc56.json,2026-07-16,,0,c776f775
https://raw.githubusercontent.com/Argimirodelpozo/puya-sol/HEAD/tests/solidity-semantic-tests/out/builtinFunctions/erc7201_param_locations/C.arc56.json,2026-07-16,,0,9d54a753
https://raw.githubusercontent.com/Argimirodelpozo/puya-sol/HEAD/tests/solidity-semantic-tests/out/builtinFunctions/erc7201_param_pure_function/C.arc56.json,2026-07-16,,0,8285b0d2
https://raw.githubusercontent.com/Argimirodelpozo/puya-sol/HEAD/tests/solidity-semantic-tests/out/builtinFunctions/erc7201_param_string_concat/C.arc56.json,2026-07-16,,0,583be3d6
https://raw.githubusercontent.com/Argimirodelpozo/puya-sol/HEAD/tests/solidity-semantic-tests/out/builtinFunctions/erc7201_param_string_literal_with_escaped_chars/C.arc56.json,2026-07-16,,0,dedfff55
https://raw.githubusercontent.com/Argimirodelpozo/puya-sol/HEAD/tests/solidity-semantic-tests/out/builtinFunctions/erc7201_param_ternary_operator/C.arc56.json,2026-07-16,,0,f1424e79
https://raw.githubusercontent.com/Argimirodelpozo/puya-sol/HEAD/tests/solidity-semantic-tests/out/builtinFunctions/erc7201_param_unicode_string_literal/C.arc56.json,2026-07-16,,0,8e145e34
https://raw.githubusercontent.com/Argimirodelpozo/puya-sol/HEAD/tests/solidity-semantic-tests/out/builtinFunctions/erc7201_param_unicode_string_variable/C.arc56.json,2026-07-16,,0,a8c71057
https://raw.githubusercontent.com/Argimirodelpozo/puya-sol/HEAD/tests/solidity-semantic-tests/out/builtinFunctions/erc7201_param_with_zero_last_byte_of_inner_hash/C.arc56.json,2026-07-16,,0,4997af7a
https://raw.githubusercontent.com/Argimirodelpozo/puya-sol/HEAD/tests/solidity-semantic-tests/out/builtinFunctions/erc7201_param_with_zero_last_byte_of_inner_hash_comptime/C.arc56.json,2026-07-16,,0,a97372bc
https://raw.githubusercontent.com/Argimirodelpozo/puya-sol/HEAD/tests/solidity-semantic-tests/out/builtinFunctions/function_types_sig/C.arc56.json,2026-07-16,,0,d54822c0
https://raw.githubusercontent.com/Argimirodelpozo/puya-sol/HEAD/tests/solidity-semantic-tests/out/builtinFunctions/iterated_keccak256_with_bytes/c.arc56.json,2026-07-16,,0,81d4d8b9
https://raw.githubusercontent.com/Argimirodelpozo/puya-sol/HEAD/tests/solidity-semantic-tests/out/builtinFunctions/keccak256/C.arc56.json,2026-07-16,,0,6010a812
https://raw.githubusercontent.com/Argimirodelpozo/puya-sol/HEAD/tests/solidity-semantic-tests/out/builtinFunctions/keccak256_empty/C.arc56.json,2026-07-16,,0,b7515c37
https://raw.githubusercontent.com/Argimirodelpozo/puya-sol/HEAD/tests/solidity-semantic-tests/out/builtinFunctions/keccak256_multiple_arguments/c.arc56.json,2026-07-16,,0,e6304961
https://raw.githubusercontent.com/Argimirodelpozo/puya-sol/HEAD/tests/solidity-semantic-tests/out/builtinFunctions/keccak256_multiple_arguments_with_numeric_literals/c.arc56.json,2026-07-16,,0,695229df
https://raw.githubusercontent.com/Argimirodelpozo/puya-sol/HEAD/tests/solidity-semantic-tests/out/builtinFunctions/keccak256_multiple_arguments_with_string_literals/c.arc56.json,2026-07-16,,0,022d487c
https://raw.githubusercontent.com/Argimirodelpozo/puya-sol/HEAD/tests/solidity-semantic-tests/out/builtinFunctions/keccak256_packed/C.arc56.json,2026-07-17,,0,e1c8641e
https://raw.githubusercontent.com/Argimirodelpozo/puya-sol/HEAD/tests/solidity-semantic-tests/out/builtinFunctions/keccak256_packed_complex_types/C.arc56.json,2026-07-16,,0,51a02548
https://raw.githubusercontent.com/Argimirodelpozo/puya-sol/HEAD/tests/solidity-semantic-tests/out/builtinFunctions/keccak256_with_bytes/c.arc56.json,2026-07-16,,0,7cbf58c3
https://raw.githubusercontent.com/Argimirodelpozo/puya-sol/HEAD/tests/solidity-semantic-tests/out/builtinFunctions/msg_sig/test.arc56.json,2026-07-16,,0,f39e31e7
https://raw.githubusercontent.com/Argimirodelpozo/puya-sol/HEAD/tests/solidity-semantic-tests/out/builtinFunctions/msg_sig_after_internal_call_is_same/test.arc56.json,2026-07-16,,0,07eb1da3
https://raw.githubusercontent.com/Argimirodelpozo/puya-sol/HEAD/tests/solidity-semantic-tests/out/builtinFunctions/ripemd160/C.arc56.json,2026-07-16,,0,084d1a4c
https://raw.githubusercontent.com/Argimirodelpozo/puya-sol/HEAD/tests/solidity-semantic-tests/out/builtinFunctions/ripemd160_empty/C.arc56.json,2026-07-16,,0,352c648e
https://raw.githubusercontent.com/Argimirodelpozo/puya-sol/HEAD/tests/solidity-semantic-tests/out/builtinFunctions/ripemd160_packed/C.arc56.json,2026-07-16,,0,6323b39a
https://raw.githubusercontent.com/Argimirodelpozo/puya-sol/HEAD/tests/solidity-semantic-tests/out/builtinFunctions/sha256/C.arc56.json,2026-07-16,,0,7cb06620
https://raw.githubusercontent.com/Argimirodelpozo/puya-sol/HEAD/tests/solidity-semantic-tests/out/builtinFunctions/sha256_empty/C.arc56.json,2026-07-16,,0,17d7d788
https://raw.githubusercontent.com/Argimirodelpozo/puya-sol/HEAD/tests/solidity-semantic-tests/out/builtinFunctions/sha256_packed/C.arc56.json,2026-07-16,,0,b903d84f
https://raw.githubusercontent.com/Argimirodelpozo/puya-sol/HEAD/tests/solidity-semantic-tests/out/calldata/calldata_array_access/C.arc56.json,2026-07-16,,0,d6d13cc8
https://raw.githubusercontent.com/Argimirodelpozo/puya-sol/HEAD/tests/solidity-semantic-tests/out/calldata/calldata_array_dynamic_bytes/C.arc56.json,2026-07-16,,0,f6b8db21
https://raw.githubusercontent.com/Argimirodelpozo/puya-sol/HEAD/tests/solidity-semantic-tests/out/calldata/calldata_array_index_range_access/C.arc56.json,2026-07-16,,0,8ef8f6ef
https://raw.githubusercontent.com/Argimirodelpozo/puya-sol/HEAD/tests/solidity-semantic-tests/out/calldata/calldata_array_length/C.arc56.json,2026-07-16,,0,14439566
https://raw.githubusercontent.com/Argimirodelpozo/puya-sol/HEAD/tests/solidity-semantic-tests/out/calldata/calldata_array_three_dimensional/C.arc56.json,2026-07-16,,0,4a228cab
https://raw.githubusercontent.com/Argimirodelpozo/puya-sol/HEAD/tests/solidity-semantic-tests/out/calldata/calldata_attached_to_bytes/C.arc56.json,2026-07-16,,0,0451aa7b
https://raw.githubusercontent.com/Argimirodelpozo/puya-sol/HEAD/tests/solidity-semantic-tests/out/calldata/calldata_attached_to_dynamic_array_or_slice/C.arc56.json,2026-07-16,,0,b985bdea
https://raw.githubusercontent.com/Argimirodelpozo/puya-sol/HEAD/tests/solidity-semantic-tests/out/calldata/calldata_attached_to_static_array/C.arc56.json,2026-07-16,,0,88b1a2ef
https://raw.githubusercontent.com/Argimirodelpozo/puya-sol/HEAD/tests/solidity-semantic-tests/out/calldata/calldata_attached_to_struct/C.arc56.json,2026-07-16,,0,dae8f1fa
https://raw.githubusercontent.com/Argimirodelpozo/puya-sol/HEAD/tests/solidity-semantic-tests/out/calldata/calldata_bytes_array_bounds/C.arc56.json,2026-07-16,,0,8bba4830
https://raw.githubusercontent.com/Argimirodelpozo/puya-sol/HEAD/tests/solidity-semantic-tests/out/calldata/calldata_bytes_external/CalldataTest.arc56.json,2026-07-16,,0,e814a981
https://raw.githubusercontent.com/Argimirodelpozo/puya-sol/HEAD/tests/solidity-semantic-tests/out/calldata/calldata_bytes_internal/C.arc56.json,2026-07-16,,0,10b47a39
https://raw.githubusercontent.com/Argimirodelpozo/puya-sol/HEAD/tests/solidity-semantic-tests/out/calldata/calldata_bytes_to_memory/C.arc56.json,2026-07-16,,0,0981e1ba
https://raw.githubusercontent.com/Argimirodelpozo/puya-sol/HEAD/tests/solidity-semantic-tests/out/calldata/calldata_bytes_to_memory_encode/C.arc56.json,2026-07-16,,0,69213e4b
https://raw.githubusercontent.com/Argimirodelpozo/puya-sol/HEAD/tests/solidity-semantic-tests/out/calldata/calldata_internal_function_pointer/C.arc56.json,2026-07-16,,0,bef6f2ba
https://raw.githubusercontent.com/Argimirodelpozo/puya-sol/HEAD/tests/solidity-semantic-tests/out/calldata/calldata_internal_library/C.arc56.json,2026-07-16,,0,65b30321
https://raw.githubusercontent.com/Argimirodelpozo/puya-sol/HEAD/tests/solidity-semantic-tests/out/calldata/calldata_internal_multi_array/C.arc56.json,2026-07-16,,0,331f835f
https://raw.githubusercontent.com/Argimirodelpozo/puya-sol/HEAD/tests/solidity-semantic-tests/out/calldata/calldata_internal_multi_fixed_array/C.arc56.json,2026-07-16,,0,9d69f47b
https://raw.githubusercontent.com/Argimirodelpozo/puya-sol/HEAD/tests/solidity-semantic-tests/out/calldata/calldata_memory_mixed/C.arc56.json,2026-07-16,,0,ee44bb69
https://raw.githubusercontent.com/Argimirodelpozo/puya-sol/HEAD/tests/solidity-semantic-tests/out/calldata/calldata_string_array/C.arc56.json,2026-07-16,,0,a495de8c
https://raw.githubusercontent.com/Argimirodelpozo/puya-sol/HEAD/tests/solidity-semantic-tests/out/calldata/calldata_struct/C.arc56.json,2026-07-16,,0,9d5549ff
https://raw.githubusercontent.com/Argimirodelpozo/puya-sol/HEAD/tests/solidity-semantic-tests/out/calldata/calldata_struct_cleaning/C.arc56.json,2026-07-16,,0,b0e80051
https://raw.githubusercontent.com/Argimirodelpozo/puya-sol/HEAD/tests/solidity-semantic-tests/out/calldata/calldata_struct_internal/C.arc56.json,2026-07-16,,0,28fee451
https://raw.githubusercontent.com/Argimirodelpozo/puya-sol/HEAD/tests/solidity-semantic-tests/out/calldata/copy_from_calldata_removes_bytes_data/c.arc56.json,2026-07-16,,0,0e8e0935
https://raw.githubusercontent.com/Argimirodelpozo/puya-sol/HEAD/tests/solidity-semantic-tests/out/cleanup/bool_conversion_v1/C.arc56.json,2026-07-16,,0,b399d26d
https://raw.githubusercontent.com/Argimirodelpozo/puya-sol/HEAD/tests/solidity-semantic-tests/out/cleanup/bool_conversion_v2/C.arc56.json,2026-07-16,,0,cb91e0f3
https://raw.githubusercontent.com/Argimirodelpozo/puya-sol/HEAD/tests/solidity-semantic-tests/out/cleanup/byte_array_to_storage_cleanup/C.arc56.json,2026-07-16,,0,21afaf92
https://raw.githubusercontent.com/Argimirodelpozo/puya-sol/HEAD/tests/solidity-semantic-tests/out/cleanup/cleanup_address_types_shortening/C.arc56.json,2026-07-16,,0,a442e3a7
https://raw.githubusercontent.com/Argimirodelpozo/puya-sol/HEAD/tests/solidity-semantic-tests/out/cleanup/cleanup_address_types_v1/C.arc56.json,2026-07-16,,0,ade03a2b
https://raw.githubusercontent.com/Argimirodelpozo/puya-sol/HEAD/tests/solidity-semantic-tests/out/cleanup/cleanup_address_types_v2/C.arc56.json,2026-07-16,,0,bd16337b
https://raw.githubusercontent.com/Argimirodelpozo/puya-sol/HEAD/tests/solidity-semantic-tests/out/cleanup/cleanup_bytes_types_shortening_newCodeGen/C.arc56.json,2026-07-16,,0,4164274a
https://raw.githubusercontent.com/Argimirodelpozo/puya-sol/HEAD/tests/solidity-semantic-tests/out/cleanup/cleanup_bytes_types_shortening_OldCodeGen/C.arc56.json,2026-07-16,,0,c5ff4a11
https://raw.githubusercontent.com/Argimirodelpozo/puya-sol/HEAD/tests/solidity-semantic-tests/out/cleanup/cleanup_bytes_types_v1/C.arc56.json,2026-07-16,,0,ff9bd78c
https://raw.githubusercontent.com/Argimirodelpozo/puya-sol/HEAD/tests/solidity-semantic-tests/out/cleanup/cleanup_bytes_types_v2/C.arc56.json,2026-07-16,,0,e44b2317
https://raw.githubusercontent.com/Argimirodelpozo/puya-sol/HEAD/tests/solidity-semantic-tests/out/cleanup/cleanup_in_compound_assign/C.arc56.json,2026-07-16,,0,041e91ee
https://raw.githubusercontent.com/Argimirodelpozo/puya-sol/HEAD/tests/solidity-semantic-tests/out/cleanup/dirty_calldata_bytes/C.arc56.json,2026-07-16,,0,29887903
https://raw.githubusercontent.com/Argimirodelpozo/puya-sol/HEAD/tests/solidity-semantic-tests/out/cleanup/dirty_calldata_dynamic_array/C.arc56.json,2026-07-16,,0,cd67b9e6
https://raw.githubusercontent.com/Argimirodelpozo/puya-sol/HEAD/tests/solidity-semantic-tests/out/cleanup/exp_cleanup/C.arc56.json,2026-07-16,,0,e70530f7
https://raw.githubusercontent.com/Argimirodelpozo/puya-sol/HEAD/tests/solidity-semantic-tests/out/cleanup/exp_cleanup_direct/C.arc56.json,2026-07-16,,0,0e366279
https://raw.githubusercontent.com/Argimirodelpozo/puya-sol/HEAD/tests/solidity-semantic-tests/out/cleanup/exp_cleanup_nonzero_base/C.arc56.json,2026-07-16,,0,363da6dc
https://raw.githubusercontent.com/Argimirodelpozo/puya-sol/HEAD/tests/solidity-semantic-tests/out/cleanup/exp_cleanup_smaller_base/C.arc56.json,2026-07-16,,0,f77ed016
https://raw.githubusercontent.com/Argimirodelpozo/puya-sol/HEAD/tests/solidity-semantic-tests/out/cleanup/indexed_log_topic_during_explicit_downcast/C.arc56.json,2026-07-16,,0,624dc004
https://raw.githubusercontent.com/Argimirodelpozo/puya-sol/HEAD/tests/solidity-semantic-tests/out/cleanup/indexed_log_topic_during_explicit_downcast_during_emissions/C.arc56.json,2026-07-16,,0,1c5d8c01
https://raw.githubusercontent.com/Argimirodelpozo/puya-sol/HEAD/tests/solidity-semantic-tests/out/constantEvaluator/negative_fractional_mod/C.arc56.json,2026-07-16,,0,8c0929c4
https://raw.githubusercontent.com/Argimirodelpozo/puya-sol/HEAD/tests/solidity-semantic-tests/out/constantEvaluator/rounding/C.arc56.json,2026-07-16,,0,a9cf40a9
https://raw.githubusercontent.com/Argimirodelpozo/puya-sol/HEAD/tests/solidity-semantic-tests/out/constants/asm_address_constant_regression/C.arc56.json,2026-07-16,,0,3d331803
https://raw.githubusercontent.com/Argimirodelpozo/puya-sol/HEAD/tests/solidity-semantic-tests/out/constants/asm_constant_file_level/C.arc56.json,2026-07-16,,0,272b1bcb
https://raw.githubusercontent.com/Argimirodelpozo/puya-sol/HEAD/tests/solidity-semantic-tests/out/constants/assign_type_info/A.arc56.json,2026-07-16,,0,627bb128
https://raw.githubusercontent.com/Argimirodelpozo/puya-sol/HEAD/tests/solidity-semantic-tests/out/constants/assign_type_info/B.arc56.json,2026-07-16,,0,ddd68e7c
https://raw.githubusercontent.com/Argimirodelpozo/puya-sol/HEAD/tests/solidity-semantic-tests/out/constants/constant_string/C.arc56.json,2026-07-16,,0,360dd234
https://raw.githubusercontent.com/Argimirodelpozo/puya-sol/HEAD/tests/solidity-semantic-tests/out/constants/constant_string_at_file_level/C.arc56.json,2026-07-16,,0,0947a0dd
https://raw.githubusercontent.com/Argimirodelpozo/puya-sol/HEAD/tests/solidity-semantic-tests/out/constants/constant_variables/Foo.arc56.json,2026-07-16,,0,e5b3defd
https://raw.githubusercontent.com/Argimirodelpozo/puya-sol/HEAD/tests/solidity-semantic-tests/out/constants/constants_at_file_level_referencing/C.arc56.json,2026-07-16,,0,1e3f097d
https://raw.githubusercontent.com/Argimirodelpozo/puya-sol/HEAD/tests/solidity-semantic-tests/out/constants/consteval_array_length/C.arc56.json,2026-07-16,,0,3418ee46
https://raw.githubusercontent.com/Argimirodelpozo/puya-sol/HEAD/tests/solidity-semantic-tests/out/constants/function_unreferenced/B.arc56.json,2026-07-16,,0,68566d33
https://raw.githubusercontent.com/Argimirodelpozo/puya-sol/HEAD/tests/solidity-semantic-tests/out/constants/function_unreferenced/C.arc56.json,2026-07-16,,0,9d63e0bc
https://raw.githubusercontent.com/Argimirodelpozo/puya-sol/HEAD/tests/solidity-semantic-tests/out/constants/same_constants_different_files/C.arc56.json,2026-07-16,,0,17d8f647
https://raw.githubusercontent.com/Argimirodelpozo/puya-sol/HEAD/tests/solidity-semantic-tests/out/constants/simple_constant_variables_test/Foo.arc56.json,2026-07-16,,0,a15b1c5d
https://raw.githubusercontent.com/Argimirodelpozo/puya-sol/HEAD/tests/solidity-semantic-tests/out/constructor/arrays_in_constructors/Base.arc56.json,2026-07-16,,0,84f08d07
https://raw.githubusercontent.com/Argimirodelpozo/puya-sol/HEAD/tests/solidity-semantic-tests/out/constructor/arrays_in_constructors/Creator.arc56.json,2026-07-16,,0,2285e880
https://raw.githubusercontent.com/Argimirodelpozo/puya-sol/HEAD/tests/solidity-semantic-tests/out/constructor/arrays_in_constructors/Main.arc56.json,2026-07-16,,0,f14596bd
https://raw.githubusercontent.com/Argimirodelpozo/puya-sol/HEAD/tests/solidity-semantic-tests/out/constructor/base_constructor_arguments/Base.arc56.json,2026-07-16,,0,ca456736
https://raw.githubusercontent.com/Argimirodelpozo/puya-sol/HEAD/tests/solidity-semantic-tests/out/constructor/base_constructor_arguments/BaseBase.arc56.json,2026-07-16,,0,1463de1c
https://raw.githubusercontent.com/Argimirodelpozo/puya-sol/HEAD/tests/solidity-semantic-tests/out/constructor/base_constructor_arguments/Derived.arc56.json,2026-07-16,,0,40cf36e0
https://raw.githubusercontent.com/Argimirodelpozo/puya-sol/HEAD/tests/solidity-semantic-tests/out/constructor/bytes_in_constructors_packer/Base.arc56.json,2026-07-16,,0,e4ed902a
https://raw.githubusercontent.com/Argimirodelpozo/puya-sol/HEAD/tests/solidity-semantic-tests/out/constructor/bytes_in_constructors_packer/Creator.arc56.json,2026-07-16,,0,af44059c
https://raw.githubusercontent.com/Argimirodelpozo/puya-sol/HEAD/tests/solidity-semantic-tests/out/constructor/bytes_in_constructors_packer/Main.arc56.json,2026-07-16,,0,c8b14f7f
https://raw.githubusercontent.com/Argimirodelpozo/puya-sol/HEAD/tests/solidity-semantic-tests/out/constructor/bytes_in_constructors_unpacker/Test.arc56.json,2026-07-16,,0,2ab0b463
https://raw.githubusercontent.com/Argimirodelpozo/puya-sol/HEAD/tests/solidity-semantic-tests/out/constructor/callvalue_check/A1.arc56.json,2026-07-16,,0,55cb99e4
https://raw.githubusercontent.com/Argimirodelpozo/puya-sol/HEAD/tests/solidity-semantic-tests/out/constructor/callvalue_check/A2.arc56.json,2026-07-16,,0,a570353e
https://raw.githubusercontent.com/Argimirodelpozo/puya-sol/HEAD/tests/solidity-semantic-tests/out/constructor/callvalue_check/B1.arc56.json,2026-07-16,,0,3782f188
https://raw.githubusercontent.com/Argimirodelpozo/puya-sol/HEAD/tests/solidity-semantic-tests/out/constructor/callvalue_check/B2.arc56.json,2026-07-16,,0,7686ecfe
https://raw.githubusercontent.com/Argimirodelpozo/puya-sol/HEAD/tests/solidity-semantic-tests/out/constructor/callvalue_check/B3.arc56.json,2026-07-16,,0,e186a47f
https://raw.githubusercontent.com/Argimirodelpozo/puya-sol/HEAD/tests/solidity-semantic-tests/out/constructor/callvalue_check/B4.arc56.json,2026-07-16,,0,b8c60c53
https://raw.githubusercontent.com/Argimirodelpozo/puya-sol/HEAD/tests/solidity-semantic-tests/out/constructor/callvalue_check/C.arc56.json,2026-07-16,,0,27edd62d
https://raw.githubusercontent.com/Argimirodelpozo/puya-sol/HEAD/tests/solidity-semantic-tests/out/constructor/constructor_arguments_external/Main.arc56.json,2026-07-16,,0,fe7c556b
https://raw.githubusercontent.com/Argimirodelpozo/puya-sol/HEAD/tests/solidity-semantic-tests/out/constructor/constructor_arguments_internal/Helper.arc56.json,2026-07-16,,0,58031513
https://raw.githubusercontent.com/Argimirodelpozo/puya-sol/HEAD/tests/solidity-semantic-tests/out/constructor/constructor_arguments_internal/Main.arc56.json,2026-07-16,,0,e0b6830f
https://raw.githubusercontent.com/Argimirodelpozo/puya-sol/HEAD/tests/solidity-semantic-tests/out/constructor/constructor_function_argument/D.arc56.json,2026-07-16,,0,e1ed7821
https://raw.githubusercontent.com/Argimirodelpozo/puya-sol/HEAD/tests/solidity-semantic-tests/out/constructor/constructor_function_complex/C.arc56.json,2026-07-16,,0,d63a6bc8
https://raw.githubusercontent.com/Argimirodelpozo/puya-sol/HEAD/tests/solidity-semantic-tests/out/constructor/constructor_function_complex/D.arc56.json,2026-07-16,,0,1ebf5236
https://raw.githubusercontent.com/Argimirodelpozo/puya-sol/HEAD/tests/solidity-semantic-tests/out/constructor/constructor_static_array_argument/C.arc56.json,2026-07-16,,0,8b2052be
https://raw.githubusercontent.com/Argimirodelpozo/puya-sol/HEAD/tests/solidity-semantic-tests/out/constructor/evm_exceptions_in_constructor_call_fail/A.arc56.json,2026-07-16,,0,66e3c178
https://raw.githubusercontent.com/Argimirodelpozo/puya-sol/HEAD/tests/solidity-semantic-tests/out/constructor/evm_exceptions_in_constructor_call_fail/B.arc56.json,2026-07-16,,0,051259e8
https://raw.githubusercontent.com/Argimirodelpozo/puya-sol/HEAD/tests/solidity-semantic-tests/out/constructor/function_usage_in_constructor_arguments/Base.arc56.json,2026-07-16,,0,658bb8d4
https://raw.githubusercontent.com/Argimirodelpozo/puya-sol/HEAD/tests/solidity-semantic-tests/out/constructor/function_usage_in_constructor_arguments/BaseBase.arc56.json,2026-07-16,,0,23bd46fc
https://raw.githubusercontent.com/Argimirodelpozo/puya-sol/HEAD/tests/solidity-semantic-tests/out/constructor/function_usage_in_constructor_arguments/Derived.arc56.json,2026-07-16,,0,18d1b709
https://raw.githubusercontent.com/Argimirodelpozo/puya-sol/HEAD/tests/solidity-semantic-tests/out/constructor/functions_called_by_constructor/Test.arc56.json,2026-07-16,,0,cdb45af9
https://raw.githubusercontent.com/Argimirodelpozo/puya-sol/HEAD/tests/solidity-semantic-tests/out/constructor/functions_called_by_constructor_through_dispatch/Test.arc56.json,2026-07-16,,0,568b8d34
https://raw.githubusercontent.com/Argimirodelpozo/puya-sol/HEAD/tests/solidity-semantic-tests/out/constructor/inline_member_init_inheritence_without_constructor/Base.arc56.json,2026-07-16,,0,e9dce24b
https://raw.githubusercontent.com/Argimirodelpozo/puya-sol/HEAD/tests/solidity-semantic-tests/out/constructor/inline_member_init_inheritence_without_constructor/Derived.arc56.json,2026-07-16,,0,ea915476
https://raw.githubusercontent.com/Argimirodelpozo/puya-sol/HEAD/tests/solidity-semantic-tests/out/constructor/no_callvalue_check/A1.arc56.json,2026-07-16,,0,ff3cdf92
https://raw.githubusercontent.com/Argimirodelpozo/puya-sol/HEAD/tests/solidity-semantic-tests/out/constructor/no_callvalue_check/A2.arc56.json,2026-07-16,,0,2c9b45a4
https://raw.githubusercontent.com/Argimirodelpozo/puya-sol/HEAD/tests/solidity-semantic-tests/out/constructor/no_callvalue_check/B1.arc56.json,2026-07-16,,0,fbe17909
https://raw.githubusercontent.com/Argimirodelpozo/puya-sol/HEAD/tests/solidity-semantic-tests/out/constructor/no_callvalue_check/B2.arc56.json,2026-07-16,,0,524ccd93
https://raw.githubusercontent.com/Argimirodelpozo/puya-sol/HEAD/tests/solidity-semantic-tests/out/constructor/no_callvalue_check/B3.arc56.json,2026-07-16,,0,e8d28462
https://raw.githubusercontent.com/Argimirodelpozo/puya-sol/HEAD/tests/solidity-semantic-tests/out/constructor/no_callvalue_check/C.arc56.json,2026-07-16,,0,f3cffabf
https://raw.githubusercontent.com/Argimirodelpozo/puya-sol/HEAD/tests/solidity-semantic-tests/out/constructor/order_of_evaluation/A.arc56.json,2026-07-16,,0,8c445747
https://raw.githubusercontent.com/Argimirodelpozo/puya-sol/HEAD/tests/solidity-semantic-tests/out/constructor/order_of_evaluation/B.arc56.json,2026-07-16,,0,d0270296
https://raw.githubusercontent.com/Argimirodelpozo/puya-sol/HEAD/tests/solidity-semantic-tests/out/constructor/order_of_evaluation/C.arc56.json,2026-07-16,,0,43caccca
https://raw.githubusercontent.com/Argimirodelpozo/puya-sol/HEAD/tests/solidity-semantic-tests/out/constructor/order_of_evaluation/D.arc56.json,2026-07-16,,0,5e78fa10
https://raw.githubusercontent.com/Argimirodelpozo/puya-sol/HEAD/tests/solidity-semantic-tests/out/constructor/order_of_evaluation/X.arc56.json,2026-07-16,,0,5f24b708
https://raw.githubusercontent.com/Argimirodelpozo/puya-sol/HEAD/tests/solidity-semantic-tests/out/constructor/payable_constructor/C.arc56.json,2026-07-16,,0,adb17ff2
https://raw.githubusercontent.com/Argimirodelpozo/puya-sol/HEAD/tests/solidity-semantic-tests/out/constructor/state_variable_initialization/C.arc56.json,2026-07-16,,0,36b741ee
https://raw.githubusercontent.com/Argimirodelpozo/puya-sol/HEAD/tests/solidity-semantic-tests/out/constructor/store_function_in_constructor/C.arc56.json,2026-07-16,,0,7bf5b860
https://raw.githubusercontent.com/Argimirodelpozo/puya-sol/HEAD/tests/solidity-semantic-tests/out/constructor/store_function_in_constructor_packed/C.arc56.json,2026-07-16,,0,94357471
https://raw.githubusercontent.com/Argimirodelpozo/puya-sol/HEAD/tests/solidity-semantic-tests/out/constructor/store_internal_unused_function_in_constructor/C.arc56.json,2026-07-16,,0,3af43ff4
https://raw.githubusercontent.com/Argimirodelpozo/puya-sol/HEAD/tests/solidity-semantic-tests/out/constructor/store_internal_unused_library_function_in_constructor/C.arc56.json,2026-07-16,,0,cefe26bf
https://raw.githubusercontent.com/Argimirodelpozo/puya-sol/HEAD/tests/solidity-semantic-tests/out/constructor/transient_state_variable_initialization/C.arc56.json,2026-07-16,,0,de49d6dc
https://raw.githubusercontent.com/Argimirodelpozo/puya-sol/HEAD/tests/solidity-semantic-tests/out/conversions/function_type_array_to_storage/C.arc56.json,2026-07-16,,0,ca1c8e2c
https://raw.githubusercontent.com/Argimirodelpozo/puya-sol/HEAD/tests/solidity-semantic-tests/out/conversions/string_to_bytes/C.arc56.json,2026-07-16,,0,e8d3d070
https://raw.githubusercontent.com/Argimirodelpozo/puya-sol/HEAD/tests/solidity-semantic-tests/out/deployedCodeExclusion/bound_function/C.arc56.json,2026-07-16,,0,b244a7c7
https://raw.githubusercontent.com/Argimirodelpozo/puya-sol/HEAD/tests/solidity-semantic-tests/out/deployedCodeExclusion/library_function/C.arc56.json,2026-07-16,,0,c6eb7a31
https://raw.githubusercontent.com/Argimirodelpozo/puya-sol/HEAD/tests/solidity-semantic-tests/out/deployedCodeExclusion/library_function_deployed/C.arc56.json,2026-07-16,,0,b6a93e31
https://raw.githubusercontent.com/Argimirodelpozo/puya-sol/HEAD/tests/solidity-semantic-tests/out/deployedCodeExclusion/module_function/C.arc56.json,2026-07-16,,0,68920e65
https://raw.githubusercontent.com/Argimirodelpozo/puya-sol/HEAD/tests/solidity-semantic-tests/out/deployedCodeExclusion/module_function_deployed/C.arc56.json,2026-07-16,,0,3d84fe82
https://raw.githubusercontent.com/Argimirodelpozo/puya-sol/HEAD/tests/solidity-semantic-tests/out/deployedCodeExclusion/static_base_function/C.arc56.json,2026-07-16,,0,0be9b1c9
https://raw.githubusercontent.com/Argimirodelpozo/puya-sol/HEAD/tests/solidity-semantic-tests/out/deployedCodeExclusion/static_base_function_deployed/C.arc56.json,2026-07-16,,0,d818a352
https://raw.githubusercontent.com/Argimirodelpozo/puya-sol/HEAD/tests/solidity-semantic-tests/out/deployedCodeExclusion/super_function/C.arc56.json,2026-07-16,,0,ab029edc
https://raw.githubusercontent.com/Argimirodelpozo/puya-sol/HEAD/tests/solidity-semantic-tests/out/deployedCodeExclusion/super_function_deployed/C.arc56.json,2026-07-16,,0,e085cd6b
https://raw.githubusercontent.com/Argimirodelpozo/puya-sol/HEAD/tests/solidity-semantic-tests/out/deployedCodeExclusion/virtual_function/C.arc56.json,2026-07-16,,0,6b8ab621
https://raw.githubusercontent.com/Argimirodelpozo/puya-sol/HEAD/tests/solidity-semantic-tests/out/deployedCodeExclusion/virtual_function_deployed/C.arc56.json,2026-07-16,,0,f853ab62
https://raw.githubusercontent.com/Argimirodelpozo/puya-sol/HEAD/tests/solidity-semantic-tests/out/ecrecover/ecrecover/test.arc56.json,2026-07-16,,0,1000b48f
https://raw.githubusercontent.com/Argimirodelpozo/puya-sol/HEAD/tests/solidity-semantic-tests/out/ecrecover/ecrecover_abiV2/test.arc56.json,2026-07-16,,0,aadab2fe
https://raw.githubusercontent.com/Argimirodelpozo/puya-sol/HEAD/tests/solidity-semantic-tests/out/ecrecover/failing_ecrecover_invalid_input/C.arc56.json,2026-07-16,,0,214754c1
https://raw.githubusercontent.com/Argimirodelpozo/puya-sol/HEAD/tests/solidity-semantic-tests/out/ecrecover/failing_ecrecover_invalid_input_asm/C.arc56.json,2026-07-16,,0,01087719
https://raw.githubusercontent.com/Argimirodelpozo/puya-sol/HEAD/tests/solidity-semantic-tests/out/ecrecover/failing_ecrecover_invalid_input_proper/C.arc56.json,2026-07-16,,0,46d88194
https://raw.githubusercontent.com/Argimirodelpozo/puya-sol/HEAD/tests/solidity-semantic-tests/out/enums/constructing_enums_from_ints/c.arc56.json,2026-07-16,,0,e9f2ff58
https://raw.githubusercontent.com/Argimirodelpozo/puya-sol/HEAD/tests/solidity-semantic-tests/out/enums/enum_explicit_overflow/test.arc56.json,2026-07-16,,0,92baf2b2
https://raw.githubusercontent.com/Argimirodelpozo/puya-sol/HEAD/tests/solidity-semantic-tests/out/enums/enum_explicit_overflow_homestead/test.arc56.json,2026-07-16,,0,c63035f4
https://raw.githubusercontent.com/Argimirodelpozo/puya-sol/HEAD/tests/solidity-semantic-tests/out/enums/enum_referencing/C.arc56.json,2026-07-16,,0,cc60cc4b
https://raw.githubusercontent.com/Argimirodelpozo/puya-sol/HEAD/tests/solidity-semantic-tests/out/enums/enum_with_256_members/C.arc56.json,2026-07-16,,0,97e765ab
https://raw.githubusercontent.com/Argimirodelpozo/puya-sol/HEAD/tests/solidity-semantic-tests/out/enums/invalid_enum_logged/C.arc56.json,2026-07-16,,0,b51be774
https://raw.githubusercontent.com/Argimirodelpozo/puya-sol/HEAD/tests/solidity-semantic-tests/out/enums/minmax/test.arc56.json,2026-07-16,,0,040a6a4a
https://raw.githubusercontent.com/Argimirodelpozo/puya-sol/HEAD/tests/solidity-semantic-tests/out/enums/using_contract_enums_with_explicit_contract_name/test.arc56.json,2026-07-16,,0,f1d4ea31
https://raw.githubusercontent.com/Argimirodelpozo/puya-sol/HEAD/tests/solidity-semantic-tests/out/enums/using_enums/test.arc56.json,2026-07-16,,0,54b9af05
https://raw.githubusercontent.com/Argimirodelpozo/puya-sol/HEAD/tests/solidity-semantic-tests/out/enums/using_inherited_enum/base.arc56.json,2026-07-16,,0,744c0db2
https://raw.githubusercontent.com/Argimirodelpozo/puya-sol/HEAD/tests/solidity-semantic-tests/out/enums/using_inherited_enum/test.arc56.json,2026-07-16,,0,f3fad56e
https://raw.githubusercontent.com/Argimirodelpozo/puya-sol/HEAD/tests/solidity-semantic-tests/out/enums/using_inherited_enum_excplicitly/base.arc56.json,2026-07-16,,0,5034bc5c
https://raw.githubusercontent.com/Argimirodelpozo/puya-sol/HEAD/tests/solidity-semantic-tests/out/enums/using_inherited_enum_excplicitly/test.arc56.json,2026-07-16,,0,dd79126d
https://raw.githubusercontent.com/Argimirodelpozo/puya-sol/HEAD/tests/solidity-semantic-tests/out/eof/call_options_overload/C.arc56.json,2026-07-16,,0,33e54a35
https://raw.githubusercontent.com/Argimirodelpozo/puya-sol/HEAD/tests/solidity-semantic-tests/out/eof/external_call_to_nonexisting/C.arc56.json,2026-07-16,,0,7dd094e7
https://raw.githubusercontent.com/Argimirodelpozo/puya-sol/HEAD/tests/solidity-semantic-tests/out/errors/error_in_library_and_interface/C.arc56.json,2026-07-16,,0,17bf8483
https://raw.githubusercontent.com/Argimirodelpozo/puya-sol/HEAD/tests/solidity-semantic-tests/out/errors/error_selector/C.arc56.json,2026-07-16,,0,f7b9e8ca
https://raw.githubusercontent.com/Argimirodelpozo/puya-sol/HEAD/tests/solidity-semantic-tests/out/errors/error_selector/D.arc56.json,2026-07-16,,0,2188e465
https://raw.githubusercontent.com/Argimirodelpozo/puya-sol/HEAD/tests/solidity-semantic-tests/out/errors/error_static_calldata_uint_array_and_dynamic_array/C.arc56.json,2026-07-16,,0,dd2fab17
https://raw.githubusercontent.com/Argimirodelpozo/puya-sol/HEAD/tests/solidity-semantic-tests/out/errors/error_throw_from_module_via_member_access/BContract.arc56.json,2026-07-16,,0,244965a3
https://raw.githubusercontent.com/Argimirodelpozo/puya-sol/HEAD/tests/solidity-semantic-tests/out/errors/error_throw_from_module_via_member_access/CContract.arc56.json,2026-07-16,,0,50af9ee1
https://raw.githubusercontent.com/Argimirodelpozo/puya-sol/HEAD/tests/solidity-semantic-tests/out/errors/errors_by_parameter_type/C.arc56.json,2026-07-16,,0,45152fd0
https://raw.githubusercontent.com/Argimirodelpozo/puya-sol/HEAD/tests/solidity-semantic-tests/out/errors/named_error_args/C.arc56.json,2026-07-16,,0,7b48a15f
https://raw.githubusercontent.com/Argimirodelpozo/puya-sol/HEAD/tests/solidity-semantic-tests/out/errors/named_parameters_shadowing_types/C.arc56.json,2026-07-16,,0,c29767d3
https://raw.githubusercontent.com/Argimirodelpozo/puya-sol/HEAD/tests/solidity-semantic-tests/out/errors/panic_via_import/C.arc56.json,2026-07-16,,0,0b4d4239
https://raw.githubusercontent.com/Argimirodelpozo/puya-sol/HEAD/tests/solidity-semantic-tests/out/errors/require_different_errors_same_parameters/C.arc56.json,2026-07-16,,0,42c45084
https://raw.githubusercontent.com/Argimirodelpozo/puya-sol/HEAD/tests/solidity-semantic-tests/out/errors/require_error_condition_evaluated_only_once/C.arc56.json,2026-07-16,,0,1dcb2628
https://raw.githubusercontent.com/Argimirodelpozo/puya-sol/HEAD/tests/solidity-semantic-tests/out/errors/require_error_evaluation_order_1/C.arc56.json,2026-07-16,,0,c77e6800
https://raw.githubusercontent.com/Argimirodelpozo/puya-sol/HEAD/tests/solidity-semantic-tests/out/errors/require_error_evaluation_order_2/C.arc56.json,2026-07-16,,0,77bc9aca
https://raw.githubusercontent.com/Argimirodelpozo/puya-sol/HEAD/tests/solidity-semantic-tests/out/errors/require_error_evaluation_order_3/C.arc56.json,2026-07-16,,0,c55602af
https://raw.githubusercontent.com/Argimirodelpozo/puya-sol/HEAD/tests/solidity-semantic-tests/out/errors/require_error_function_join_control_flow/C.arc56.json,2026-07-16,,0,3b46c3fb
https://raw.githubusercontent.com/Argimirodelpozo/puya-sol/HEAD/tests/solidity-semantic-tests/out/errors/require_error_function_pointer_parameter/C.arc56.json,2026-07-16,,0,380e21d6
https://raw.githubusercontent.com/Argimirodelpozo/puya-sol/HEAD/tests/solidity-semantic-tests/out/errors/require_error_multiple_arguments/C.arc56.json,2026-07-16,,0,dca9399c
https://raw.githubusercontent.com/Argimirodelpozo/puya-sol/HEAD/tests/solidity-semantic-tests/out/errors/require_error_stack_check/C.arc56.json,2026-07-16,,0,a631ebb9
https://raw.githubusercontent.com/Argimirodelpozo/puya-sol/HEAD/tests/solidity-semantic-tests/out/errors/require_error_string_literal/C.arc56.json,2026-07-16,,0,110ff696
https://raw.githubusercontent.com/Argimirodelpozo/puya-sol/HEAD/tests/solidity-semantic-tests/out/errors/require_error_string_memory/C.arc56.json,2026-07-16,,0,7312b64e
https://raw.githubusercontent.com/Argimirodelpozo/puya-sol/HEAD/tests/solidity-semantic-tests/out/errors/require_error_uint256/C.arc56.json,2026-07-16,,0,787b7d91
https://raw.githubusercontent.com/Argimirodelpozo/puya-sol/HEAD/tests/solidity-semantic-tests/out/errors/require_inherited_error/Base.arc56.json,2026-07-16,,0,78e463b2
https://raw.githubusercontent.com/Argimirodelpozo/puya-sol/HEAD/tests/solidity-semantic-tests/out/errors/require_inherited_error/C.arc56.json,2026-07-16,,0,a417d338
https://raw.githubusercontent.com/Argimirodelpozo/puya-sol/HEAD/tests/solidity-semantic-tests/out/errors/revert_conversion/C.arc56.json,2026-07-16,,0,a80c6b38
https://raw.githubusercontent.com/Argimirodelpozo/puya-sol/HEAD/tests/solidity-semantic-tests/out/errors/simple/C.arc56.json,2026-07-16,,0,0ad75b73
https://raw.githubusercontent.com/Argimirodelpozo/puya-sol/HEAD/tests/solidity-semantic-tests/out/errors/using_structs/C.arc56.json,2026-07-16,,0,39159f5b
https://raw.githubusercontent.com/Argimirodelpozo/puya-sol/HEAD/tests/solidity-semantic-tests/out/errors/via_contract_type/A.arc56.json,2026-07-16,,0,cd9fa30d
https://raw.githubusercontent.com/Argimirodelpozo/puya-sol/HEAD/tests/solidity-semantic-tests/out/errors/via_contract_type/B.arc56.json,2026-07-16,,0,bd336d76
https://raw.githubusercontent.com/Argimirodelpozo/puya-sol/HEAD/tests/solidity-semantic-tests/out/errors/via_contract_type/X.arc56.json,2026-07-16,,0,d443dfdb
https://raw.githubusercontent.com/Argimirodelpozo/puya-sol/HEAD/tests/solidity-semantic-tests/out/errors/via_import/C.arc56.json,2026-07-17,,0,8c54728b
https://raw.githubusercontent.com/Argimirodelpozo/puya-sol/HEAD/tests/solidity-semantic-tests/out/errors/weird_name/C.arc56.json,2026-07-16,,0,93731c17
https://raw.githubusercontent.com/Argimirodelpozo/puya-sol/HEAD/tests/solidity-semantic-tests/out/events/emit_three_identical_events/C.arc56.json,2026-07-16,,0,439a3360
https://raw.githubusercontent.com/Argimirodelpozo/puya-sol/HEAD/tests/solidity-semantic-tests/out/events/emit_two_identical_events/C.arc56.json,2026-07-16,,0,bb905330
https://raw.githubusercontent.com/Argimirodelpozo/puya-sol/HEAD/tests/solidity-semantic-tests/out/events/event/ClientReceipt.arc56.json,2026-07-16,,0,c9903897
https://raw.githubusercontent.com/Argimirodelpozo/puya-sol/HEAD/tests/solidity-semantic-tests/out/events/event_access_through_base_name_emit/A.arc56.json,2026-07-16,,0,385ce917
https://raw.githubusercontent.com/Argimirodelpozo/puya-sol/HEAD/tests/solidity-semantic-tests/out/events/event_access_through_base_name_emit/B.arc56.json,2026-07-16,,0,e1b2658d
https://raw.githubusercontent.com/Argimirodelpozo/puya-sol/HEAD/tests/solidity-semantic-tests/out/events/event_anonymous/ClientReceipt.arc56.json,2026-07-16,,0,897fb9ee
https://raw.githubusercontent.com/Argimirodelpozo/puya-sol/HEAD/tests/solidity-semantic-tests/out/events/event_anonymous_with_signature_collision/ClientReceipt.arc56.json,2026-07-16,,0,2ca52f50
https://raw.githubusercontent.com/Argimirodelpozo/puya-sol/HEAD/tests/solidity-semantic-tests/out/events/event_anonymous_with_signature_collision2/ClientReceipt.arc56.json,2026-07-16,,0,9a0f4a88
https://raw.githubusercontent.com/Argimirodelpozo/puya-sol/HEAD/tests/solidity-semantic-tests/out/events/event_anonymous_with_topics/ClientReceipt.arc56.json,2026-07-16,,0,a292e088
https://raw.githubusercontent.com/Argimirodelpozo/puya-sol/HEAD/tests/solidity-semantic-tests/out/events/event_constructor/ClientReceipt.arc56.json,2026-07-16,,0,7092523c
https://raw.githubusercontent.com/Argimirodelpozo/puya-sol/HEAD/tests/solidity-semantic-tests/out/events/event_dynamic_array_memory/C.arc56.json,2026-07-16,,0,108a3ab4
https://raw.githubusercontent.com/Argimirodelpozo/puya-sol/HEAD/tests/solidity-semantic-tests/out/events/event_dynamic_array_memory_v2/C.arc56.json,2026-07-16,,0,fb85955e
https://raw.githubusercontent.com/Argimirodelpozo/puya-sol/HEAD/tests/solidity-semantic-tests/out/events/event_dynamic_array_storage/C.arc56.json,2026-07-16,,0,149658c2
https://raw.githubusercontent.com/Argimirodelpozo/puya-sol/HEAD/tests/solidity-semantic-tests/out/events/event_dynamic_array_storage_v2/C.arc56.json,2026-07-16,,0,1d9e3ada
https://raw.githubusercontent.com/Argimirodelpozo/puya-sol/HEAD/tests/solidity-semantic-tests/out/events/event_dynamic_nested_array_memory_v2/C.arc56.json,2026-07-16,,0,435ed791
https://raw.githubusercontent.com/Argimirodelpozo/puya-sol/HEAD/tests/solidity-semantic-tests/out/events/event_dynamic_nested_array_storage_v2/C.arc56.json,2026-07-16,,0,5bc9bf86
https://raw.githubusercontent.com/Argimirodelpozo/puya-sol/HEAD/tests/solidity-semantic-tests/out/events/event_emit/ClientReceipt.arc56.json,2026-07-16,,0,408fae75
https://raw.githubusercontent.com/Argimirodelpozo/puya-sol/HEAD/tests/solidity-semantic-tests/out/events/event_emit_file_level/ClientReceipt.arc56.json,2026-07-16,,0,cca60d59
https://raw.githubusercontent.com/Argimirodelpozo/puya-sol/HEAD/tests/solidity-semantic-tests/out/events/event_emit_from_a_foreign_contract/C.arc56.json,2026-07-16,,0,3dc9c932
https://raw.githubusercontent.com/Argimirodelpozo/puya-sol/HEAD/tests/solidity-semantic-tests/out/events/event_emit_from_a_foreign_contract/D.arc56.json,2026-07-16,,0,0ece12ac
https://raw.githubusercontent.com/Argimirodelpozo/puya-sol/HEAD/tests/solidity-semantic-tests/out/events/event_emit_from_a_foreign_contract_same_name/C.arc56.json,2026-07-16,,0,a13e5e99
https://raw.githubusercontent.com/Argimirodelpozo/puya-sol/HEAD/tests/solidity-semantic-tests/out/events/event_emit_from_a_foreign_contract_same_name/D.arc56.json,2026-07-16,,0,6b48359a
https://raw.githubusercontent.com/Argimirodelpozo/puya-sol/HEAD/tests/solidity-semantic-tests/out/events/event_emit_from_module_via_member_access/BContract.arc56.json,2026-07-16,,0,adab60d4
https://raw.githubusercontent.com/Argimirodelpozo/puya-sol/HEAD/tests/solidity-semantic-tests/out/events/event_emit_from_module_via_member_access/CContract.arc56.json,2026-07-16,,0,3fb0b4e3
https://raw.githubusercontent.com/Argimirodelpozo/puya-sol/HEAD/tests/solidity-semantic-tests/out/events/event_emit_from_other_contract/C.arc56.json,2026-07-16,,0,53129d4e
https://raw.githubusercontent.com/Argimirodelpozo/puya-sol/HEAD/tests/solidity-semantic-tests/out/events/event_emit_from_other_contract/D.arc56.json,2026-07-16,,0,ef869188
https://raw.githubusercontent.com/Argimirodelpozo/puya-sol/HEAD/tests/solidity-semantic-tests/out/events/event_emit_interface_event_via_library/C.arc56.json,2026-07-16,,0,2179b156
https://raw.githubusercontent.com/Argimirodelpozo/puya-sol/HEAD/tests/solidity-semantic-tests/out/events/event_emit_via_interface/C.arc56.json,2026-07-16,,0,8fd30a0c
https://raw.githubusercontent.com/Argimirodelpozo/puya-sol/HEAD/tests/solidity-semantic-tests/out/events/event_indexed_function/C.arc56.json,2026-07-16,,0,f20b4c26
https://raw.githubusercontent.com/Argimirodelpozo/puya-sol/HEAD/tests/solidity-semantic-tests/out/events/event_indexed_function2/C.arc56.json,2026-07-16,,0,70a7180d
https://raw.githubusercontent.com/Argimirodelpozo/puya-sol/HEAD/tests/solidity-semantic-tests/out/events/event_indexed_mixed/C.arc56.json,2026-07-16,,0,95d35390
https://raw.githubusercontent.com/Argimirodelpozo/puya-sol/HEAD/tests/solidity-semantic-tests/out/events/event_indexed_string/C.arc56.json,2026-07-16,,0,b3160a7c
https://raw.githubusercontent.com/Argimirodelpozo/puya-sol/HEAD/tests/solidity-semantic-tests/out/events/event_lots_of_data/ClientReceipt.arc56.json,2026-07-16,,0,c0b3fd2a
https://raw.githubusercontent.com/Argimirodelpozo/puya-sol/HEAD/tests/solidity-semantic-tests/out/events/event_no_arguments/ClientReceipt.arc56.json,2026-07-16,,0,d6dd6628
https://raw.githubusercontent.com/Argimirodelpozo/puya-sol/HEAD/tests/solidity-semantic-tests/out/events/event_really_lots_of_data/ClientReceipt.arc56.json,2026-07-16,,0,f18147e9
https://raw.githubusercontent.com/Argimirodelpozo/puya-sol/HEAD/tests/solidity-semantic-tests/out/events/event_really_lots_of_data_from_storage/ClientReceipt.arc56.json,2026-07-16,,0,9d34f50b
https://raw.githubusercontent.com/Argimirodelpozo/puya-sol/HEAD/tests/solidity-semantic-tests/out/events/event_really_really_lots_of_data_from_storage/ClientReceipt.arc56.json,2026-07-16,,0,e359c302
https://raw.githubusercontent.com/Argimirodelpozo/puya-sol/HEAD/tests/solidity-semantic-tests/out/events/event_selector/B.arc56.json,2026-07-16,,0,9dbf1d43
https://raw.githubusercontent.com/Argimirodelpozo/puya-sol/HEAD/tests/solidity-semantic-tests/out/events/event_selector/C.arc56.json,2026-07-16,,0,9c8d5a22
https://raw.githubusercontent.com/Argimirodelpozo/puya-sol/HEAD/tests/solidity-semantic-tests/out/events/event_selector/D.arc56.json,2026-07-16,,0,1ad88fae
https://raw.githubusercontent.com/Argimirodelpozo/puya-sol/HEAD/tests/solidity-semantic-tests/out/events/event_selector_file_level/C.arc56.json,2026-07-16,,0,574202ac
https://raw.githubusercontent.com/Argimirodelpozo/puya-sol/HEAD/tests/solidity-semantic-tests/out/events/event_shadowing_file_level/C.arc56.json,2026-07-16,,0,a58571a3
https://raw.githubusercontent.com/Argimirodelpozo/puya-sol/HEAD/tests/solidity-semantic-tests/out/events/event_signature_in_library/C.arc56.json,2026-07-16,,0,f5f34ae4
https://raw.githubusercontent.com/Argimirodelpozo/puya-sol/HEAD/tests/solidity-semantic-tests/out/events/event_static_calldata_uint_array_and_dynamic_array/C.arc56.json,2026-07-16,,0,4b041065
https://raw.githubusercontent.com/Argimirodelpozo/puya-sol/HEAD/tests/solidity-semantic-tests/out/events/event_string/C.arc56.json,2026-07-16,,0,dcecab21
https://raw.githubusercontent.com/Argimirodelpozo/puya-sol/HEAD/tests/solidity-semantic-tests/out/events/event_struct_memory_v2/C.arc56.json,2026-07-16,,0,118ecdf3
https://raw.githubusercontent.com/Argimirodelpozo/puya-sol/HEAD/tests/solidity-semantic-tests/out/events/event_struct_storage_v2/C.arc56.json,2026-07-16,,0,52773c68
https://raw.githubusercontent.com/Argimirodelpozo/puya-sol/HEAD/tests/solidity-semantic-tests/out/events/events_with_same_name/ClientReceipt.arc56.json,2026-07-16,,0,e1b1ae0f
https://raw.githubusercontent.com/Argimirodelpozo/puya-sol/HEAD/tests/solidity-semantic-tests/out/events/events_with_same_name_file_level/ClientReceipt.arc56.json,2026-07-16,,0,958c8039
https://raw.githubusercontent.com/Argimirodelpozo/puya-sol/HEAD/tests/solidity-semantic-tests/out/events/events_with_same_name_inherited_emit/A.arc56.json,2026-07-16,,0,426782d2
https://raw.githubusercontent.com/Argimirodelpozo/puya-sol/HEAD/tests/solidity-semantic-tests/out/events/events_with_same_name_inherited_emit/B.arc56.json,2026-07-16,,0,c7b24c46
https://raw.githubusercontent.com/Argimirodelpozo/puya-sol/HEAD/tests/solidity-semantic-tests/out/events/events_with_same_name_inherited_emit/ClientReceipt.arc56.json,2026-07-16,,0,a3541c85
https://raw.githubusercontent.com/Argimirodelpozo/puya-sol/HEAD/tests/solidity-semantic-tests/out/events/simple/C.arc56.json,2026-07-16,,0,826d6690
https://raw.githubusercontent.com/Argimirodelpozo/puya-sol/HEAD/tests/solidity-semantic-tests/out/events/simple/Test.arc56.json,2026-07-16,,0,468e828d
https://raw.githubusercontent.com/Argimirodelpozo/puya-sol/HEAD/tests/solidity-semantic-tests/out/exponentiation/literal_base/test.arc56.json,2026-07-16,,0,e390c57e
https://raw.githubusercontent.com/Argimirodelpozo/puya-sol/HEAD/tests/solidity-semantic-tests/out/exponentiation/signed_base/test.arc56.json,2026-07-16,,0,2eb866d2
https://raw.githubusercontent.com/Argimirodelpozo/puya-sol/HEAD/tests/solidity-semantic-tests/out/exponentiation/small_exp/test.arc56.json,2026-07-16,,0,00c05cd3
https://raw.githubusercontent.com/Argimirodelpozo/puya-sol/HEAD/tests/solidity-semantic-tests/out/expressions/bit_operators/test.arc56.json,2026-07-16,,0,fdcbc6de
https://raw.githubusercontent.com/Argimirodelpozo/puya-sol/HEAD/tests/solidity-semantic-tests/out/expressions/bytes_comparison/test.arc56.json,2026-07-16,,0,5c687fb2
https://raw.githubusercontent.com/Argimirodelpozo/puya-sol/HEAD/tests/solidity-semantic-tests/out/expressions/conditional_expression_different_types/test.arc56.json,2026-07-16,,0,7d3f18df
https://raw.githubusercontent.com/Argimirodelpozo/puya-sol/HEAD/tests/solidity-semantic-tests/out/expressions/conditional_expression_false_literal/test.arc56.json,2026-07-16,,0,33740ba3
https://raw.githubusercontent.com/Argimirodelpozo/puya-sol/HEAD/tests/solidity-semantic-tests/out/expressions/conditional_expression_functions/test.arc56.json,2026-07-16,,0,2f982280
https://raw.githubusercontent.com/Argimirodelpozo/puya-sol/HEAD/tests/solidity-semantic-tests/out/expressions/conditional_expression_multiple/test.arc56.json,2026-07-16,,0,e841ac49
https://raw.githubusercontent.com/Argimirodelpozo/puya-sol/HEAD/tests/solidity-semantic-tests/out/expressions/conditional_expression_storage_memory_1/test.arc56.json,2026-07-16,,0,283ef693
https://raw.githubusercontent.com/Argimirodelpozo/puya-sol/HEAD/tests/solidity-semantic-tests/out/expressions/conditional_expression_storage_memory_2/test.arc56.json,2026-07-16,,0,e7d504e2
https://raw.githubusercontent.com/Argimirodelpozo/puya-sol/HEAD/tests/solidity-semantic-tests/out/expressions/conditional_expression_true_literal/test.arc56.json,2026-07-16,,0,bfb96ebe
https://raw.githubusercontent.com/Argimirodelpozo/puya-sol/HEAD/tests/solidity-semantic-tests/out/expressions/conditional_expression_tuples/test.arc56.json,2026-07-16,,0,e6a609f3
https://raw.githubusercontent.com/Argimirodelpozo/puya-sol/HEAD/tests/solidity-semantic-tests/out/expressions/conditional_expression_with_return_values/test.arc56.json,2026-07-16,,0,9faebc8b
https://raw.githubusercontent.com/Argimirodelpozo/puya-sol/HEAD/tests/solidity-semantic-tests/out/expressions/exp_operator_const/test.arc56.json,2026-07-16,,0,371eb8d7
https://raw.githubusercontent.com/Argimirodelpozo/puya-sol/HEAD/tests/solidity-semantic-tests/out/expressions/exp_operator_const_signed/test.arc56.json,2026-07-16,,0,a0502f3a
https://raw.githubusercontent.com/Argimirodelpozo/puya-sol/HEAD/tests/solidity-semantic-tests/out/expressions/exp_zero_literal/test.arc56.json,2026-07-16,,0,71b380b2
https://raw.githubusercontent.com/Argimirodelpozo/puya-sol/HEAD/tests/solidity-semantic-tests/out/expressions/inc_dec_operators/test.arc56.json,2026-07-16,,0,cbd7cc06
https://raw.githubusercontent.com/Argimirodelpozo/puya-sol/HEAD/tests/solidity-semantic-tests/out/expressions/module_from_ternary_expression/C.arc56.json,2026-07-16,,0,a371b522
https://raw.githubusercontent.com/Argimirodelpozo/puya-sol/HEAD/tests/solidity-semantic-tests/out/expressions/module_from_ternary_expression/D.arc56.json,2026-07-16,,0,2e9ea9fb
https://raw.githubusercontent.com/Argimirodelpozo/puya-sol/HEAD/tests/solidity-semantic-tests/out/expressions/tuple_from_ternary_expression/C.arc56.json,2026-07-16,,0,602babf8
https://raw.githubusercontent.com/Argimirodelpozo/puya-sol/HEAD/tests/solidity-semantic-tests/out/expressions/unary_too_long_literal/C.arc56.json,2026-07-16,,0,bafc2ac1
https://raw.githubusercontent.com/Argimirodelpozo/puya-sol/HEAD/tests/solidity-semantic-tests/out/expressions/uncalled_address_transfer_send/TransferTest.arc56.json,2026-07-17,,0,038ce2ae
https://raw.githubusercontent.com/Argimirodelpozo/puya-sol/HEAD/tests/solidity-semantic-tests/out/externalContracts/base64/test.arc56.json,2026-07-16,,0,cf6fa7e2
https://raw.githubusercontent.com/Argimirodelpozo/puya-sol/HEAD/tests/solidity-semantic-tests/out/externalContracts/deposit_contract/DepositContract.arc56.json,2026-07-16,,0,2e42d5ba
https://raw.githubusercontent.com/Argimirodelpozo/puya-sol/HEAD/tests/solidity-semantic-tests/out/externalContracts/prbmath_signed/test.arc56.json,2026-07-16,,0,5c857e5b
https://raw.githubusercontent.com/Argimirodelpozo/puya-sol/HEAD/tests/solidity-semantic-tests/out/externalContracts/prbmath_unsigned/test.arc56.json,2026-07-16,,0,9284eb7c
https://raw.githubusercontent.com/Argimirodelpozo/puya-sol/HEAD/tests/solidity-semantic-tests/out/externalContracts/ramanujan_pi/test.arc56.json,2026-07-16,,0,79abfdc7
https://raw.githubusercontent.com/Argimirodelpozo/puya-sol/HEAD/tests/solidity-semantic-tests/out/externalContracts/snark/Test.arc56.json,2026-07-16,,0,a50334d8
https://raw.githubusercontent.com/Argimirodelpozo/puya-sol/HEAD/tests/solidity-semantic-tests/out/externalSource/multiple_equals_signs/C.arc56.json,2026-07-16,,0,7409ea78
https://raw.githubusercontent.com/Argimirodelpozo/puya-sol/HEAD/tests/solidity-semantic-tests/out/externalSource/multiple_equals_signs/External.arc56.json,2026-07-16,,0,3e5507b9
https://raw.githubusercontent.com/Argimirodelpozo/puya-sol/HEAD/tests/solidity-semantic-tests/out/externalSource/multiple_external_source/C.arc56.json,2026-07-16,,0,8cc1d51f
https://raw.githubusercontent.com/Argimirodelpozo/puya-sol/HEAD/tests/solidity-semantic-tests/out/externalSource/multiple_external_source/External.arc56.json,2026-07-16,,0,ee6822a6
https://raw.githubusercontent.com/Argimirodelpozo/puya-sol/HEAD/tests/solidity-semantic-tests/out/externalSource/multiple_external_source/OtherExternal.arc56.json,2026-07-16,,0,5242588c
https://raw.githubusercontent.com/Argimirodelpozo/puya-sol/HEAD/tests/solidity-semantic-tests/out/externalSource/multisource/C.arc56.json,2026-07-16,,0,bb0fa9bc
https://raw.githubusercontent.com/Argimirodelpozo/puya-sol/HEAD/tests/solidity-semantic-tests/out/externalSource/multisource/External.arc56.json,2026-07-16,,0,ac960150
https://raw.githubusercontent.com/Argimirodelpozo/puya-sol/HEAD/tests/solidity-semantic-tests/out/externalSource/multisource/S1.arc56.json,2026-07-16,,0,34d06bf1
https://raw.githubusercontent.com/Argimirodelpozo/puya-sol/HEAD/tests/solidity-semantic-tests/out/externalSource/non_normalized_paths/A.arc56.json,2026-07-16,,0,7545007d
https://raw.githubusercontent.com/Argimirodelpozo/puya-sol/HEAD/tests/solidity-semantic-tests/out/externalSource/non_normalized_paths/C.arc56.json,2026-07-16,,0,2c19459e
https://raw.githubusercontent.com/Argimirodelpozo/puya-sol/HEAD/tests/solidity-semantic-tests/out/externalSource/non_normalized_paths/Contract.arc56.json,2026-07-16,,0,cd83bd3d
https://raw.githubusercontent.com/Argimirodelpozo/puya-sol/HEAD/tests/solidity-semantic-tests/out/externalSource/non_normalized_paths/D.arc56.json,2026-07-16,,0,e194db2f
https://raw.githubusercontent.com/Argimirodelpozo/puya-sol/HEAD/tests/solidity-semantic-tests/out/externalSource/relative_imports/A.arc56.json,2026-07-16,,0,047badff
https://raw.githubusercontent.com/Argimirodelpozo/puya-sol/HEAD/tests/solidity-semantic-tests/out/externalSource/relative_imports/B.arc56.json,2026-07-16,,0,6aefd3ce
https://raw.githubusercontent.com/Argimirodelpozo/puya-sol/HEAD/tests/solidity-semantic-tests/out/externalSource/relative_imports/C.arc56.json,2026-07-16,,0,9701c206
https://raw.githubusercontent.com/Argimirodelpozo/puya-sol/HEAD/tests/solidity-semantic-tests/out/externalSource/relative_imports/CC.arc56.json,2026-07-16,,0,44fa5089
https://raw.githubusercontent.com/Argimirodelpozo/puya-sol/HEAD/tests/solidity-semantic-tests/out/externalSource/relative_imports/Contract.arc56.json,2026-07-16,,0,08a3226d
https://raw.githubusercontent.com/Argimirodelpozo/puya-sol/HEAD/tests/solidity-semantic-tests/out/externalSource/relative_imports/D.arc56.json,2026-07-16,,0,42fb1e5d
https://raw.githubusercontent.com/Argimirodelpozo/puya-sol/HEAD/tests/solidity-semantic-tests/out/externalSource/relative_imports/G.arc56.json,2026-07-16,,0,70a4b177
https://raw.githubusercontent.com/Argimirodelpozo/puya-sol/HEAD/tests/solidity-semantic-tests/out/externalSource/relative_imports/H.arc56.json,2026-07-16,,0,c8f91fa3
https://raw.githubusercontent.com/Argimirodelpozo/puya-sol/HEAD/tests/solidity-semantic-tests/out/externalSource/source/C.arc56.json,2026-07-16,,0,5f29bdc9
https://raw.githubusercontent.com/Argimirodelpozo/puya-sol/HEAD/tests/solidity-semantic-tests/out/externalSource/source/External.arc56.json,2026-07-16,,0,31dbe9d1
https://raw.githubusercontent.com/Argimirodelpozo/puya-sol/HEAD/tests/solidity-semantic-tests/out/externalSource/source_import/C.arc56.json,2026-07-16,,0,d8f054b7
https://raw.githubusercontent.com/Argimirodelpozo/puya-sol/HEAD/tests/solidity-semantic-tests/out/externalSource/source_import/External.arc56.json,2026-07-16,,0,710d8f1d
https://raw.githubusercontent.com/Argimirodelpozo/puya-sol/HEAD/tests/solidity-semantic-tests/out/externalSource/source_import/OtherExternal.arc56.json,2026-07-16,,0,7e92eab4
https://raw.githubusercontent.com/Argimirodelpozo/puya-sol/HEAD/tests/solidity-semantic-tests/out/externalSource/source_import_subdir/C.arc56.json,2026-07-16,,0,a13995e4
https://raw.githubusercontent.com/Argimirodelpozo/puya-sol/HEAD/tests/solidity-semantic-tests/out/externalSource/source_import_subdir/SubExternal.arc56.json,2026-07-16,,0,d676c940
https://raw.githubusercontent.com/Argimirodelpozo/puya-sol/HEAD/tests/solidity-semantic-tests/out/externalSource/source_name_starting_with_dots/A.arc56.json,2026-07-16,,0,ec567813
https://raw.githubusercontent.com/Argimirodelpozo/puya-sol/HEAD/tests/solidity-semantic-tests/out/externalSource/source_name_starting_with_dots/B.arc56.json,2026-07-16,,0,70983a04
https://raw.githubusercontent.com/Argimirodelpozo/puya-sol/HEAD/tests/solidity-semantic-tests/out/externalSource/source_name_starting_with_dots/Contract.arc56.json,2026-07-16,,0,631f8d79
https://raw.githubusercontent.com/Argimirodelpozo/puya-sol/HEAD/tests/solidity-semantic-tests/out/externalSource/source_name_starting_with_dots/Dot_A.arc56.json,2026-07-16,,0,9ec15bae
https://raw.githubusercontent.com/Argimirodelpozo/puya-sol/HEAD/tests/solidity-semantic-tests/out/externalSource/source_name_starting_with_dots/Dot_Dot_B.arc56.json,2026-07-16,,0,052baab4
https://raw.githubusercontent.com/Argimirodelpozo/puya-sol/HEAD/tests/solidity-semantic-tests/out/fallback/call_forward_bytes/receiver.arc56.json,2026-07-16,,0,20d41f72
https://raw.githubusercontent.com/Argimirodelpozo/puya-sol/HEAD/tests/solidity-semantic-tests/out/fallback/call_forward_bytes/sender.arc56.json,2026-07-16,,0,00ba0c7a
https://raw.githubusercontent.com/Argimirodelpozo/puya-sol/HEAD/tests/solidity-semantic-tests/out/fallback/falback_return/A.arc56.json,2026-07-16,,0,b00b6102
https://raw.githubusercontent.com/Argimirodelpozo/puya-sol/HEAD/tests/solidity-semantic-tests/out/fallback/fallback_argument/A.arc56.json,2026-07-16,,0,f88f2936
https://raw.githubusercontent.com/Argimirodelpozo/puya-sol/HEAD/tests/solidity-semantic-tests/out/fallback/fallback_argument_to_storage/A.arc56.json,2026-07-16,,0,5ab2db17
https://raw.githubusercontent.com/Argimirodelpozo/puya-sol/HEAD/tests/solidity-semantic-tests/out/fallback/fallback_or_receive/C.arc56.json,2026-07-16,,0,3cec85f1
https://raw.githubusercontent.com/Argimirodelpozo/puya-sol/HEAD/tests/solidity-semantic-tests/out/fallback/fallback_override/A.arc56.json,2026-07-16,,0,1d9f5e83
https://raw.githubusercontent.com/Argimirodelpozo/puya-sol/HEAD/tests/solidity-semantic-tests/out/fallback/fallback_override/B.arc56.json,2026-07-16,,0,e37b3d13
https://raw.githubusercontent.com/Argimirodelpozo/puya-sol/HEAD/tests/solidity-semantic-tests/out/fallback/fallback_override2/A.arc56.json,2026-07-16,,0,c3474662
https://raw.githubusercontent.com/Argimirodelpozo/puya-sol/HEAD/tests/solidity-semantic-tests/out/fallback/fallback_override2/B.arc56.json,2026-07-16,,0,90fad027
https://raw.githubusercontent.com/Argimirodelpozo/puya-sol/HEAD/tests/solidity-semantic-tests/out/fallback/fallback_override_multi/A.arc56.json,2026-07-17,,0,c2f0b586
https://raw.githubusercontent.com/Argimirodelpozo/puya-sol/HEAD/tests/solidity-semantic-tests/out/fallback/fallback_override_multi/B.arc56.json,2026-07-16,,0,f263cba3
https://raw.githubusercontent.com/Argimirodelpozo/puya-sol/HEAD/tests/solidity-semantic-tests/out/fallback/fallback_override_multi/C.arc56.json,2026-07-16,,0,ed44ae08
https://raw.githubusercontent.com/Argimirodelpozo/puya-sol/HEAD/tests/solidity-semantic-tests/out/fallback/fallback_return_data/A.arc56.json,2026-07-16,,0,9418ee9a
https://raw.githubusercontent.com/Argimirodelpozo/puya-sol/HEAD/tests/solidity-semantic-tests/out/fallback/inherited/A.arc56.json,2026-07-16,,0,a22c6209
https://raw.githubusercontent.com/Argimirodelpozo/puya-sol/HEAD/tests/solidity-semantic-tests/out/fallback/inherited/B.arc56.json,2026-07-16,,0,b55167a5
https://raw.githubusercontent.com/Argimirodelpozo/puya-sol/HEAD/tests/solidity-semantic-tests/out/fallback/short_data_calls_fallback/A.arc56.json,2026-07-16,,0,b2e8196d
https://raw.githubusercontent.com/Argimirodelpozo/puya-sol/HEAD/tests/solidity-semantic-tests/out/freeFunctions/easy/C.arc56.json,2026-07-16,,0,3bbdf185
https://raw.githubusercontent.com/Argimirodelpozo/puya-sol/HEAD/tests/solidity-semantic-tests/out/freeFunctions/free_namesake_contract_function/C.arc56.json,2026-07-16,,0,7e8ef9fa
https://raw.githubusercontent.com/Argimirodelpozo/puya-sol/HEAD/tests/solidity-semantic-tests/out/freeFunctions/free_runtimecode/C.arc56.json,2026-07-16,,0,72304852
https://raw.githubusercontent.com/Argimirodelpozo/puya-sol/HEAD/tests/solidity-semantic-tests/out/freeFunctions/free_runtimecode/D.arc56.json,2026-07-16,,0,ab9c9814
https://raw.githubusercontent.com/Argimirodelpozo/puya-sol/HEAD/tests/solidity-semantic-tests/out/freeFunctions/import/C.arc56.json,2026-07-16,,0,9f9004f8
https://raw.githubusercontent.com/Argimirodelpozo/puya-sol/HEAD/tests/solidity-semantic-tests/out/freeFunctions/libraries_from_free/C.arc56.json,2026-07-16,,0,c7f47034
https://raw.githubusercontent.com/Argimirodelpozo/puya-sol/HEAD/tests/solidity-semantic-tests/out/freeFunctions/new_operator/C.arc56.json,2026-07-16,,0,604e2993
https://raw.githubusercontent.com/Argimirodelpozo/puya-sol/HEAD/tests/solidity-semantic-tests/out/freeFunctions/new_operator/D.arc56.json,2026-07-16,,0,b7b43c8e
https://raw.githubusercontent.com/Argimirodelpozo/puya-sol/HEAD/tests/solidity-semantic-tests/out/freeFunctions/overloads/C.arc56.json,2026-07-16,,0,22f83196
https://raw.githubusercontent.com/Argimirodelpozo/puya-sol/HEAD/tests/solidity-semantic-tests/out/freeFunctions/recursion/C.arc56.json,2026-07-16,,0,8004241d
https://raw.githubusercontent.com/Argimirodelpozo/puya-sol/HEAD/tests/solidity-semantic-tests/out/freeFunctions/storage_calldata_refs/C.arc56.json,2026-07-16,,0,11853eb9
https://raw.githubusercontent.com/Argimirodelpozo/puya-sol/HEAD/tests/solidity-semantic-tests/out/functionCall/array_multiple_local_vars/test.arc56.json,2026-07-16,,0,40c9c4e8
https://raw.githubusercontent.com/Argimirodelpozo/puya-sol/HEAD/tests/solidity-semantic-tests/out/functionCall/bare_call_no_returndatacopy/C.arc56.json,2026-07-16,,0,c50b4246
https://raw.githubusercontent.com/Argimirodelpozo/puya-sol/HEAD/tests/solidity-semantic-tests/out/functionCall/call_attached_library_function_on_storage_variable/C.arc56.json,2026-07-16,,0,c212781b
https://raw.githubusercontent.com/Argimirodelpozo/puya-sol/HEAD/tests/solidity-semantic-tests/out/functionCall/call_attached_library_function_on_string/C.arc56.json,2026-07-16,,0,79436bd3
https://raw.githubusercontent.com/Argimirodelpozo/puya-sol/HEAD/tests/solidity-semantic-tests/out/functionCall/call_function_returning_function/test.arc56.json,2026-07-16,,0,6d04fe0a
https://raw.githubusercontent.com/Argimirodelpozo/puya-sol/HEAD/tests/solidity-semantic-tests/out/functionCall/call_function_returning_nothing_via_pointer/test.arc56.json,2026-07-16,,0,87c20c4d
https://raw.githubusercontent.com/Argimirodelpozo/puya-sol/HEAD/tests/solidity-semantic-tests/out/functionCall/call_internal_function_via_expression/C.arc56.json,2026-07-16,,0,7e39a6dd
https://raw.githubusercontent.com/Argimirodelpozo/puya-sol/HEAD/tests/solidity-semantic-tests/out/functionCall/call_internal_function_with_multislot_arguments_via_pointer/C.arc56.json,2026-07-16,,0,5b1bfef1
https://raw.githubusercontent.com/Argimirodelpozo/puya-sol/HEAD/tests/solidity-semantic-tests/out/functionCall/call_options_overload/C.arc56.json,2026-07-16,,0,d9c2c7dd
https://raw.githubusercontent.com/Argimirodelpozo/puya-sol/HEAD/tests/solidity-semantic-tests/out/functionCall/calling_nonexisting_contract_throws/C.arc56.json,2026-07-16,,0,71f85075
https://raw.githubusercontent.com/Argimirodelpozo/puya-sol/HEAD/tests/solidity-semantic-tests/out/functionCall/calling_other_functions/collatz.arc56.json,2026-07-16,,0,96559c98
https://raw.githubusercontent.com/Argimirodelpozo/puya-sol/HEAD/tests/solidity-semantic-tests/out/functionCall/calling_uninitialized_function/C.arc56.json,2026-07-17,,0,a7095a6d
https://raw.githubusercontent.com/Argimirodelpozo/puya-sol/HEAD/tests/solidity-semantic-tests/out/functionCall/calling_uninitialized_function_in_detail/C.arc56.json,2026-07-16,,0,a4c501d2
https://raw.githubusercontent.com/Argimirodelpozo/puya-sol/HEAD/tests/solidity-semantic-tests/out/functionCall/calling_uninitialized_function_through_array/C.arc56.json,2026-07-16,,0,51aad978
https://raw.githubusercontent.com/Argimirodelpozo/puya-sol/HEAD/tests/solidity-semantic-tests/out/functionCall/conditional_with_arguments/C.arc56.json,2026-07-16,,0,93657ec3
https://raw.githubusercontent.com/Argimirodelpozo/puya-sol/HEAD/tests/solidity-semantic-tests/out/functionCall/creation_function_call_no_args/C.arc56.json,2026-07-16,,0,5c237355
https://raw.githubusercontent.com/Argimirodelpozo/puya-sol/HEAD/tests/solidity-semantic-tests/out/functionCall/creation_function_call_no_args/D.arc56.json,2026-07-16,,0,175f959b
https://raw.githubusercontent.com/Argimirodelpozo/puya-sol/HEAD/tests/solidity-semantic-tests/out/functionCall/creation_function_call_with_args/C.arc56.json,2026-07-16,,0,4fba5362
https://raw.githubusercontent.com/Argimirodelpozo/puya-sol/HEAD/tests/solidity-semantic-tests/out/functionCall/creation_function_call_with_args/D.arc56.json,2026-07-16,,0,49e6cbc8
https://raw.githubusercontent.com/Argimirodelpozo/puya-sol/HEAD/tests/solidity-semantic-tests/out/functionCall/creation_function_call_with_salt/C.arc56.json,2026-07-16,,0,c75423c3
https://raw.githubusercontent.com/Argimirodelpozo/puya-sol/HEAD/tests/solidity-semantic-tests/out/functionCall/creation_function_call_with_salt/D.arc56.json,2026-07-16,,0,9f9e79bd
https://raw.githubusercontent.com/Argimirodelpozo/puya-sol/HEAD/tests/solidity-semantic-tests/out/functionCall/delegatecall_return_value/C.arc56.json,2026-07-16,,0,f646c5fe
https://raw.githubusercontent.com/Argimirodelpozo/puya-sol/HEAD/tests/solidity-semantic-tests/out/functionCall/delegatecall_return_value_pre_byzantium/C.arc56.json,2026-07-16,,0,e402a183
https://raw.githubusercontent.com/Argimirodelpozo/puya-sol/HEAD/tests/solidity-semantic-tests/out/functionCall/disordered_named_args/test.arc56.json,2026-07-16,,0,5236016e
https://raw.githubusercontent.com/Argimirodelpozo/puya-sol/HEAD/tests/solidity-semantic-tests/out/functionCall/external_call/C.arc56.json,2026-07-16,,0,847691f2
https://raw.githubusercontent.com/Argimirodelpozo/puya-sol/HEAD/tests/solidity-semantic-tests/out/functionCall/external_call_at_construction_time/C.arc56.json,2026-07-16,,0,12536d83
https://raw.githubusercontent.com/Argimirodelpozo/puya-sol/HEAD/tests/solidity-semantic-tests/out/functionCall/external_call_at_construction_time/T.arc56.json,2026-07-16,,0,2345cb42
https://raw.githubusercontent.com/Argimirodelpozo/puya-sol/HEAD/tests/solidity-semantic-tests/out/functionCall/external_call_at_construction_time/U.arc56.json,2026-07-16,,0,1744f650
https://raw.githubusercontent.com/Argimirodelpozo/puya-sol/HEAD/tests/solidity-semantic-tests/out/functionCall/external_call_dynamic_returndata/C.arc56.json,2026-07-16,,0,a5dc5f30
https://raw.githubusercontent.com/Argimirodelpozo/puya-sol/HEAD/tests/solidity-semantic-tests/out/functionCall/external_call_to_nonexisting/C.arc56.json,2026-07-16,,0,24654a79
https://raw.githubusercontent.com/Argimirodelpozo/puya-sol/HEAD/tests/solidity-semantic-tests/out/functionCall/external_call_to_nonexisting_debugstrings/C.arc56.json,2026-07-16,,0,6046fe61
https://raw.githubusercontent.com/Argimirodelpozo/puya-sol/HEAD/tests/solidity-semantic-tests/out/functionCall/external_call_value/C.arc56.json,2026-07-16,,0,98e2babc
https://raw.githubusercontent.com/Argimirodelpozo/puya-sol/HEAD/tests/solidity-semantic-tests/out/functionCall/external_function/c.arc56.json,2026-07-16,,0,ac1951f0
https://raw.githubusercontent.com/Argimirodelpozo/puya-sol/HEAD/tests/solidity-semantic-tests/out/functionCall/external_public_override/A.arc56.json,2026-07-16,,0,b20f4408
https://raw.githubusercontent.com/Argimirodelpozo/puya-sol/HEAD/tests/solidity-semantic-tests/out/functionCall/external_public_override/B.arc56.json,2026-07-16,,0,d018367b
https://raw.githubusercontent.com/Argimirodelpozo/puya-sol/HEAD/tests/solidity-semantic-tests/out/functionCall/failed_create/C.arc56.json,2026-07-16,,0,6f63315f
https://raw.githubusercontent.com/Argimirodelpozo/puya-sol/HEAD/tests/solidity-semantic-tests/out/functionCall/failed_create/D.arc56.json,2026-07-16,,0,05ab51cd
https://raw.githubusercontent.com/Argimirodelpozo/puya-sol/HEAD/tests/solidity-semantic-tests/out/functionCall/file_level_call_via_module/C.arc56.json,2026-07-16,,0,d1f46915
https://raw.githubusercontent.com/Argimirodelpozo/puya-sol/HEAD/tests/solidity-semantic-tests/out/functionCall/gas_and_value_basic/helper.arc56.json,2026-07-16,,0,c9ced80b
https://raw.githubusercontent.com/Argimirodelpozo/puya-sol/HEAD/tests/solidity-semantic-tests/out/functionCall/gas_and_value_basic/test.arc56.json,2026-07-16,,0,739b26e7
https://raw.githubusercontent.com/Argimirodelpozo/puya-sol/HEAD/tests/solidity-semantic-tests/out/functionCall/mapping_array_internal_argument/test.arc56.json,2026-07-16,,0,fb095f0f
https://raw.githubusercontent.com/Argimirodelpozo/puya-sol/HEAD/tests/solidity-semantic-tests/out/functionCall/mapping_internal_argument/test.arc56.json,2026-07-16,,0,eaf0d901
https://raw.githubusercontent.com/Argimirodelpozo/puya-sol/HEAD/tests/solidity-semantic-tests/out/functionCall/mapping_internal_return/test.arc56.json,2026-07-16,,0,4271a2ed
https://raw.githubusercontent.com/Argimirodelpozo/puya-sol/HEAD/tests/solidity-semantic-tests/out/functionCall/member_accessors/test.arc56.json,2026-07-16,,0,f1ec47de
https://raw.githubusercontent.com/Argimirodelpozo/puya-sol/HEAD/tests/solidity-semantic-tests/out/functionCall/multiple_functions/test.arc56.json,2026-07-16,,0,18f429b5
https://raw.githubusercontent.com/Argimirodelpozo/puya-sol/HEAD/tests/solidity-semantic-tests/out/functionCall/multiple_return_values/test.arc56.json,2026-07-16,,0,546dbbdc
https://raw.githubusercontent.com/Argimirodelpozo/puya-sol/HEAD/tests/solidity-semantic-tests/out/functionCall/named_args/test.arc56.json,2026-07-16,,0,92512daa
https://raw.githubusercontent.com/Argimirodelpozo/puya-sol/HEAD/tests/solidity-semantic-tests/out/functionCall/named_args_overload/C.arc56.json,2026-07-16,,0,b59746f6
https://raw.githubusercontent.com/Argimirodelpozo/puya-sol/HEAD/tests/solidity-semantic-tests/out/functionCall/precompile_extcodesize_check/C.arc56.json,2026-07-16,,0,ec1b3c8e
https://raw.githubusercontent.com/Argimirodelpozo/puya-sol/HEAD/tests/solidity-semantic-tests/out/functionCall/return_size_bigger_than_expected/LongReturn.arc56.json,2026-07-16,,0,9611c71a
https://raw.githubusercontent.com/Argimirodelpozo/puya-sol/HEAD/tests/solidity-semantic-tests/out/functionCall/return_size_bigger_than_expected/Test.arc56.json,2026-07-16,,0,52aa134d
https://raw.githubusercontent.com/Argimirodelpozo/puya-sol/HEAD/tests/solidity-semantic-tests/out/functionCall/return_size_shorter_than_expected/ShortReturn.arc56.json,2026-07-16,,0,1e76bb42
https://raw.githubusercontent.com/Argimirodelpozo/puya-sol/HEAD/tests/solidity-semantic-tests/out/functionCall/return_size_shorter_than_expected/Test.arc56.json,2026-07-16,,0,347808fb
https://raw.githubusercontent.com/Argimirodelpozo/puya-sol/HEAD/tests/solidity-semantic-tests/out/functionCall/return_size_shorter_than_expected_evm_version_after_homestead/ShortReturn.arc56.json,2026-07-16,,0,e17f9fec
https://raw.githubusercontent.com/Argimirodelpozo/puya-sol/HEAD/tests/solidity-semantic-tests/out/functionCall/return_size_shorter_than_expected_evm_version_after_homestead/Test.arc56.json,2026-07-16,,0,720482dc
https://raw.githubusercontent.com/Argimirodelpozo/puya-sol/HEAD/tests/solidity-semantic-tests/out/functionCall/send_zero_ether/Main.arc56.json,2026-07-16,,0,79c79aba
https://raw.githubusercontent.com/Argimirodelpozo/puya-sol/HEAD/tests/solidity-semantic-tests/out/functionCall/send_zero_ether/Receiver.arc56.json,2026-07-16,,0,f9559a0c
https://raw.githubusercontent.com/Argimirodelpozo/puya-sol/HEAD/tests/solidity-semantic-tests/out/functionCall/transaction_status/test.arc56.json,2026-07-16,,0,27d4405e
https://raw.githubusercontent.com/Argimirodelpozo/puya-sol/HEAD/tests/solidity-semantic-tests/out/functionCall/value_test/C.arc56.json,2026-07-16,,0,58430536
https://raw.githubusercontent.com/Argimirodelpozo/puya-sol/HEAD/tests/solidity-semantic-tests/out/functionSelector/function_selector_via_contract_name/A.arc56.json,2026-07-16,,0,c7194a4d
https://raw.githubusercontent.com/Argimirodelpozo/puya-sol/HEAD/tests/solidity-semantic-tests/out/functionSelector/function_selector_via_contract_name/B.arc56.json,2026-07-16,,0,8642c417
https://raw.githubusercontent.com/Argimirodelpozo/puya-sol/HEAD/tests/solidity-semantic-tests/out/functionSelector/function_selector_via_contract_name/C.arc56.json,2026-07-16,,0,72cd9114
https://raw.githubusercontent.com/Argimirodelpozo/puya-sol/HEAD/tests/solidity-semantic-tests/out/functionTypes/address_member/C.arc56.json,2026-07-16,,0,d19aef38
https://raw.githubusercontent.com/Argimirodelpozo/puya-sol/HEAD/tests/solidity-semantic-tests/out/functionTypes/call_to_zero_initialized_function_type_ir/C.arc56.json,2026-07-16,,0,45049d97
https://raw.githubusercontent.com/Argimirodelpozo/puya-sol/HEAD/tests/solidity-semantic-tests/out/functionTypes/call_to_zero_initialized_function_type_ir/Other.arc56.json,2026-07-16,,0,7c7e4011
https://raw.githubusercontent.com/Argimirodelpozo/puya-sol/HEAD/tests/solidity-semantic-tests/out/functionTypes/call_to_zero_initialized_function_type_legacy/C.arc56.json,2026-07-16,,0,eee249c4
https://raw.githubusercontent.com/Argimirodelpozo/puya-sol/HEAD/tests/solidity-semantic-tests/out/functionTypes/call_to_zero_initialized_function_type_legacy/Other.arc56.json,2026-07-16,,0,7748e4ad
https://raw.githubusercontent.com/Argimirodelpozo/puya-sol/HEAD/tests/solidity-semantic-tests/out/functionTypes/comparison_operator_for_external_function_cleans_dirty_bits/C.arc56.json,2026-07-16,,0,5964afe8
https://raw.githubusercontent.com/Argimirodelpozo/puya-sol/HEAD/tests/solidity-semantic-tests/out/functionTypes/comparison_operators_for_external_functions/C.arc56.json,2026-07-16,,0,0a9d22fd
https://raw.githubusercontent.com/Argimirodelpozo/puya-sol/HEAD/tests/solidity-semantic-tests/out/functionTypes/duplicated_function_definition_with_same_id_in_internal_dispatcher/C.arc56.json,2026-07-16,,0,35662de3
https://raw.githubusercontent.com/Argimirodelpozo/puya-sol/HEAD/tests/solidity-semantic-tests/out/functionTypes/external_functions_with_calldata_args_assigned_to_function_pointers_with_memory_type/C.arc56.json,2026-07-16,,0,33d87b9c
https://raw.githubusercontent.com/Argimirodelpozo/puya-sol/HEAD/tests/solidity-semantic-tests/out/functionTypes/function_delete_stack/C.arc56.json,2026-07-16,,0,d93843e3
https://raw.githubusercontent.com/Argimirodelpozo/puya-sol/HEAD/tests/solidity-semantic-tests/out/functionTypes/function_delete_storage/C.arc56.json,2026-07-16,,0,931b5034
https://raw.githubusercontent.com/Argimirodelpozo/puya-sol/HEAD/tests/solidity-semantic-tests/out/functionTypes/function_external_delete_storage/C.arc56.json,2026-07-16,,0,8fdc2f6f
https://raw.githubusercontent.com/Argimirodelpozo/puya-sol/HEAD/tests/solidity-semantic-tests/out/functionTypes/function_type_library_internal/C.arc56.json,2026-07-16,,0,3c564e2d
https://raw.githubusercontent.com/Argimirodelpozo/puya-sol/HEAD/tests/solidity-semantic-tests/out/functionTypes/inline_array_with_value_call_option/C.arc56.json,2026-07-16,,0,f5712710
https://raw.githubusercontent.com/Argimirodelpozo/puya-sol/HEAD/tests/solidity-semantic-tests/out/functionTypes/mapping_of_functions/Flow.arc56.json,2026-07-16,,0,e1a843d9
https://raw.githubusercontent.com/Argimirodelpozo/puya-sol/HEAD/tests/solidity-semantic-tests/out/functionTypes/pass_function_types_externally/C.arc56.json,2026-07-16,,0,5f05c352
https://raw.githubusercontent.com/Argimirodelpozo/puya-sol/HEAD/tests/solidity-semantic-tests/out/functionTypes/pass_function_types_internally/C.arc56.json,2026-07-16,,0,9b9c52e7
https://raw.githubusercontent.com/Argimirodelpozo/puya-sol/HEAD/tests/solidity-semantic-tests/out/functionTypes/same_function_in_construction_and_runtime/C.arc56.json,2026-07-16,,0,882cb30e
https://raw.githubusercontent.com/Argimirodelpozo/puya-sol/HEAD/tests/solidity-semantic-tests/out/functionTypes/same_function_in_construction_and_runtime_equality_check/C.arc56.json,2026-07-16,,0,77f8f060
https://raw.githubusercontent.com/Argimirodelpozo/puya-sol/HEAD/tests/solidity-semantic-tests/out/functionTypes/selector_1/B.arc56.json,2026-07-16,,0,317898fc
https://raw.githubusercontent.com/Argimirodelpozo/puya-sol/HEAD/tests/solidity-semantic-tests/out/functionTypes/selector_1/C.arc56.json,2026-07-17,,0,5ed4b475
https://raw.githubusercontent.com/Argimirodelpozo/puya-sol/HEAD/tests/solidity-semantic-tests/out/functionTypes/selector_2/B.arc56.json,2026-07-16,,0,9fd0cbb5
https://raw.githubusercontent.com/Argimirodelpozo/puya-sol/HEAD/tests/solidity-semantic-tests/out/functionTypes/selector_2/D.arc56.json,2026-07-16,,0,f0d60d8d
https://raw.githubusercontent.com/Argimirodelpozo/puya-sol/HEAD/tests/solidity-semantic-tests/out/functionTypes/selector_assignment_expression/C.arc56.json,2026-07-17,,0,25e538ec
https://raw.githubusercontent.com/Argimirodelpozo/puya-sol/HEAD/tests/solidity-semantic-tests/out/functionTypes/selector_expression_side_effect/C.arc56.json,2026-07-16,,0,14c10efd
https://raw.githubusercontent.com/Argimirodelpozo/puya-sol/HEAD/tests/solidity-semantic-tests/out/functionTypes/selector_ternary/C.arc56.json,2026-07-16,,0,3085d2d0
https://raw.githubusercontent.com/Argimirodelpozo/puya-sol/HEAD/tests/solidity-semantic-tests/out/functionTypes/selector_ternary_function_pointer_from_function_call/A.arc56.json,2026-07-16,,0,fc7146ed
https://raw.githubusercontent.com/Argimirodelpozo/puya-sol/HEAD/tests/solidity-semantic-tests/out/functionTypes/selector_ternary_function_pointer_from_function_call/C.arc56.json,2026-07-16,,0,fbb9fadd
https://raw.githubusercontent.com/Argimirodelpozo/puya-sol/HEAD/tests/solidity-semantic-tests/out/functionTypes/stack_height_check_on_adding_gas_variable_to_function/C.arc56.json,2026-07-16,,0,17ad5ada
https://raw.githubusercontent.com/Argimirodelpozo/puya-sol/HEAD/tests/solidity-semantic-tests/out/functionTypes/store_function/C.arc56.json,2026-07-16,,0,36f16a91
https://raw.githubusercontent.com/Argimirodelpozo/puya-sol/HEAD/tests/solidity-semantic-tests/out/functionTypes/store_function/Other.arc56.json,2026-07-16,,0,822fbb56
https://raw.githubusercontent.com/Argimirodelpozo/puya-sol/HEAD/tests/solidity-semantic-tests/out/functionTypes/struct_with_external_function/Flow.arc56.json,2026-07-16,,0,1e8f7918
https://raw.githubusercontent.com/Argimirodelpozo/puya-sol/HEAD/tests/solidity-semantic-tests/out/functionTypes/struct_with_functions/Flow.arc56.json,2026-07-16,,0,c36190a7
https://raw.githubusercontent.com/Argimirodelpozo/puya-sol/HEAD/tests/solidity-semantic-tests/out/functionTypes/ternary_contract_internal_function/C.arc56.json,2026-07-16,,0,7fe182c3
https://raw.githubusercontent.com/Argimirodelpozo/puya-sol/HEAD/tests/solidity-semantic-tests/out/functionTypes/ternary_contract_library_internal_function/C.arc56.json,2026-07-16,,0,b8bd4a8b
https://raw.githubusercontent.com/Argimirodelpozo/puya-sol/HEAD/tests/solidity-semantic-tests/out/functionTypes/ternary_contract_public_function/C.arc56.json,2026-07-16,,0,4a101b55
https://raw.githubusercontent.com/Argimirodelpozo/puya-sol/HEAD/tests/solidity-semantic-tests/out/functionTypes/uninitialized_internal_storage_function_call/Test.arc56.json,2026-07-16,,0,62da5af5
https://raw.githubusercontent.com/Argimirodelpozo/puya-sol/HEAD/tests/solidity-semantic-tests/out/getters/arrays/C.arc56.json,2026-07-16,,0,22aa9544
https://raw.githubusercontent.com/Argimirodelpozo/puya-sol/HEAD/tests/solidity-semantic-tests/out/getters/bytes/C.arc56.json,2026-07-16,,0,c8ac3cb4
https://raw.githubusercontent.com/Argimirodelpozo/puya-sol/HEAD/tests/solidity-semantic-tests/out/getters/mapping/C.arc56.json,2026-07-16,,0,91f85c54
https://raw.githubusercontent.com/Argimirodelpozo/puya-sol/HEAD/tests/solidity-semantic-tests/out/getters/mapping_array_struct/C.arc56.json,2026-07-16,,0,391cec05
https://raw.githubusercontent.com/Argimirodelpozo/puya-sol/HEAD/tests/solidity-semantic-tests/out/getters/mapping_of_string/C.arc56.json,2026-07-16,,0,99661d17
https://raw.githubusercontent.com/Argimirodelpozo/puya-sol/HEAD/tests/solidity-semantic-tests/out/getters/mapping_to_struct/C.arc56.json,2026-07-16,,0,a6465923
https://raw.githubusercontent.com/Argimirodelpozo/puya-sol/HEAD/tests/solidity-semantic-tests/out/getters/mapping_with_names/C.arc56.json,2026-07-16,,0,2c42e64c
https://raw.githubusercontent.com/Argimirodelpozo/puya-sol/HEAD/tests/solidity-semantic-tests/out/getters/string_and_bytes/C.arc56.json,2026-07-16,,0,c85898a9
https://raw.githubusercontent.com/Argimirodelpozo/puya-sol/HEAD/tests/solidity-semantic-tests/out/getters/struct_with_bytes/C.arc56.json,2026-07-16,,0,afc53943
https://raw.githubusercontent.com/Argimirodelpozo/puya-sol/HEAD/tests/solidity-semantic-tests/out/getters/struct_with_bytes_simple/C.arc56.json,2026-07-16,,0,7fd5ee11
https://raw.githubusercontent.com/Argimirodelpozo/puya-sol/HEAD/tests/solidity-semantic-tests/out/getters/transient_value_types/C.arc56.json,2026-07-16,,0,b828f9cb
https://raw.githubusercontent.com/Argimirodelpozo/puya-sol/HEAD/tests/solidity-semantic-tests/out/getters/transient_value_types_multi_frame_call/C.arc56.json,2026-07-16,,0,8e68ad1c
https://raw.githubusercontent.com/Argimirodelpozo/puya-sol/HEAD/tests/solidity-semantic-tests/out/getters/value_types/C.arc56.json,2026-07-16,,0,8eec0092
https://raw.githubusercontent.com/Argimirodelpozo/puya-sol/HEAD/tests/solidity-semantic-tests/out/immutable/assign_at_declaration/A.arc56.json,2026-07-16,,0,d2fd1c20
https://raw.githubusercontent.com/Argimirodelpozo/puya-sol/HEAD/tests/solidity-semantic-tests/out/immutable/assign_from_immutables/C.arc56.json,2026-07-16,,0,971514f9
https://raw.githubusercontent.com/Argimirodelpozo/puya-sol/HEAD/tests/solidity-semantic-tests/out/immutable/delete/C.arc56.json,2026-07-16,,0,d72d97cb
https://raw.githubusercontent.com/Argimirodelpozo/puya-sol/HEAD/tests/solidity-semantic-tests/out/immutable/fun_read_in_ctor/A.arc56.json,2026-07-16,,0,23bddbf6
https://raw.githubusercontent.com/Argimirodelpozo/puya-sol/HEAD/tests/solidity-semantic-tests/out/immutable/getter/C.arc56.json,2026-07-16,,0,e1089cce
https://raw.githubusercontent.com/Argimirodelpozo/puya-sol/HEAD/tests/solidity-semantic-tests/out/immutable/getter_call_in_constructor/A.arc56.json,2026-07-16,,0,c4f1d05e
https://raw.githubusercontent.com/Argimirodelpozo/puya-sol/HEAD/tests/solidity-semantic-tests/out/immutable/getter_call_in_constructor/C.arc56.json,2026-07-16,,0,fa47bad4
https://raw.githubusercontent.com/Argimirodelpozo/puya-sol/HEAD/tests/solidity-semantic-tests/out/immutable/immutable_signed/C.arc56.json,2026-07-16,,0,0bfdeb35
https://raw.githubusercontent.com/Argimirodelpozo/puya-sol/HEAD/tests/solidity-semantic-tests/out/immutable/increment_decrement/C.arc56.json,2026-07-16,,0,5b782f90
https://raw.githubusercontent.com/Argimirodelpozo/puya-sol/HEAD/tests/solidity-semantic-tests/out/immutable/inheritance/A.arc56.json,2026-07-16,,0,24436eb9
https://raw.githubusercontent.com/Argimirodelpozo/puya-sol/HEAD/tests/solidity-semantic-tests/out/immutable/inheritance/B.arc56.json,2026-07-16,,0,159a5139
https://raw.githubusercontent.com/Argimirodelpozo/puya-sol/HEAD/tests/solidity-semantic-tests/out/immutable/inheritance/C.arc56.json,2026-07-16,,0,15f725fb
https://raw.githubusercontent.com/Argimirodelpozo/puya-sol/HEAD/tests/solidity-semantic-tests/out/immutable/inheritance/D.arc56.json,2026-07-16,,0,44495715
https://raw.githubusercontent.com/Argimirodelpozo/puya-sol/HEAD/tests/solidity-semantic-tests/out/immutable/internal_function_pointer/C.arc56.json,2026-07-16,,0,43e60921
https://raw.githubusercontent.com/Argimirodelpozo/puya-sol/HEAD/tests/solidity-semantic-tests/out/immutable/multi_creation/A.arc56.json,2026-07-16,,0,e3c3c4ad
https://raw.githubusercontent.com/Argimirodelpozo/puya-sol/HEAD/tests/solidity-semantic-tests/out/immutable/multi_creation/B.arc56.json,2026-07-17,,0,6ab361dc
https://raw.githubusercontent.com/Argimirodelpozo/puya-sol/HEAD/tests/solidity-semantic-tests/out/immutable/multi_creation/C.arc56.json,2026-07-16,,0,38943258
https://raw.githubusercontent.com/Argimirodelpozo/puya-sol/HEAD/tests/solidity-semantic-tests/out/immutable/multiple_initializations/A.arc56.json,2026-07-17,,0,09f0d48d
https://raw.githubusercontent.com/Argimirodelpozo/puya-sol/HEAD/tests/solidity-semantic-tests/out/immutable/multiple_initializations/B.arc56.json,2026-07-16,,0,68b32526
https://raw.githubusercontent.com/Argimirodelpozo/puya-sol/HEAD/tests/solidity-semantic-tests/out/immutable/multiple_initializations/C.arc56.json,2026-07-17,,0,41c3b429
https://raw.githubusercontent.com/Argimirodelpozo/puya-sol/HEAD/tests/solidity-semantic-tests/out/immutable/read_in_ctor/A.arc56.json,2026-07-16,,0,d7a5b6c2
https://raw.githubusercontent.com/Argimirodelpozo/puya-sol/HEAD/tests/solidity-semantic-tests/out/immutable/small_types_in_reverse/A.arc56.json,2026-07-16,,0,7f0f4070
https://raw.githubusercontent.com/Argimirodelpozo/puya-sol/HEAD/tests/solidity-semantic-tests/out/immutable/stub/C.arc56.json,2026-07-16,,0,832713b3
https://raw.githubusercontent.com/Argimirodelpozo/puya-sol/HEAD/tests/solidity-semantic-tests/out/immutable/uninitialized/C.arc56.json,2026-07-16,,0,e63ab06c
https://raw.githubusercontent.com/Argimirodelpozo/puya-sol/HEAD/tests/solidity-semantic-tests/out/immutable/use_scratch/C.arc56.json,2026-07-16,,0,65d8e729
https://raw.githubusercontent.com/Argimirodelpozo/puya-sol/HEAD/tests/solidity-semantic-tests/out/inheritance/access_base_storage/Base.arc56.json,2026-07-16,,0,a24a3f1f
https://raw.githubusercontent.com/Argimirodelpozo/puya-sol/HEAD/tests/solidity-semantic-tests/out/inheritance/access_base_storage/Derived.arc56.json,2026-07-16,,0,1d13d80a
https://raw.githubusercontent.com/Argimirodelpozo/puya-sol/HEAD/tests/solidity-semantic-tests/out/inheritance/address_overload_resolution/C.arc56.json,2026-07-16,,0,d70c9735
https://raw.githubusercontent.com/Argimirodelpozo/puya-sol/HEAD/tests/solidity-semantic-tests/out/inheritance/address_overload_resolution/D.arc56.json,2026-07-16,,0,c316158f
https://raw.githubusercontent.com/Argimirodelpozo/puya-sol/HEAD/tests/solidity-semantic-tests/out/inheritance/base_access_to_function_type_variables/C.arc56.json,2026-07-16,,0,c05035eb
https://raw.githubusercontent.com/Argimirodelpozo/puya-sol/HEAD/tests/solidity-semantic-tests/out/inheritance/constructor_inheritance_init_order/A.arc56.json,2026-07-16,,0,7734391c
https://raw.githubusercontent.com/Argimirodelpozo/puya-sol/HEAD/tests/solidity-semantic-tests/out/inheritance/constructor_inheritance_init_order/B.arc56.json,2026-07-16,,0,7ea2e096
https://raw.githubusercontent.com/Argimirodelpozo/puya-sol/HEAD/tests/solidity-semantic-tests/out/inheritance/constructor_inheritance_init_order_2/A.arc56.json,2026-07-16,,0,b04d6257
https://raw.githubusercontent.com/Argimirodelpozo/puya-sol/HEAD/tests/solidity-semantic-tests/out/inheritance/constructor_inheritance_init_order_2/B.arc56.json,2026-07-16,,0,30406830
https://raw.githubusercontent.com/Argimirodelpozo/puya-sol/HEAD/tests/solidity-semantic-tests/out/inheritance/constructor_inheritance_init_order_3_legacy/A.arc56.json,2026-07-16,,0,711314c2
https://raw.githubusercontent.com/Argimirodelpozo/puya-sol/HEAD/tests/solidity-semantic-tests/out/inheritance/constructor_inheritance_init_order_3_legacy/B.arc56.json,2026-07-16,,0,c4a2de99
https://raw.githubusercontent.com/Argimirodelpozo/puya-sol/HEAD/tests/solidity-semantic-tests/out/inheritance/constructor_inheritance_init_order_3_viaIR/A.arc56.json,2026-07-16,,0,3f39b67f
https://raw.githubusercontent.com/Argimirodelpozo/puya-sol/HEAD/tests/solidity-semantic-tests/out/inheritance/constructor_inheritance_init_order_3_viaIR/B.arc56.json,2026-07-16,,0,f9abef32
https://raw.githubusercontent.com/Argimirodelpozo/puya-sol/HEAD/tests/solidity-semantic-tests/out/inheritance/constructor_with_params/C.arc56.json,2026-07-16,,0,e0370d2c
https://raw.githubusercontent.com/Argimirodelpozo/puya-sol/HEAD/tests/solidity-semantic-tests/out/inheritance/constructor_with_params_diamond_inheritance/A.arc56.json,2026-07-16,,0,0ea128e8
https://raw.githubusercontent.com/Argimirodelpozo/puya-sol/HEAD/tests/solidity-semantic-tests/out/inheritance/constructor_with_params_diamond_inheritance/C.arc56.json,2026-07-16,,0,277ac37e
https://raw.githubusercontent.com/Argimirodelpozo/puya-sol/HEAD/tests/solidity-semantic-tests/out/inheritance/constructor_with_params_diamond_inheritance/D.arc56.json,2026-07-16,,0,1a164e64
https://raw.githubusercontent.com/Argimirodelpozo/puya-sol/HEAD/tests/solidity-semantic-tests/out/inheritance/constructor_with_params_inheritance/C.arc56.json,2026-07-16,,0,04011e53
https://raw.githubusercontent.com/Argimirodelpozo/puya-sol/HEAD/tests/solidity-semantic-tests/out/inheritance/constructor_with_params_inheritance/D.arc56.json,2026-07-16,,0,82755fc8
https://raw.githubusercontent.com/Argimirodelpozo/puya-sol/HEAD/tests/solidity-semantic-tests/out/inheritance/constructor_with_params_inheritance_2/C.arc56.json,2026-07-16,,0,62c0c7e6
https://raw.githubusercontent.com/Argimirodelpozo/puya-sol/HEAD/tests/solidity-semantic-tests/out/inheritance/constructor_with_params_inheritance_2/D.arc56.json,2026-07-16,,0,4f273c23
https://raw.githubusercontent.com/Argimirodelpozo/puya-sol/HEAD/tests/solidity-semantic-tests/out/inheritance/derived_overload_base_function_direct/B.arc56.json,2026-07-16,,0,69bf0e05
https://raw.githubusercontent.com/Argimirodelpozo/puya-sol/HEAD/tests/solidity-semantic-tests/out/inheritance/derived_overload_base_function_direct/C.arc56.json,2026-07-16,,0,50fe2053
https://raw.githubusercontent.com/Argimirodelpozo/puya-sol/HEAD/tests/solidity-semantic-tests/out/inheritance/derived_overload_base_function_indirect/A.arc56.json,2026-07-16,,0,7c963d67
https://raw.githubusercontent.com/Argimirodelpozo/puya-sol/HEAD/tests/solidity-semantic-tests/out/inheritance/derived_overload_base_function_indirect/B.arc56.json,2026-07-16,,0,ff2035bc
https://raw.githubusercontent.com/Argimirodelpozo/puya-sol/HEAD/tests/solidity-semantic-tests/out/inheritance/derived_overload_base_function_indirect/C.arc56.json,2026-07-16,,0,2c42bd97
https://raw.githubusercontent.com/Argimirodelpozo/puya-sol/HEAD/tests/solidity-semantic-tests/out/inheritance/explicit_base_class/Base.arc56.json,2026-07-16,,0,0fc0cd08
https://raw.githubusercontent.com/Argimirodelpozo/puya-sol/HEAD/tests/solidity-semantic-tests/out/inheritance/explicit_base_class/BaseBase.arc56.json,2026-07-16,,0,0bb59bfd
https://raw.githubusercontent.com/Argimirodelpozo/puya-sol/HEAD/tests/solidity-semantic-tests/out/inheritance/explicit_base_class/Derived.arc56.json,2026-07-16,,0,1ca86053
https://raw.githubusercontent.com/Argimirodelpozo/puya-sol/HEAD/tests/solidity-semantic-tests/out/inheritance/inherited_constant_state_var/A.arc56.json,2026-07-16,,0,9f32c7a6
https://raw.githubusercontent.com/Argimirodelpozo/puya-sol/HEAD/tests/solidity-semantic-tests/out/inheritance/inherited_constant_state_var/B.arc56.json,2026-07-16,,0,17b668a0
https://raw.githubusercontent.com/Argimirodelpozo/puya-sol/HEAD/tests/solidity-semantic-tests/out/inheritance/inherited_function/A.arc56.json,2026-07-16,,0,799f622d
https://raw.githubusercontent.com/Argimirodelpozo/puya-sol/HEAD/tests/solidity-semantic-tests/out/inheritance/inherited_function/B.arc56.json,2026-07-16,,0,92db5530
https://raw.githubusercontent.com/Argimirodelpozo/puya-sol/HEAD/tests/solidity-semantic-tests/out/inheritance/inherited_function_calldata_calldata_interface/A.arc56.json,2026-07-16,,0,5365ff4e
https://raw.githubusercontent.com/Argimirodelpozo/puya-sol/HEAD/tests/solidity-semantic-tests/out/inheritance/inherited_function_calldata_calldata_interface/B.arc56.json,2026-07-16,,0,88b5b904
https://raw.githubusercontent.com/Argimirodelpozo/puya-sol/HEAD/tests/solidity-semantic-tests/out/inheritance/inherited_function_calldata_memory/A.arc56.json,2026-07-16,,0,00cdaee2
https://raw.githubusercontent.com/Argimirodelpozo/puya-sol/HEAD/tests/solidity-semantic-tests/out/inheritance/inherited_function_calldata_memory/B.arc56.json,2026-07-16,,0,05b50ab3
https://raw.githubusercontent.com/Argimirodelpozo/puya-sol/HEAD/tests/solidity-semantic-tests/out/inheritance/inherited_function_calldata_memory_interface/A.arc56.json,2026-07-16,,0,a90b99e4
https://raw.githubusercontent.com/Argimirodelpozo/puya-sol/HEAD/tests/solidity-semantic-tests/out/inheritance/inherited_function_calldata_memory_interface/B.arc56.json,2026-07-16,,0,eb78e0bd
https://raw.githubusercontent.com/Argimirodelpozo/puya-sol/HEAD/tests/solidity-semantic-tests/out/inheritance/inherited_function_from_a_library/B.arc56.json,2026-07-16,,0,53c01fa8
https://raw.githubusercontent.com/Argimirodelpozo/puya-sol/HEAD/tests/solidity-semantic-tests/out/inheritance/inherited_function_through_dispatch/A.arc56.json,2026-07-16,,0,b33f1622
https://raw.githubusercontent.com/Argimirodelpozo/puya-sol/HEAD/tests/solidity-semantic-tests/out/inheritance/inherited_function_through_dispatch/B.arc56.json,2026-07-16,,0,fd68471b
https://raw.githubusercontent.com/Argimirodelpozo/puya-sol/HEAD/tests/solidity-semantic-tests/out/inheritance/interface_inheritance_conversions/C.arc56.json,2026-07-16,,0,f6e51d5f
https://raw.githubusercontent.com/Argimirodelpozo/puya-sol/HEAD/tests/solidity-semantic-tests/out/inheritance/member_notation_ctor/A.arc56.json,2026-07-16,,0,20e16ae6
https://raw.githubusercontent.com/Argimirodelpozo/puya-sol/HEAD/tests/solidity-semantic-tests/out/inheritance/member_notation_ctor/C.arc56.json,2026-07-16,,0,644b6282
https://raw.githubusercontent.com/Argimirodelpozo/puya-sol/HEAD/tests/solidity-semantic-tests/out/inheritance/member_notation_ctor/D.arc56.json,2026-07-16,,0,5587b399
https://raw.githubusercontent.com/Argimirodelpozo/puya-sol/HEAD/tests/solidity-semantic-tests/out/inheritance/overloaded_function_call_resolve_to_first/test.arc56.json,2026-07-16,,0,d541fcee
https://raw.githubusercontent.com/Argimirodelpozo/puya-sol/HEAD/tests/solidity-semantic-tests/out/inheritance/overloaded_function_call_resolve_to_second/test.arc56.json,2026-07-16,,0,d3bcb7dc
https://raw.githubusercontent.com/Argimirodelpozo/puya-sol/HEAD/tests/solidity-semantic-tests/out/inheritance/overloaded_function_call_with_if_else/test.arc56.json,2026-07-16,,0,16b0d0fc
https://raw.githubusercontent.com/Argimirodelpozo/puya-sol/HEAD/tests/solidity-semantic-tests/out/inheritance/pass_dynamic_arguments_to_the_base/Base.arc56.json,2026-07-16,,0,986e3914
https://raw.githubusercontent.com/Argimirodelpozo/puya-sol/HEAD/tests/solidity-semantic-tests/out/inheritance/pass_dynamic_arguments_to_the_base/Derived.arc56.json,2026-07-16,,0,77c0d78e
https://raw.githubusercontent.com/Argimirodelpozo/puya-sol/HEAD/tests/solidity-semantic-tests/out/inheritance/pass_dynamic_arguments_to_the_base/Final.arc56.json,2026-07-16,,0,66505d85
https://raw.githubusercontent.com/Argimirodelpozo/puya-sol/HEAD/tests/solidity-semantic-tests/out/inheritance/pass_dynamic_arguments_to_the_base_base/Base.arc56.json,2026-07-16,,0,25561df9
https://raw.githubusercontent.com/Argimirodelpozo/puya-sol/HEAD/tests/solidity-semantic-tests/out/inheritance/pass_dynamic_arguments_to_the_base_base/Base1.arc56.json,2026-07-16,,0,4cc07c30
https://raw.githubusercontent.com/Argimirodelpozo/puya-sol/HEAD/tests/solidity-semantic-tests/out/inheritance/pass_dynamic_arguments_to_the_base_base/Derived.arc56.json,2026-07-16,,0,ea9f5266
https://raw.githubusercontent.com/Argimirodelpozo/puya-sol/HEAD/tests/solidity-semantic-tests/out/inheritance/pass_dynamic_arguments_to_the_base_base/Final.arc56.json,2026-07-16,,0,a94535b6
https://raw.githubusercontent.com/Argimirodelpozo/puya-sol/HEAD/tests/solidity-semantic-tests/out/inheritance/pass_dynamic_arguments_to_the_base_base_with_gap/Base.arc56.json,2026-07-16,,0,34c7793d
https://raw.githubusercontent.com/Argimirodelpozo/puya-sol/HEAD/tests/solidity-semantic-tests/out/inheritance/pass_dynamic_arguments_to_the_base_base_with_gap/Derived.arc56.json,2026-07-16,,0,0730147b
https://raw.githubusercontent.com/Argimirodelpozo/puya-sol/HEAD/tests/solidity-semantic-tests/out/inheritance/pass_dynamic_arguments_to_the_base_base_with_gap/Final.arc56.json,2026-07-16,,0,0fbaecd0
https://raw.githubusercontent.com/Argimirodelpozo/puya-sol/HEAD/tests/solidity-semantic-tests/out/inheritance/state_variables_init_order/A.arc56.json,2026-07-16,,0,97bb8d0a
https://raw.githubusercontent.com/Argimirodelpozo/puya-sol/HEAD/tests/solidity-semantic-tests/out/inheritance/state_variables_init_order/B.arc56.json,2026-07-16,,0,ea606c03
https://raw.githubusercontent.com/Argimirodelpozo/puya-sol/HEAD/tests/solidity-semantic-tests/out/inheritance/state_variables_init_order_2/A.arc56.json,2026-07-16,,0,a5af62da
https://raw.githubusercontent.com/Argimirodelpozo/puya-sol/HEAD/tests/solidity-semantic-tests/out/inheritance/state_variables_init_order_2/B.arc56.json,2026-07-16,,0,7b9522b1
https://raw.githubusercontent.com/Argimirodelpozo/puya-sol/HEAD/tests/solidity-semantic-tests/out/inheritance/state_variables_init_order_3/A.arc56.json,2026-07-16,,0,a0a392f9
https://raw.githubusercontent.com/Argimirodelpozo/puya-sol/HEAD/tests/solidity-semantic-tests/out/inheritance/state_variables_init_order_3/B.arc56.json,2026-07-16,,0,29223e71
https://raw.githubusercontent.com/Argimirodelpozo/puya-sol/HEAD/tests/solidity-semantic-tests/out/inheritance/super_in_constructor/A.arc56.json,2026-07-16,,0,0bb44620
https://raw.githubusercontent.com/Argimirodelpozo/puya-sol/HEAD/tests/solidity-semantic-tests/out/inheritance/super_in_constructor/B.arc56.json,2026-07-16,,0,4d96d4c5
https://raw.githubusercontent.com/Argimirodelpozo/puya-sol/HEAD/tests/solidity-semantic-tests/out/inheritance/super_in_constructor/C.arc56.json,2026-07-16,,0,cc0e7c04
https://raw.githubusercontent.com/Argimirodelpozo/puya-sol/HEAD/tests/solidity-semantic-tests/out/inheritance/super_in_constructor/D.arc56.json,2026-07-16,,0,587ee6dc
https://raw.githubusercontent.com/Argimirodelpozo/puya-sol/HEAD/tests/solidity-semantic-tests/out/inheritance/super_in_constructor_assignment/A.arc56.json,2026-07-16,,0,820fe841
https://raw.githubusercontent.com/Argimirodelpozo/puya-sol/HEAD/tests/solidity-semantic-tests/out/inheritance/super_in_constructor_assignment/B.arc56.json,2026-07-16,,0,9b8d148b
https://raw.githubusercontent.com/Argimirodelpozo/puya-sol/HEAD/tests/solidity-semantic-tests/out/inheritance/super_in_constructor_assignment/C.arc56.json,2026-07-17,,0,7358b436
https://raw.githubusercontent.com/Argimirodelpozo/puya-sol/HEAD/tests/solidity-semantic-tests/out/inheritance/super_in_constructor_assignment/D.arc56.json,2026-07-16,,0,49fa9c61
https://raw.githubusercontent.com/Argimirodelpozo/puya-sol/HEAD/tests/solidity-semantic-tests/out/inheritance/super_overload/A.arc56.json,2026-07-16,,0,6c42e828
https://raw.githubusercontent.com/Argimirodelpozo/puya-sol/HEAD/tests/solidity-semantic-tests/out/inheritance/super_overload/B.arc56.json,2026-07-16,,0,f38dfe00
https://raw.githubusercontent.com/Argimirodelpozo/puya-sol/HEAD/tests/solidity-semantic-tests/out/inheritance/super_overload/C.arc56.json,2026-07-16,,0,bfca4873
https://raw.githubusercontent.com/Argimirodelpozo/puya-sol/HEAD/tests/solidity-semantic-tests/out/inheritance/transient_storage_state_variable/A.arc56.json,2026-07-16,,0,a3d36cf9
https://raw.githubusercontent.com/Argimirodelpozo/puya-sol/HEAD/tests/solidity-semantic-tests/out/inheritance/transient_storage_state_variable/C.arc56.json,2026-07-16,,0,e48ab984
https://raw.githubusercontent.com/Argimirodelpozo/puya-sol/HEAD/tests/solidity-semantic-tests/out/inheritance/transient_storage_state_variable_abstract_contract/C.arc56.json,2026-07-16,,0,58747112
https://raw.githubusercontent.com/Argimirodelpozo/puya-sol/HEAD/tests/solidity-semantic-tests/out/inheritance/value_for_constructor/Helper.arc56.json,2026-07-16,,0,1e084bd2
https://raw.githubusercontent.com/Argimirodelpozo/puya-sol/HEAD/tests/solidity-semantic-tests/out/inheritance/value_for_constructor/Main.arc56.json,2026-07-16,,0,52531139
https://raw.githubusercontent.com/Argimirodelpozo/puya-sol/HEAD/tests/solidity-semantic-tests/out/inlineAssembly/basefee_berlin_function/C.arc56.json,2026-07-16,,0,ad4ba259
https://raw.githubusercontent.com/Argimirodelpozo/puya-sol/HEAD/tests/solidity-semantic-tests/out/inlineAssembly/blobbasefee_shanghai_function/C.arc56.json,2026-07-16,,0,aac319f9
https://raw.githubusercontent.com/Argimirodelpozo/puya-sol/HEAD/tests/solidity-semantic-tests/out/inlineAssembly/blobhash/C.arc56.json,2026-07-16,,0,4cd05352
https://raw.githubusercontent.com/Argimirodelpozo/puya-sol/HEAD/tests/solidity-semantic-tests/out/inlineAssembly/blobhash_index_exceeding_blob_count/C.arc56.json,2026-07-16,,0,1d9368c7
https://raw.githubusercontent.com/Argimirodelpozo/puya-sol/HEAD/tests/solidity-semantic-tests/out/inlineAssembly/blobhash_pre_cancun/C.arc56.json,2026-07-17,,0,f5765608
https://raw.githubusercontent.com/Argimirodelpozo/puya-sol/HEAD/tests/solidity-semantic-tests/out/inlineAssembly/calldata_array_assign_dynamic/C.arc56.json,2026-07-16,,0,0feea58b
https://raw.githubusercontent.com/Argimirodelpozo/puya-sol/HEAD/tests/solidity-semantic-tests/out/inlineAssembly/calldata_array_assign_static/C.arc56.json,2026-07-16,,0,6b6cd55a
https://raw.githubusercontent.com/Argimirodelpozo/puya-sol/HEAD/tests/solidity-semantic-tests/out/inlineAssembly/calldata_array_read/C.arc56.json,2026-07-16,,0,5180226c
https://raw.githubusercontent.com/Argimirodelpozo/puya-sol/HEAD/tests/solidity-semantic-tests/out/inlineAssembly/calldata_assign/C.arc56.json,2026-07-16,,0,ef039cc2
https://raw.githubusercontent.com/Argimirodelpozo/puya-sol/HEAD/tests/solidity-semantic-tests/out/inlineAssembly/calldata_assign_from_nowhere/C.arc56.json,2026-07-16,,0,d512e2d2
https://raw.githubusercontent.com/Argimirodelpozo/puya-sol/HEAD/tests/solidity-semantic-tests/out/inlineAssembly/calldata_length_read/C.arc56.json,2026-07-16,,0,7c2dac18
https://raw.githubusercontent.com/Argimirodelpozo/puya-sol/HEAD/tests/solidity-semantic-tests/out/inlineAssembly/calldata_offset_read/C.arc56.json,2026-07-16,,0,7739cf0d
https://raw.githubusercontent.com/Argimirodelpozo/puya-sol/HEAD/tests/solidity-semantic-tests/out/inlineAssembly/calldata_offset_read_write/C.arc56.json,2026-07-16,,0,544fee18
https://raw.githubusercontent.com/Argimirodelpozo/puya-sol/HEAD/tests/solidity-semantic-tests/out/inlineAssembly/calldata_struct_assign/C.arc56.json,2026-07-16,,0,379bbdc4
https://raw.githubusercontent.com/Argimirodelpozo/puya-sol/HEAD/tests/solidity-semantic-tests/out/inlineAssembly/calldata_struct_assign_and_return/C.arc56.json,2026-07-16,,0,7d1f168e
https://raw.githubusercontent.com/Argimirodelpozo/puya-sol/HEAD/tests/solidity-semantic-tests/out/inlineAssembly/chainid/C.arc56.json,2026-07-16,,0,98abc462
https://raw.githubusercontent.com/Argimirodelpozo/puya-sol/HEAD/tests/solidity-semantic-tests/out/inlineAssembly/clz/C.arc56.json,2026-07-16,,0,6b14c5c8
https://raw.githubusercontent.com/Argimirodelpozo/puya-sol/HEAD/tests/solidity-semantic-tests/out/inlineAssembly/clz_pre_osaka/C.arc56.json,2026-07-16,,0,2eca8e28
https://raw.githubusercontent.com/Argimirodelpozo/puya-sol/HEAD/tests/solidity-semantic-tests/out/inlineAssembly/constant_access/C.arc56.json,2026-07-16,,0,321b41f6
https://raw.githubusercontent.com/Argimirodelpozo/puya-sol/HEAD/tests/solidity-semantic-tests/out/inlineAssembly/constant_access_referencing/C.arc56.json,2026-07-16,,0,2578fcd7
https://raw.githubusercontent.com/Argimirodelpozo/puya-sol/HEAD/tests/solidity-semantic-tests/out/inlineAssembly/difficulty/C.arc56.json,2026-07-16,,0,87b980ea
https://raw.githubusercontent.com/Argimirodelpozo/puya-sol/HEAD/tests/solidity-semantic-tests/out/inlineAssembly/external_function_pointer_address/C.arc56.json,2026-07-16,,0,59ae75f1
https://raw.githubusercontent.com/Argimirodelpozo/puya-sol/HEAD/tests/solidity-semantic-tests/out/inlineAssembly/external_function_pointer_address_assignment/C.arc56.json,2026-07-16,,0,54f472f6
https://raw.githubusercontent.com/Argimirodelpozo/puya-sol/HEAD/tests/solidity-semantic-tests/out/inlineAssembly/external_function_pointer_selector/C.arc56.json,2026-07-16,,0,4f920393
https://raw.githubusercontent.com/Argimirodelpozo/puya-sol/HEAD/tests/solidity-semantic-tests/out/inlineAssembly/external_function_pointer_selector_assignment/C.arc56.json,2026-07-16,,0,1a31b1fd
https://raw.githubusercontent.com/Argimirodelpozo/puya-sol/HEAD/tests/solidity-semantic-tests/out/inlineAssembly/external_identifier_access_shadowing/C.arc56.json,2026-07-16,,0,4d90ddc5
https://raw.githubusercontent.com/Argimirodelpozo/puya-sol/HEAD/tests/solidity-semantic-tests/out/inlineAssembly/for_loop_break/C.arc56.json,2026-07-16,,0,e9fbc42b
https://raw.githubusercontent.com/Argimirodelpozo/puya-sol/HEAD/tests/solidity-semantic-tests/out/inlineAssembly/for_loop_continue/C.arc56.json,2026-07-16,,0,f03c80d7
https://raw.githubusercontent.com/Argimirodelpozo/puya-sol/HEAD/tests/solidity-semantic-tests/out/inlineAssembly/for_loop_nested/C.arc56.json,2026-07-16,,0,9f4b7e54
https://raw.githubusercontent.com/Argimirodelpozo/puya-sol/HEAD/tests/solidity-semantic-tests/out/inlineAssembly/function_name_clash/C.arc56.json,2026-07-16,,0,5798704c
https://raw.githubusercontent.com/Argimirodelpozo/puya-sol/HEAD/tests/solidity-semantic-tests/out/inlineAssembly/inline_assembly_embedded_function_call/C.arc56.json,2026-07-16,,0,dcc0acea
https://raw.githubusercontent.com/Argimirodelpozo/puya-sol/HEAD/tests/solidity-semantic-tests/out/inlineAssembly/inline_assembly_for/C.arc56.json,2026-07-16,,0,e9de102f
https://raw.githubusercontent.com/Argimirodelpozo/puya-sol/HEAD/tests/solidity-semantic-tests/out/inlineAssembly/inline_assembly_for2/C.arc56.json,2026-07-16,,0,26f0f7f2
https://raw.githubusercontent.com/Argimirodelpozo/puya-sol/HEAD/tests/solidity-semantic-tests/out/inlineAssembly/inline_assembly_function_call/C.arc56.json,2026-07-16,,0,c7d9a683
https://raw.githubusercontent.com/Argimirodelpozo/puya-sol/HEAD/tests/solidity-semantic-tests/out/inlineAssembly/inline_assembly_function_call2/C.arc56.json,2026-07-16,,0,c929f1a3
https://raw.githubusercontent.com/Argimirodelpozo/puya-sol/HEAD/tests/solidity-semantic-tests/out/inlineAssembly/inline_assembly_function_call_assignment/C.arc56.json,2026-07-16,,0,0b8f0b23
https://raw.githubusercontent.com/Argimirodelpozo/puya-sol/HEAD/tests/solidity-semantic-tests/out/inlineAssembly/inline_assembly_if/C.arc56.json,2026-07-16,,0,715cbc9c
https://raw.githubusercontent.com/Argimirodelpozo/puya-sol/HEAD/tests/solidity-semantic-tests/out/inlineAssembly/inline_assembly_in_modifiers/C.arc56.json,2026-07-16,,0,e07bb5be
https://raw.githubusercontent.com/Argimirodelpozo/puya-sol/HEAD/tests/solidity-semantic-tests/out/inlineAssembly/inline_assembly_memory_access/C.arc56.json,2026-07-16,,0,eef60125
https://raw.githubusercontent.com/Argimirodelpozo/puya-sol/HEAD/tests/solidity-semantic-tests/out/inlineAssembly/inline_assembly_read_and_write_stack/C.arc56.json,2026-07-16,,0,e0012bbe
https://raw.githubusercontent.com/Argimirodelpozo/puya-sol/HEAD/tests/solidity-semantic-tests/out/inlineAssembly/inline_assembly_recursion/C.arc56.json,2026-07-16,,0,898f8b71
https://raw.githubusercontent.com/Argimirodelpozo/puya-sol/HEAD/tests/solidity-semantic-tests/out/inlineAssembly/inline_assembly_storage_access/C.arc56.json,2026-07-16,,0,757b8e8e
https://raw.githubusercontent.com/Argimirodelpozo/puya-sol/HEAD/tests/solidity-semantic-tests/out/inlineAssembly/inline_assembly_storage_access_inside_function/C.arc56.json,2026-07-16,,0,2b887e63
https://raw.githubusercontent.com/Argimirodelpozo/puya-sol/HEAD/tests/solidity-semantic-tests/out/inlineAssembly/inline_assembly_switch/C.arc56.json,2026-07-16,,0,ba0bd1be
https://raw.githubusercontent.com/Argimirodelpozo/puya-sol/HEAD/tests/solidity-semantic-tests/out/inlineAssembly/inline_assembly_transient_storage_access_inside_function/C.arc56.json,2026-07-16,,0,2de392c8
https://raw.githubusercontent.com/Argimirodelpozo/puya-sol/HEAD/tests/solidity-semantic-tests/out/inlineAssembly/inline_assembly_write_to_stack/C.arc56.json,2026-07-16,,0,e6947a9d
https://raw.githubusercontent.com/Argimirodelpozo/puya-sol/HEAD/tests/solidity-semantic-tests/out/inlineAssembly/inlineasm_empty_let/C.arc56.json,2026-07-16,,0,846bf6ae
https://raw.githubusercontent.com/Argimirodelpozo/puya-sol/HEAD/tests/solidity-semantic-tests/out/inlineAssembly/keccak256_assembly/C.arc56.json,2026-07-16,,0,9bdad99b
https://raw.githubusercontent.com/Argimirodelpozo/puya-sol/HEAD/tests/solidity-semantic-tests/out/inlineAssembly/keccak256_optimization/C.arc56.json,2026-07-16,,0,6fe34ae4
https://raw.githubusercontent.com/Argimirodelpozo/puya-sol/HEAD/tests/solidity-semantic-tests/out/inlineAssembly/keccak256_optimizer_bug_different_memory_location/C.arc56.json,2026-07-16,,0,2210e569
https://raw.githubusercontent.com/Argimirodelpozo/puya-sol/HEAD/tests/solidity-semantic-tests/out/inlineAssembly/keccak256_optimizer_cache_bug/C.arc56.json,2026-07-16,,0,15e9ee9a
https://raw.githubusercontent.com/Argimirodelpozo/puya-sol/HEAD/tests/solidity-semantic-tests/out/inlineAssembly/keccak_optimization_bug_string/C.arc56.json,2026-07-16,,0,07b9f451
https://raw.githubusercontent.com/Argimirodelpozo/puya-sol/HEAD/tests/solidity-semantic-tests/out/inlineAssembly/keccak_yul_optimization/C.arc56.json,2026-07-16,,0,e387b291
https://raw.githubusercontent.com/Argimirodelpozo/puya-sol/HEAD/tests/solidity-semantic-tests/out/inlineAssembly/leave/C.arc56.json,2026-07-16,,0,beb5fc79
https://raw.githubusercontent.com/Argimirodelpozo/puya-sol/HEAD/tests/solidity-semantic-tests/out/inlineAssembly/mcopy/C.arc56.json,2026-07-16,,0,120b022f
https://raw.githubusercontent.com/Argimirodelpozo/puya-sol/HEAD/tests/solidity-semantic-tests/out/inlineAssembly/mcopy_as_identifier_pre_cancun/C.arc56.json,2026-07-16,,0,8e0548c8
https://raw.githubusercontent.com/Argimirodelpozo/puya-sol/HEAD/tests/solidity-semantic-tests/out/inlineAssembly/mcopy_empty/C.arc56.json,2026-07-16,,0,ff326c9c
https://raw.githubusercontent.com/Argimirodelpozo/puya-sol/HEAD/tests/solidity-semantic-tests/out/inlineAssembly/mcopy_overlap/C.arc56.json,2026-07-16,,0,5654b78a
https://raw.githubusercontent.com/Argimirodelpozo/puya-sol/HEAD/tests/solidity-semantic-tests/out/inlineAssembly/optimize_memory_store_multi_block/C.arc56.json,2026-07-16,,0,9f651c3c
https://raw.githubusercontent.com/Argimirodelpozo/puya-sol/HEAD/tests/solidity-semantic-tests/out/inlineAssembly/optimize_memory_store_multi_block_bugreport/Test.arc56.json,2026-07-16,,0,97ea4bbf
https://raw.githubusercontent.com/Argimirodelpozo/puya-sol/HEAD/tests/solidity-semantic-tests/out/inlineAssembly/prevrandao/C.arc56.json,2026-07-16,,0,e657ad3e
https://raw.githubusercontent.com/Argimirodelpozo/puya-sol/HEAD/tests/solidity-semantic-tests/out/inlineAssembly/selfbalance/C.arc56.json,2026-07-16,,0,140877ca
https://raw.githubusercontent.com/Argimirodelpozo/puya-sol/HEAD/tests/solidity-semantic-tests/out/inlineAssembly/shadowing_local_function_opcode/C.arc56.json,2026-07-16,,0,e0d3988f
https://raw.githubusercontent.com/Argimirodelpozo/puya-sol/HEAD/tests/solidity-semantic-tests/out/inlineAssembly/slot_access_via_mapping_pointer/C.arc56.json,2026-07-16,,0,8a944830
https://raw.githubusercontent.com/Argimirodelpozo/puya-sol/HEAD/tests/solidity-semantic-tests/out/inlineAssembly/tload_tstore_not_reserved_before_cancun/C.arc56.json,2026-07-16,,0,4b2ab3eb
https://raw.githubusercontent.com/Argimirodelpozo/puya-sol/HEAD/tests/solidity-semantic-tests/out/inlineAssembly/transient_storage_creation/C.arc56.json,2026-07-16,,0,65b99159
https://raw.githubusercontent.com/Argimirodelpozo/puya-sol/HEAD/tests/solidity-semantic-tests/out/inlineAssembly/transient_storage_low_level_calls/C.arc56.json,2026-07-16,,0,28aed263
https://raw.githubusercontent.com/Argimirodelpozo/puya-sol/HEAD/tests/solidity-semantic-tests/out/inlineAssembly/transient_storage_low_level_calls/D.arc56.json,2026-07-16,,0,5c4406ac
https://raw.githubusercontent.com/Argimirodelpozo/puya-sol/HEAD/tests/solidity-semantic-tests/out/inlineAssembly/transient_storage_multiple_calls_different_transactions/C.arc56.json,2026-07-16,,0,05f42724
https://raw.githubusercontent.com/Argimirodelpozo/puya-sol/HEAD/tests/solidity-semantic-tests/out/inlineAssembly/transient_storage_multiple_transactions/C.arc56.json,2026-07-16,,0,75dbf287
https://raw.githubusercontent.com/Argimirodelpozo/puya-sol/HEAD/tests/solidity-semantic-tests/out/inlineAssembly/transient_storage_reset_between_creation_runtime/C.arc56.json,2026-07-16,,0,7fce1f1b
https://raw.githubusercontent.com/Argimirodelpozo/puya-sol/HEAD/tests/solidity-semantic-tests/out/inlineAssembly/transient_storage_sanity_checks/C.arc56.json,2026-07-16,,0,cbd36756
https://raw.githubusercontent.com/Argimirodelpozo/puya-sol/HEAD/tests/solidity-semantic-tests/out/inlineAssembly/transient_storage_selfdestruct/C.arc56.json,2026-07-16,,0,e78f66ec
https://raw.githubusercontent.com/Argimirodelpozo/puya-sol/HEAD/tests/solidity-semantic-tests/out/inlineAssembly/transient_storage_selfdestruct/D.arc56.json,2026-07-16,,0,e447d41b
https://raw.githubusercontent.com/Argimirodelpozo/puya-sol/HEAD/tests/solidity-semantic-tests/out/inlineAssembly/transient_storage_simple_reentrancy_lock/C.arc56.json,2026-07-16,,0,0a35c449
https://raw.githubusercontent.com/Argimirodelpozo/puya-sol/HEAD/tests/solidity-semantic-tests/out/inlineAssembly/truefalse/C.arc56.json,2026-07-16,,0,b3d916e9
https://raw.githubusercontent.com/Argimirodelpozo/puya-sol/HEAD/tests/solidity-semantic-tests/out/inlineAssembly/tstore_hidden_staticcall/C.arc56.json,2026-07-16,,0,a2ec4bb6
https://raw.githubusercontent.com/Argimirodelpozo/puya-sol/HEAD/tests/solidity-semantic-tests/out/integer/basic/C.arc56.json,2026-07-16,,0,94eaca79
https://raw.githubusercontent.com/Argimirodelpozo/puya-sol/HEAD/tests/solidity-semantic-tests/out/integer/int/test.arc56.json,2026-07-16,,0,dc1db40b
https://raw.githubusercontent.com/Argimirodelpozo/puya-sol/HEAD/tests/solidity-semantic-tests/out/integer/many_local_variables/test.arc56.json,2026-07-16,,0,5897872e
https://raw.githubusercontent.com/Argimirodelpozo/puya-sol/HEAD/tests/solidity-semantic-tests/out/integer/small_signed_types/test.arc56.json,2026-07-16,,0,0ea9b371
https://raw.githubusercontent.com/Argimirodelpozo/puya-sol/HEAD/tests/solidity-semantic-tests/out/integer/uint/test.arc56.json,2026-07-16,,0,52077d30
https://raw.githubusercontent.com/Argimirodelpozo/puya-sol/HEAD/tests/solidity-semantic-tests/out/interfaceID/homer/Homer.arc56.json,2026-07-16,,0,48976347
https://raw.githubusercontent.com/Argimirodelpozo/puya-sol/HEAD/tests/solidity-semantic-tests/out/interfaceID/homer_interfaceId/Homer.arc56.json,2026-07-16,,0,fc50b6c5
https://raw.githubusercontent.com/Argimirodelpozo/puya-sol/HEAD/tests/solidity-semantic-tests/out/interfaceID/interfaceId_events/Test.arc56.json,2026-07-16,,0,0a27a770
https://raw.githubusercontent.com/Argimirodelpozo/puya-sol/HEAD/tests/solidity-semantic-tests/out/interfaceID/interfaces/Test.arc56.json,2026-07-16,,0,f531a1be
https://raw.githubusercontent.com/Argimirodelpozo/puya-sol/HEAD/tests/solidity-semantic-tests/out/interfaceID/lisa/Lisa.arc56.json,2026-07-16,,0,51df9e16
https://raw.githubusercontent.com/Argimirodelpozo/puya-sol/HEAD/tests/solidity-semantic-tests/out/interfaceID/lisa_interfaceId/Lisa.arc56.json,2026-07-16,,0,53fc4997
https://raw.githubusercontent.com/Argimirodelpozo/puya-sol/HEAD/tests/solidity-semantic-tests/out/isoltestTesting/account/AccountBuiltinTest.arc56.json,2026-07-16,,0,a2927c46
https://raw.githubusercontent.com/Argimirodelpozo/puya-sol/HEAD/tests/solidity-semantic-tests/out/isoltestTesting/balance_other_contract/C.arc56.json,2026-07-16,,0,263eb02a
https://raw.githubusercontent.com/Argimirodelpozo/puya-sol/HEAD/tests/solidity-semantic-tests/out/isoltestTesting/balance_with_balance/ClientReceipt.arc56.json,2026-07-16,,0,d8fc5738
https://raw.githubusercontent.com/Argimirodelpozo/puya-sol/HEAD/tests/solidity-semantic-tests/out/isoltestTesting/balance_with_balance2/ClientReceipt.arc56.json,2026-07-16,,0,15bc84eb
https://raw.githubusercontent.com/Argimirodelpozo/puya-sol/HEAD/tests/solidity-semantic-tests/out/isoltestTesting/balance_without_balance/ClientReceipt.arc56.json,2026-07-16,,0,4be5b619
https://raw.githubusercontent.com/Argimirodelpozo/puya-sol/HEAD/tests/solidity-semantic-tests/out/isoltestTesting/builtins/SmokeTest.arc56.json,2026-07-16,,0,111a98ef
https://raw.githubusercontent.com/Argimirodelpozo/puya-sol/HEAD/tests/solidity-semantic-tests/out/isoltestTesting/effects/SmokeTest.arc56.json,2026-07-16,,0,62ba30f8
https://raw.githubusercontent.com/Argimirodelpozo/puya-sol/HEAD/tests/solidity-semantic-tests/out/isoltestTesting/empty_contract/test.arc56.json,2026-07-16,,0,476c8c8c
https://raw.githubusercontent.com/Argimirodelpozo/puya-sol/HEAD/tests/solidity-semantic-tests/out/isoltestTesting/format_raw_string_with_control_chars/C.arc56.json,2026-07-16,,0,9f0e1bfc
https://raw.githubusercontent.com/Argimirodelpozo/puya-sol/HEAD/tests/solidity-semantic-tests/out/isoltestTesting/isoltestFormatting/C.arc56.json,2026-07-16,,0,70533ddc
https://raw.githubusercontent.com/Argimirodelpozo/puya-sol/HEAD/tests/solidity-semantic-tests/out/isoltestTesting/precompiles_ignoring_trailing_input/C.arc56.json,2026-07-16,,0,73e3f2e3
https://raw.githubusercontent.com/Argimirodelpozo/puya-sol/HEAD/tests/solidity-semantic-tests/out/libraries/attached_internal_library_function_accepting_calldata/C.arc56.json,2026-07-16,,0,b243d703
https://raw.githubusercontent.com/Argimirodelpozo/puya-sol/HEAD/tests/solidity-semantic-tests/out/libraries/attached_internal_library_function_returning_calldata/C.arc56.json,2026-07-16,,0,e3f34cf1
https://raw.githubusercontent.com/Argimirodelpozo/puya-sol/HEAD/tests/solidity-semantic-tests/out/libraries/attached_public_library_function_accepting_calldata.sol/C.arc56.json,2026-07-16,,0,04d8ad71
https://raw.githubusercontent.com/Argimirodelpozo/puya-sol/HEAD/tests/solidity-semantic-tests/out/libraries/attached_public_library_function_returning_calldata/C.arc56.json,2026-07-16,,0,dad6642a
https://raw.githubusercontent.com/Argimirodelpozo/puya-sol/HEAD/tests/solidity-semantic-tests/out/libraries/external_call_with_function_pointer_parameter/C.arc56.json,2026-07-16,,0,fff7acf1
https://raw.githubusercontent.com/Argimirodelpozo/puya-sol/HEAD/tests/solidity-semantic-tests/out/libraries/external_call_with_storage_array_parameter/C.arc56.json,2026-07-16,,0,0efb4e06
https://raw.githubusercontent.com/Argimirodelpozo/puya-sol/HEAD/tests/solidity-semantic-tests/out/libraries/external_call_with_storage_mapping_parameter/C.arc56.json,2026-07-16,,0,af79a15b
https://raw.githubusercontent.com/Argimirodelpozo/puya-sol/HEAD/tests/solidity-semantic-tests/out/libraries/internal_call_attached_with_parentheses/C.arc56.json,2026-07-16,,0,ce4299d5
https://raw.githubusercontent.com/Argimirodelpozo/puya-sol/HEAD/tests/solidity-semantic-tests/out/libraries/internal_call_unattached_with_parentheses/C.arc56.json,2026-07-16,,0,498c0353
https://raw.githubusercontent.com/Argimirodelpozo/puya-sol/HEAD/tests/solidity-semantic-tests/out/libraries/internal_library_function/C.arc56.json,2026-07-16,,0,f06ebedc
https://raw.githubusercontent.com/Argimirodelpozo/puya-sol/HEAD/tests/solidity-semantic-tests/out/libraries/internal_library_function_attached_to_address/C.arc56.json,2026-07-16,,0,038ca192
https://raw.githubusercontent.com/Argimirodelpozo/puya-sol/HEAD/tests/solidity-semantic-tests/out/libraries/internal_library_function_attached_to_address_named_send_transfer/C.arc56.json,2026-07-16,,0,6cd1dddc
https://raw.githubusercontent.com/Argimirodelpozo/puya-sol/HEAD/tests/solidity-semantic-tests/out/libraries/internal_library_function_attached_to_array_named_pop_push/C.arc56.json,2026-07-16,,0,f888bd4d
https://raw.githubusercontent.com/Argimirodelpozo/puya-sol/HEAD/tests/solidity-semantic-tests/out/libraries/internal_library_function_attached_to_bool/C.arc56.json,2026-07-16,,0,f924c7d6
https://raw.githubusercontent.com/Argimirodelpozo/puya-sol/HEAD/tests/solidity-semantic-tests/out/libraries/internal_library_function_attached_to_contract/C.arc56.json,2026-07-16,,0,7e67cb06
https://raw.githubusercontent.com/Argimirodelpozo/puya-sol/HEAD/tests/solidity-semantic-tests/out/libraries/internal_library_function_attached_to_contract/E.arc56.json,2026-07-16,,0,372cbbcc
https://raw.githubusercontent.com/Argimirodelpozo/puya-sol/HEAD/tests/solidity-semantic-tests/out/libraries/internal_library_function_attached_to_dynamic_array/C.arc56.json,2026-07-16,,0,b4c5c6ac
https://raw.githubusercontent.com/Argimirodelpozo/puya-sol/HEAD/tests/solidity-semantic-tests/out/libraries/internal_library_function_attached_to_enum/C.arc56.json,2026-07-16,,0,10e3ad79
https://raw.githubusercontent.com/Argimirodelpozo/puya-sol/HEAD/tests/solidity-semantic-tests/out/libraries/internal_library_function_attached_to_external_function_type/C.arc56.json,2026-07-16,,0,9b430b09
https://raw.githubusercontent.com/Argimirodelpozo/puya-sol/HEAD/tests/solidity-semantic-tests/out/libraries/internal_library_function_attached_to_fixed_array/C.arc56.json,2026-07-16,,0,d4976065
https://raw.githubusercontent.com/Argimirodelpozo/puya-sol/HEAD/tests/solidity-semantic-tests/out/libraries/internal_library_function_attached_to_fixed_bytes/C.arc56.json,2026-07-16,,0,ce524a92
https://raw.githubusercontent.com/Argimirodelpozo/puya-sol/HEAD/tests/solidity-semantic-tests/out/libraries/internal_library_function_attached_to_integer/C.arc56.json,2026-07-16,,0,88165a10
https://raw.githubusercontent.com/Argimirodelpozo/puya-sol/HEAD/tests/solidity-semantic-tests/out/libraries/internal_library_function_attached_to_interface/C.arc56.json,2026-07-16,,0,ccf30e13
https://raw.githubusercontent.com/Argimirodelpozo/puya-sol/HEAD/tests/solidity-semantic-tests/out/libraries/internal_library_function_attached_to_interface/E.arc56.json,2026-07-16,,0,5a341655
https://raw.githubusercontent.com/Argimirodelpozo/puya-sol/HEAD/tests/solidity-semantic-tests/out/libraries/internal_library_function_attached_to_literal/C.arc56.json,2026-07-16,,0,ff5f26c6
https://raw.githubusercontent.com/Argimirodelpozo/puya-sol/HEAD/tests/solidity-semantic-tests/out/libraries/internal_library_function_attached_to_mapping/C.arc56.json,2026-07-16,,0,505b29c4
https://raw.githubusercontent.com/Argimirodelpozo/puya-sol/HEAD/tests/solidity-semantic-tests/out/libraries/internal_library_function_attached_to_string_accepting_memory/C.arc56.json,2026-07-16,,0,10c1d485
https://raw.githubusercontent.com/Argimirodelpozo/puya-sol/HEAD/tests/solidity-semantic-tests/out/libraries/internal_library_function_attached_to_string_accepting_storage/C.arc56.json,2026-07-16,,0,41c8bbf0
https://raw.githubusercontent.com/Argimirodelpozo/puya-sol/HEAD/tests/solidity-semantic-tests/out/libraries/internal_library_function_attached_to_struct/C.arc56.json,2026-07-16,,0,f5ec64cf
https://raw.githubusercontent.com/Argimirodelpozo/puya-sol/HEAD/tests/solidity-semantic-tests/out/libraries/internal_library_function_calling_private/C.arc56.json,2026-07-16,,0,b18f1685
https://raw.githubusercontent.com/Argimirodelpozo/puya-sol/HEAD/tests/solidity-semantic-tests/out/libraries/internal_library_function_pointer/C.arc56.json,2026-07-16,,0,689fc605
https://raw.githubusercontent.com/Argimirodelpozo/puya-sol/HEAD/tests/solidity-semantic-tests/out/libraries/internal_library_function_return_var_size/C.arc56.json,2026-07-16,,0,54903502
https://raw.githubusercontent.com/Argimirodelpozo/puya-sol/HEAD/tests/solidity-semantic-tests/out/libraries/internal_types_in_library/Test.arc56.json,2026-07-16,,0,22faaa7d
https://raw.githubusercontent.com/Argimirodelpozo/puya-sol/HEAD/tests/solidity-semantic-tests/out/libraries/library_address/C.arc56.json,2026-07-16,,0,8635f14c
https://raw.githubusercontent.com/Argimirodelpozo/puya-sol/HEAD/tests/solidity-semantic-tests/out/libraries/library_address_homestead/C.arc56.json,2026-07-16,,0,d2280990
https://raw.githubusercontent.com/Argimirodelpozo/puya-sol/HEAD/tests/solidity-semantic-tests/out/libraries/library_address_via_module/C.arc56.json,2026-07-16,,0,bc0373a0
https://raw.githubusercontent.com/Argimirodelpozo/puya-sol/HEAD/tests/solidity-semantic-tests/out/libraries/library_call_in_homestead/Test.arc56.json,2026-07-16,,0,ae19f3df
https://raw.githubusercontent.com/Argimirodelpozo/puya-sol/HEAD/tests/solidity-semantic-tests/out/libraries/library_delegatecall_guard_pure/C.arc56.json,2026-07-16,,0,16da7b3f
https://raw.githubusercontent.com/Argimirodelpozo/puya-sol/HEAD/tests/solidity-semantic-tests/out/libraries/library_delegatecall_guard_view_needed/C.arc56.json,2026-07-16,,0,664cd361
https://raw.githubusercontent.com/Argimirodelpozo/puya-sol/HEAD/tests/solidity-semantic-tests/out/libraries/library_delegatecall_guard_view_not_needed/C.arc56.json,2026-07-16,,0,b69e6aa3
https://raw.githubusercontent.com/Argimirodelpozo/puya-sol/HEAD/tests/solidity-semantic-tests/out/libraries/library_delegatecall_guard_view_staticcall/C.arc56.json,2026-07-16,,0,a744a2cf
https://raw.githubusercontent.com/Argimirodelpozo/puya-sol/HEAD/tests/solidity-semantic-tests/out/libraries/library_delegatecall_guard_view_staticcall/D.arc56.json,2026-07-16,,0,d2fe2243
https://raw.githubusercontent.com/Argimirodelpozo/puya-sol/HEAD/tests/solidity-semantic-tests/out/libraries/library_enum_as_an_expression/Tsra.arc56.json,2026-07-16,,0,cb6e029c
https://raw.githubusercontent.com/Argimirodelpozo/puya-sol/HEAD/tests/solidity-semantic-tests/out/libraries/library_function_selectors/C.arc56.json,2026-07-16,,0,a2f1decf
https://raw.githubusercontent.com/Argimirodelpozo/puya-sol/HEAD/tests/solidity-semantic-tests/out/libraries/library_function_selectors_struct/C.arc56.json,2026-07-16,,0,a61ce0ad
https://raw.githubusercontent.com/Argimirodelpozo/puya-sol/HEAD/tests/solidity-semantic-tests/out/libraries/library_references_preserve/A.arc56.json,2026-07-16,,0,35569382
https://raw.githubusercontent.com/Argimirodelpozo/puya-sol/HEAD/tests/solidity-semantic-tests/out/libraries/library_references_preserve/B.arc56.json,2026-07-16,,0,9a493ef1
https://raw.githubusercontent.com/Argimirodelpozo/puya-sol/HEAD/tests/solidity-semantic-tests/out/libraries/library_references_preserve/C.arc56.json,2026-07-16,,0,81149ccb
https://raw.githubusercontent.com/Argimirodelpozo/puya-sol/HEAD/tests/solidity-semantic-tests/out/libraries/library_return_struct_with_mapping/C.arc56.json,2026-07-16,,0,7f37e3c0
https://raw.githubusercontent.com/Argimirodelpozo/puya-sol/HEAD/tests/solidity-semantic-tests/out/libraries/library_staticcall_delegatecall/Test.arc56.json,2026-07-16,,0,ebad368e
https://raw.githubusercontent.com/Argimirodelpozo/puya-sol/HEAD/tests/solidity-semantic-tests/out/libraries/library_stray_values/Test.arc56.json,2026-07-16,,0,a458f8e8
https://raw.githubusercontent.com/Argimirodelpozo/puya-sol/HEAD/tests/solidity-semantic-tests/out/libraries/library_struct_as_an_expression/Tsra.arc56.json,2026-07-16,,0,1e7713f9
https://raw.githubusercontent.com/Argimirodelpozo/puya-sol/HEAD/tests/solidity-semantic-tests/out/libraries/mapping_arguments_in_library/Test.arc56.json,2026-07-16,,0,083f59ba
https://raw.githubusercontent.com/Argimirodelpozo/puya-sol/HEAD/tests/solidity-semantic-tests/out/libraries/mapping_returns_in_library/Test.arc56.json,2026-07-16,,0,3db4305c
https://raw.githubusercontent.com/Argimirodelpozo/puya-sol/HEAD/tests/solidity-semantic-tests/out/libraries/mapping_returns_in_library_named/Test.arc56.json,2026-07-16,,0,ced48dba
https://raw.githubusercontent.com/Argimirodelpozo/puya-sol/HEAD/tests/solidity-semantic-tests/out/libraries/payable_function_calls_library/C.arc56.json,2026-07-16,,0,e42c8e9a
https://raw.githubusercontent.com/Argimirodelpozo/puya-sol/HEAD/tests/solidity-semantic-tests/out/libraries/stub/C.arc56.json,2026-07-16,,0,f0cc6df1
https://raw.githubusercontent.com/Argimirodelpozo/puya-sol/HEAD/tests/solidity-semantic-tests/out/libraries/stub_internal/C.arc56.json,2026-07-16,,0,55ba5d73
https://raw.githubusercontent.com/Argimirodelpozo/puya-sol/HEAD/tests/solidity-semantic-tests/out/libraries/using_for_by_name/C.arc56.json,2026-07-16,,0,f900850e
https://raw.githubusercontent.com/Argimirodelpozo/puya-sol/HEAD/tests/solidity-semantic-tests/out/libraries/using_for_function_on_int/C.arc56.json,2026-07-16,,0,f943542c
https://raw.githubusercontent.com/Argimirodelpozo/puya-sol/HEAD/tests/solidity-semantic-tests/out/libraries/using_for_overload/C.arc56.json,2026-07-16,,0,32290bb6
https://raw.githubusercontent.com/Argimirodelpozo/puya-sol/HEAD/tests/solidity-semantic-tests/out/libraries/using_for_storage_structs/C.arc56.json,2026-07-16,,0,e7b4825e
https://raw.githubusercontent.com/Argimirodelpozo/puya-sol/HEAD/tests/solidity-semantic-tests/out/libraries/using_library_mappings_public/Test.arc56.json,2026-07-16,,0,b6826e45
https://raw.githubusercontent.com/Argimirodelpozo/puya-sol/HEAD/tests/solidity-semantic-tests/out/libraries/using_library_mappings_return/Test.arc56.json,2026-07-16,,0,1538847e
https://raw.githubusercontent.com/Argimirodelpozo/puya-sol/HEAD/tests/solidity-semantic-tests/out/libraries/using_library_structs/Test.arc56.json,2026-07-16,,0,aa2164cd
https://raw.githubusercontent.com/Argimirodelpozo/puya-sol/HEAD/tests/solidity-semantic-tests/out/literals/denominations/C.arc56.json,2026-07-16,,0,b5e1b55a
https://raw.githubusercontent.com/Argimirodelpozo/puya-sol/HEAD/tests/solidity-semantic-tests/out/literals/denominations_in_array_sizes/C.arc56.json,2026-07-16,,0,38dad317
https://raw.githubusercontent.com/Argimirodelpozo/puya-sol/HEAD/tests/solidity-semantic-tests/out/literals/escape/C.arc56.json,2026-07-16,,0,83a6cf8b
https://raw.githubusercontent.com/Argimirodelpozo/puya-sol/HEAD/tests/solidity-semantic-tests/out/literals/ether/C.arc56.json,2026-07-16,,0,c97c8348
https://raw.githubusercontent.com/Argimirodelpozo/puya-sol/HEAD/tests/solidity-semantic-tests/out/literals/fractional_denominations/C.arc56.json,2026-07-16,,0,faf88a42
https://raw.githubusercontent.com/Argimirodelpozo/puya-sol/HEAD/tests/solidity-semantic-tests/out/literals/gwei/C.arc56.json,2026-07-16,,0,6b6a26ef
https://raw.githubusercontent.com/Argimirodelpozo/puya-sol/HEAD/tests/solidity-semantic-tests/out/literals/hex_string_with_non_printable_characters/C.arc56.json,2026-07-16,,0,11a6e4ff
https://raw.githubusercontent.com/Argimirodelpozo/puya-sol/HEAD/tests/solidity-semantic-tests/out/literals/hex_string_with_underscore/C.arc56.json,2026-07-16,,0,195ad7b1
https://raw.githubusercontent.com/Argimirodelpozo/puya-sol/HEAD/tests/solidity-semantic-tests/out/literals/scientific_notation/C.arc56.json,2026-07-16,,0,0eea6221
https://raw.githubusercontent.com/Argimirodelpozo/puya-sol/HEAD/tests/solidity-semantic-tests/out/literals/ternary_operator_with_literal_types_overflow/TestTernary.arc56.json,2026-07-16,,0,4b8c2d84
https://raw.githubusercontent.com/Argimirodelpozo/puya-sol/HEAD/tests/solidity-semantic-tests/out/literals/wei/C.arc56.json,2026-07-16,,0,061374cf
https://raw.githubusercontent.com/Argimirodelpozo/puya-sol/HEAD/tests/solidity-semantic-tests/out/loops/simple/C.arc56.json,2026-07-16,,0,ab688cc9
https://raw.githubusercontent.com/Argimirodelpozo/puya-sol/HEAD/tests/solidity-semantic-tests/out/memoryManagement/assembly_access/C.arc56.json,2026-07-16,,0,6953908b
https://raw.githubusercontent.com/Argimirodelpozo/puya-sol/HEAD/tests/solidity-semantic-tests/out/memoryManagement/memory_types_initialisation/Test.arc56.json,2026-07-16,,0,058180b2
https://raw.githubusercontent.com/Argimirodelpozo/puya-sol/HEAD/tests/solidity-semantic-tests/out/memoryManagement/return_variable/C.arc56.json,2026-07-16,,0,dd9b38fa
https://raw.githubusercontent.com/Argimirodelpozo/puya-sol/HEAD/tests/solidity-semantic-tests/out/memoryManagement/static_memory_array_allocation/C.arc56.json,2026-07-16,,0,829fe6e6
https://raw.githubusercontent.com/Argimirodelpozo/puya-sol/HEAD/tests/solidity-semantic-tests/out/memoryManagement/struct_allocation/C.arc56.json,2026-07-16,,0,2872470e
https://raw.githubusercontent.com/Argimirodelpozo/puya-sol/HEAD/tests/solidity-semantic-tests/out/metaTypes/name_other_contract/C.arc56.json,2026-07-16,,0,411ac3b2
https://raw.githubusercontent.com/Argimirodelpozo/puya-sol/HEAD/tests/solidity-semantic-tests/out/metaTypes/name_other_contract/Test.arc56.json,2026-07-16,,0,b8d429e4
https://raw.githubusercontent.com/Argimirodelpozo/puya-sol/HEAD/tests/solidity-semantic-tests/out/modifiers/access_through_contract_name/A.arc56.json,2026-07-16,,0,e93b69db
https://raw.githubusercontent.com/Argimirodelpozo/puya-sol/HEAD/tests/solidity-semantic-tests/out/modifiers/access_through_contract_name/C.arc56.json,2026-07-16,,0,a9f41e64
https://raw.githubusercontent.com/Argimirodelpozo/puya-sol/HEAD/tests/solidity-semantic-tests/out/modifiers/break_in_modifier/C.arc56.json,2026-07-16,,0,4e64465d
https://raw.githubusercontent.com/Argimirodelpozo/puya-sol/HEAD/tests/solidity-semantic-tests/out/modifiers/continue_in_modifier/C.arc56.json,2026-07-16,,0,9eb1fe4d
https://raw.githubusercontent.com/Argimirodelpozo/puya-sol/HEAD/tests/solidity-semantic-tests/out/modifiers/evaluation_order/A.arc56.json,2026-07-16,,0,a9ce06bb
https://raw.githubusercontent.com/Argimirodelpozo/puya-sol/HEAD/tests/solidity-semantic-tests/out/modifiers/evaluation_order/B.arc56.json,2026-07-16,,0,a64d5154
https://raw.githubusercontent.com/Argimirodelpozo/puya-sol/HEAD/tests/solidity-semantic-tests/out/modifiers/evaluation_order/C.arc56.json,2026-07-16,,0,18eb2ac3
https://raw.githubusercontent.com/Argimirodelpozo/puya-sol/HEAD/tests/solidity-semantic-tests/out/modifiers/evaluation_order/D.arc56.json,2026-07-16,,0,8e45aa30
https://raw.githubusercontent.com/Argimirodelpozo/puya-sol/HEAD/tests/solidity-semantic-tests/out/modifiers/function_modifier/C.arc56.json,2026-07-16,,0,ae37bc2c
https://raw.githubusercontent.com/Argimirodelpozo/puya-sol/HEAD/tests/solidity-semantic-tests/out/modifiers/function_modifier_calling_functions_in_creation_context/A.arc56.json,2026-07-16,,0,096ff0e4
https://raw.githubusercontent.com/Argimirodelpozo/puya-sol/HEAD/tests/solidity-semantic-tests/out/modifiers/function_modifier_calling_functions_in_creation_context/C.arc56.json,2026-07-16,,0,410b3270
https://raw.githubusercontent.com/Argimirodelpozo/puya-sol/HEAD/tests/solidity-semantic-tests/out/modifiers/function_modifier_empty/C.arc56.json,2026-07-16,,0,f2d20900
https://raw.githubusercontent.com/Argimirodelpozo/puya-sol/HEAD/tests/solidity-semantic-tests/out/modifiers/function_modifier_for_constructor/A.arc56.json,2026-07-16,,0,19bb3a07
https://raw.githubusercontent.com/Argimirodelpozo/puya-sol/HEAD/tests/solidity-semantic-tests/out/modifiers/function_modifier_for_constructor/C.arc56.json,2026-07-16,,0,d05b9f3a
https://raw.githubusercontent.com/Argimirodelpozo/puya-sol/HEAD/tests/solidity-semantic-tests/out/modifiers/function_modifier_library/Test.arc56.json,2026-07-16,,0,3ef13b6d
https://raw.githubusercontent.com/Argimirodelpozo/puya-sol/HEAD/tests/solidity-semantic-tests/out/modifiers/function_modifier_library_inheritance/Test.arc56.json,2026-07-16,,0,8bf25e87
https://raw.githubusercontent.com/Argimirodelpozo/puya-sol/HEAD/tests/solidity-semantic-tests/out/modifiers/function_modifier_local_variables/C.arc56.json,2026-07-16,,0,68bb3a1e
https://raw.githubusercontent.com/Argimirodelpozo/puya-sol/HEAD/tests/solidity-semantic-tests/out/modifiers/function_modifier_loop/C.arc56.json,2026-07-16,,0,c0b08f5d
https://raw.githubusercontent.com/Argimirodelpozo/puya-sol/HEAD/tests/solidity-semantic-tests/out/modifiers/function_modifier_loop_viair/C.arc56.json,2026-07-16,,0,3fb64b95
https://raw.githubusercontent.com/Argimirodelpozo/puya-sol/HEAD/tests/solidity-semantic-tests/out/modifiers/function_modifier_multi_invocation/C.arc56.json,2026-07-16,,0,137857af
https://raw.githubusercontent.com/Argimirodelpozo/puya-sol/HEAD/tests/solidity-semantic-tests/out/modifiers/function_modifier_multi_invocation_viair/C.arc56.json,2026-07-16,,0,fdef0c90
https://raw.githubusercontent.com/Argimirodelpozo/puya-sol/HEAD/tests/solidity-semantic-tests/out/modifiers/function_modifier_multi_with_return/C.arc56.json,2026-07-16,,0,8ad50f9c
https://raw.githubusercontent.com/Argimirodelpozo/puya-sol/HEAD/tests/solidity-semantic-tests/out/modifiers/function_modifier_multiple_times/C.arc56.json,2026-07-16,,0,7a857e88
https://raw.githubusercontent.com/Argimirodelpozo/puya-sol/HEAD/tests/solidity-semantic-tests/out/modifiers/function_modifier_multiple_times_local_vars/C.arc56.json,2026-07-16,,0,6ecbc21f
https://raw.githubusercontent.com/Argimirodelpozo/puya-sol/HEAD/tests/solidity-semantic-tests/out/modifiers/function_modifier_overriding/A.arc56.json,2026-07-16,,0,61809d59
https://raw.githubusercontent.com/Argimirodelpozo/puya-sol/HEAD/tests/solidity-semantic-tests/out/modifiers/function_modifier_overriding/C.arc56.json,2026-07-16,,0,cf74d1f2
https://raw.githubusercontent.com/Argimirodelpozo/puya-sol/HEAD/tests/solidity-semantic-tests/out/modifiers/function_modifier_return_reference/C.arc56.json,2026-07-16,,0,95c68e39
https://raw.githubusercontent.com/Argimirodelpozo/puya-sol/HEAD/tests/solidity-semantic-tests/out/modifiers/function_return_parameter/B.arc56.json,2026-07-16,,0,e21f8a38
https://raw.githubusercontent.com/Argimirodelpozo/puya-sol/HEAD/tests/solidity-semantic-tests/out/modifiers/function_return_parameter_complex/A.arc56.json,2026-07-16,,0,d93fb8ab
https://raw.githubusercontent.com/Argimirodelpozo/puya-sol/HEAD/tests/solidity-semantic-tests/out/modifiers/modifer_recursive/C.arc56.json,2026-07-16,,0,2377523a
https://raw.githubusercontent.com/Argimirodelpozo/puya-sol/HEAD/tests/solidity-semantic-tests/out/modifiers/modifier_in_constructor_ice/A.arc56.json,2026-07-16,,0,b85d7c21
https://raw.githubusercontent.com/Argimirodelpozo/puya-sol/HEAD/tests/solidity-semantic-tests/out/modifiers/modifier_in_constructor_ice/B.arc56.json,2026-07-16,,0,8992dc88
https://raw.githubusercontent.com/Argimirodelpozo/puya-sol/HEAD/tests/solidity-semantic-tests/out/modifiers/modifier_init_return/C.arc56.json,2026-07-16,,0,87118294
https://raw.githubusercontent.com/Argimirodelpozo/puya-sol/HEAD/tests/solidity-semantic-tests/out/modifiers/modifiers_in_construction_context/A.arc56.json,2026-07-16,,0,0732e21a
https://raw.githubusercontent.com/Argimirodelpozo/puya-sol/HEAD/tests/solidity-semantic-tests/out/modifiers/modifiers_in_construction_context/B.arc56.json,2026-07-16,,0,6b2f2dcc
https://raw.githubusercontent.com/Argimirodelpozo/puya-sol/HEAD/tests/solidity-semantic-tests/out/modifiers/return_does_not_skip_modifier/C.arc56.json,2026-07-16,,0,15936b8c
https://raw.githubusercontent.com/Argimirodelpozo/puya-sol/HEAD/tests/solidity-semantic-tests/out/modifiers/return_in_modifier/C.arc56.json,2026-07-16,,0,1edd8cd6
https://raw.githubusercontent.com/Argimirodelpozo/puya-sol/HEAD/tests/solidity-semantic-tests/out/modifiers/transient_state_variable_value_type/C.arc56.json,2026-07-16,,0,ec50cd49
https://raw.githubusercontent.com/Argimirodelpozo/puya-sol/HEAD/tests/solidity-semantic-tests/out/multiSource/circular_import/C.arc56.json,2026-07-17,,0,19449166
https://raw.githubusercontent.com/Argimirodelpozo/puya-sol/HEAD/tests/solidity-semantic-tests/out/multiSource/circular_import_2/C.arc56.json,2026-07-16,,0,5bcb889b
https://raw.githubusercontent.com/Argimirodelpozo/puya-sol/HEAD/tests/solidity-semantic-tests/out/multiSource/circular_reimport/C.arc56.json,2026-07-16,,0,88b2f549
https://raw.githubusercontent.com/Argimirodelpozo/puya-sol/HEAD/tests/solidity-semantic-tests/out/multiSource/circular_reimport_2/C.arc56.json,2026-07-16,,0,b73d7cb6
https://raw.githubusercontent.com/Argimirodelpozo/puya-sol/HEAD/tests/solidity-semantic-tests/out/multiSource/free_different_interger_types/C.arc56.json,2026-07-16,,0,d6abd6c2
https://raw.githubusercontent.com/Argimirodelpozo/puya-sol/HEAD/tests/solidity-semantic-tests/out/multiSource/free_function_resolution_base_contract/C.arc56.json,2026-07-16,,0,0c187479
https://raw.githubusercontent.com/Argimirodelpozo/puya-sol/HEAD/tests/solidity-semantic-tests/out/multiSource/free_function_resolution_base_contract/D.arc56.json,2026-07-16,,0,8f6e0fc7
https://raw.githubusercontent.com/Argimirodelpozo/puya-sol/HEAD/tests/solidity-semantic-tests/out/multiSource/free_function_resolution_override_virtual/C.arc56.json,2026-07-16,,0,daab4e08
https://raw.githubusercontent.com/Argimirodelpozo/puya-sol/HEAD/tests/solidity-semantic-tests/out/multiSource/free_function_resolution_override_virtual/D.arc56.json,2026-07-16,,0,3e433c55
https://raw.githubusercontent.com/Argimirodelpozo/puya-sol/HEAD/tests/solidity-semantic-tests/out/multiSource/free_function_resolution_override_virtual_super/C.arc56.json,2026-07-16,,0,ebfd86ea
https://raw.githubusercontent.com/Argimirodelpozo/puya-sol/HEAD/tests/solidity-semantic-tests/out/multiSource/free_function_resolution_override_virtual_super/D.arc56.json,2026-07-16,,0,923f2961
https://raw.githubusercontent.com/Argimirodelpozo/puya-sol/HEAD/tests/solidity-semantic-tests/out/multiSource/free_function_resolution_override_virtual_transitive/C.arc56.json,2026-07-16,,0,7f117455
https://raw.githubusercontent.com/Argimirodelpozo/puya-sol/HEAD/tests/solidity-semantic-tests/out/multiSource/free_function_resolution_override_virtual_transitive/D.arc56.json,2026-07-16,,0,380fa034
https://raw.githubusercontent.com/Argimirodelpozo/puya-sol/HEAD/tests/solidity-semantic-tests/out/multiSource/free_function_resolution_override_virtual_transitive/E.arc56.json,2026-07-16,,0,3947c042
https://raw.githubusercontent.com/Argimirodelpozo/puya-sol/HEAD/tests/solidity-semantic-tests/out/multiSource/free_function_transitive_import/C.arc56.json,2026-07-16,,0,2bbc9c41
https://raw.githubusercontent.com/Argimirodelpozo/puya-sol/HEAD/tests/solidity-semantic-tests/out/multiSource/free_function_transitive_import/D.arc56.json,2026-07-16,,0,2983b176
https://raw.githubusercontent.com/Argimirodelpozo/puya-sol/HEAD/tests/solidity-semantic-tests/out/multiSource/free_function_transitive_import/E.arc56.json,2026-07-16,,0,43fa8454
https://raw.githubusercontent.com/Argimirodelpozo/puya-sol/HEAD/tests/solidity-semantic-tests/out/multiSource/import/A.arc56.json,2026-07-16,,0,178932c2
https://raw.githubusercontent.com/Argimirodelpozo/puya-sol/HEAD/tests/solidity-semantic-tests/out/multiSource/import/B.arc56.json,2026-07-16,,0,5cb240fc
https://raw.githubusercontent.com/Argimirodelpozo/puya-sol/HEAD/tests/solidity-semantic-tests/out/multiSource/import_overloaded_function/C.arc56.json,2026-07-16,,0,b136cbf8
https://raw.githubusercontent.com/Argimirodelpozo/puya-sol/HEAD/tests/solidity-semantic-tests/out/multiSource/imported_free_function_via_alias/C.arc56.json,2026-07-16,,0,60a2796d
https://raw.githubusercontent.com/Argimirodelpozo/puya-sol/HEAD/tests/solidity-semantic-tests/out/multiSource/imported_free_function_via_alias/D.arc56.json,2026-07-16,,0,736af391
https://raw.githubusercontent.com/Argimirodelpozo/puya-sol/HEAD/tests/solidity-semantic-tests/out/multiSource/imported_free_function_via_alias_direct_call/D.arc56.json,2026-07-16,,0,d259b1ba
https://raw.githubusercontent.com/Argimirodelpozo/puya-sol/HEAD/tests/solidity-semantic-tests/out/multiSource/reimport_imported_function/C.arc56.json,2026-07-16,,0,dbf47049
https://raw.githubusercontent.com/Argimirodelpozo/puya-sol/HEAD/tests/solidity-semantic-tests/out/operators/compound_assign/test.arc56.json,2026-07-16,,0,88626c85
https://raw.githubusercontent.com/Argimirodelpozo/puya-sol/HEAD/tests/solidity-semantic-tests/out/operators/compound_assign_transient_storage/test.arc56.json,2026-07-16,,0,7d1411f8
https://raw.githubusercontent.com/Argimirodelpozo/puya-sol/HEAD/tests/solidity-semantic-tests/out/operators/transient_storage_variable_increment_decrement/C.arc56.json,2026-07-16,,0,1e8982c2
https://raw.githubusercontent.com/Argimirodelpozo/puya-sol/HEAD/tests/solidity-semantic-tests/out/optimizer/shift_bytes/C.arc56.json,2026-07-16,,0,3bbc47d9
https://raw.githubusercontent.com/Argimirodelpozo/puya-sol/HEAD/tests/solidity-semantic-tests/out/optimizer/unused_store_storage_removal_bug/C.arc56.json,2026-07-16,,0,bb50f4ba
https://raw.githubusercontent.com/Argimirodelpozo/puya-sol/HEAD/tests/solidity-semantic-tests/out/payable/no_nonpayable_circumvention_by_modifier/C.arc56.json,2026-07-16,,0,25cbc237
https://raw.githubusercontent.com/Argimirodelpozo/puya-sol/HEAD/tests/solidity-semantic-tests/out/receive/empty_calldata_calls_receive/A.arc56.json,2026-07-16,,0,11f82f7e
https://raw.githubusercontent.com/Argimirodelpozo/puya-sol/HEAD/tests/solidity-semantic-tests/out/receive/ether_and_data/C.arc56.json,2026-07-16,,0,58d76c5d
https://raw.githubusercontent.com/Argimirodelpozo/puya-sol/HEAD/tests/solidity-semantic-tests/out/receive/inherited/A.arc56.json,2026-07-16,,0,958b1881
https://raw.githubusercontent.com/Argimirodelpozo/puya-sol/HEAD/tests/solidity-semantic-tests/out/receive/inherited/B.arc56.json,2026-07-16,,0,7299e564
https://raw.githubusercontent.com/Argimirodelpozo/puya-sol/HEAD/tests/solidity-semantic-tests/out/reverts/assert_require/C.arc56.json,2026-07-16,,0,c7e411c1
https://raw.githubusercontent.com/Argimirodelpozo/puya-sol/HEAD/tests/solidity-semantic-tests/out/reverts/error_struct/C.arc56.json,2026-07-16,,0,40f18bb3
https://raw.githubusercontent.com/Argimirodelpozo/puya-sol/HEAD/tests/solidity-semantic-tests/out/reverts/invalid_enum_as_external_arg/C.arc56.json,2026-07-16,,0,deb28a70
https://raw.githubusercontent.com/Argimirodelpozo/puya-sol/HEAD/tests/solidity-semantic-tests/out/reverts/invalid_enum_as_external_ret/C.arc56.json,2026-07-16,,0,f69dfa88
https://raw.githubusercontent.com/Argimirodelpozo/puya-sol/HEAD/tests/solidity-semantic-tests/out/reverts/invalid_enum_compared/C.arc56.json,2026-07-16,,0,9a093d41
https://raw.githubusercontent.com/Argimirodelpozo/puya-sol/HEAD/tests/solidity-semantic-tests/out/reverts/invalid_enum_stored/C.arc56.json,2026-07-16,,0,38f66147
https://raw.githubusercontent.com/Argimirodelpozo/puya-sol/HEAD/tests/solidity-semantic-tests/out/reverts/invalid_instruction/C.arc56.json,2026-07-16,,0,6ae5108c
https://raw.githubusercontent.com/Argimirodelpozo/puya-sol/HEAD/tests/solidity-semantic-tests/out/reverts/revert/C.arc56.json,2026-07-16,,0,a3077fee
https://raw.githubusercontent.com/Argimirodelpozo/puya-sol/HEAD/tests/solidity-semantic-tests/out/reverts/revert_return_area/C.arc56.json,2026-07-16,,0,647ff3fc
https://raw.githubusercontent.com/Argimirodelpozo/puya-sol/HEAD/tests/solidity-semantic-tests/out/reverts/simple_throw/Test.arc56.json,2026-07-16,,0,2061cc0c
https://raw.githubusercontent.com/Argimirodelpozo/puya-sol/HEAD/tests/solidity-semantic-tests/out/revertStrings/array_slices/C.arc56.json,2026-07-16,,0,ff95d43f
https://raw.githubusercontent.com/Argimirodelpozo/puya-sol/HEAD/tests/solidity-semantic-tests/out/revertStrings/bubble/A.arc56.json,2026-07-16,,0,7b49d3ba
https://raw.githubusercontent.com/Argimirodelpozo/puya-sol/HEAD/tests/solidity-semantic-tests/out/revertStrings/bubble/C.arc56.json,2026-07-16,,0,13242e53
https://raw.githubusercontent.com/Argimirodelpozo/puya-sol/HEAD/tests/solidity-semantic-tests/out/revertStrings/calldata_array_dynamic_invalid/C.arc56.json,2026-07-16,,0,54d9a061
https://raw.githubusercontent.com/Argimirodelpozo/puya-sol/HEAD/tests/solidity-semantic-tests/out/revertStrings/calldata_array_dynamic_static_short_decode/C.arc56.json,2026-07-16,,0,6981e162
https://raw.githubusercontent.com/Argimirodelpozo/puya-sol/HEAD/tests/solidity-semantic-tests/out/revertStrings/calldata_array_dynamic_static_short_reencode/C.arc56.json,2026-07-16,,0,afa203d5
https://raw.githubusercontent.com/Argimirodelpozo/puya-sol/HEAD/tests/solidity-semantic-tests/out/revertStrings/calldata_array_invalid_length/C.arc56.json,2026-07-16,,0,260c0546
https://raw.githubusercontent.com/Argimirodelpozo/puya-sol/HEAD/tests/solidity-semantic-tests/out/revertStrings/calldata_arrays_too_large/C.arc56.json,2026-07-16,,0,13df8e93
https://raw.githubusercontent.com/Argimirodelpozo/puya-sol/HEAD/tests/solidity-semantic-tests/out/revertStrings/calldata_tail_short/C.arc56.json,2026-07-16,,0,f336073b
https://raw.githubusercontent.com/Argimirodelpozo/puya-sol/HEAD/tests/solidity-semantic-tests/out/revertStrings/calldata_too_short_v1/C.arc56.json,2026-07-16,,0,4a707d13
https://raw.githubusercontent.com/Argimirodelpozo/puya-sol/HEAD/tests/solidity-semantic-tests/out/revertStrings/called_contract_has_code/C.arc56.json,2026-07-17,,0,db220397
https://raw.githubusercontent.com/Argimirodelpozo/puya-sol/HEAD/tests/solidity-semantic-tests/out/revertStrings/empty_v1/C.arc56.json,2026-07-16,,0,c332c318
https://raw.githubusercontent.com/Argimirodelpozo/puya-sol/HEAD/tests/solidity-semantic-tests/out/revertStrings/empty_v2/C.arc56.json,2026-07-16,,0,827312d1
https://raw.githubusercontent.com/Argimirodelpozo/puya-sol/HEAD/tests/solidity-semantic-tests/out/revertStrings/enum_v1/C.arc56.json,2026-07-16,,0,e984d4c4
https://raw.githubusercontent.com/Argimirodelpozo/puya-sol/HEAD/tests/solidity-semantic-tests/out/revertStrings/enum_v2/C.arc56.json,2026-07-16,,0,4df56318
https://raw.githubusercontent.com/Argimirodelpozo/puya-sol/HEAD/tests/solidity-semantic-tests/out/revertStrings/ether_non_payable_function/C.arc56.json,2026-07-16,,0,00c14dd0
https://raw.githubusercontent.com/Argimirodelpozo/puya-sol/HEAD/tests/solidity-semantic-tests/out/revertStrings/function_entry_checks_v1/C.arc56.json,2026-07-16,,0,c45afb2b
https://raw.githubusercontent.com/Argimirodelpozo/puya-sol/HEAD/tests/solidity-semantic-tests/out/revertStrings/function_entry_checks_v2/C.arc56.json,2026-07-16,,0,1c4db9e0
https://raw.githubusercontent.com/Argimirodelpozo/puya-sol/HEAD/tests/solidity-semantic-tests/out/revertStrings/invalid_abi_decoding_calldata_v1/C.arc56.json,2026-07-16,,0,29bbe471
https://raw.githubusercontent.com/Argimirodelpozo/puya-sol/HEAD/tests/solidity-semantic-tests/out/revertStrings/invalid_abi_decoding_memory_v1/C.arc56.json,2026-07-16,,0,4b17df4f
https://raw.githubusercontent.com/Argimirodelpozo/puya-sol/HEAD/tests/solidity-semantic-tests/out/revertStrings/library_non_view_call/C.arc56.json,2026-07-16,,0,c838a184
https://raw.githubusercontent.com/Argimirodelpozo/puya-sol/HEAD/tests/solidity-semantic-tests/out/revertStrings/short_input_array/C.arc56.json,2026-07-16,,0,7de71714
https://raw.githubusercontent.com/Argimirodelpozo/puya-sol/HEAD/tests/solidity-semantic-tests/out/revertStrings/short_input_bytes/C.arc56.json,2026-07-16,,0,5b13b8ed
https://raw.githubusercontent.com/Argimirodelpozo/puya-sol/HEAD/tests/solidity-semantic-tests/out/revertStrings/transfer/A.arc56.json,2026-07-16,,0,57cd3d61
https://raw.githubusercontent.com/Argimirodelpozo/puya-sol/HEAD/tests/solidity-semantic-tests/out/revertStrings/transfer/C.arc56.json,2026-07-16,,0,2d2ddd3f
https://raw.githubusercontent.com/Argimirodelpozo/puya-sol/HEAD/tests/solidity-semantic-tests/out/revertStrings/unknown_sig_no_fallback/A.arc56.json,2026-07-16,,0,98c759f8
https://raw.githubusercontent.com/Argimirodelpozo/puya-sol/HEAD/tests/solidity-semantic-tests/out/saltedCreate/prediction_example/C.arc56.json,2026-07-16,,0,3bc1bc51
https://raw.githubusercontent.com/Argimirodelpozo/puya-sol/HEAD/tests/solidity-semantic-tests/out/saltedCreate/prediction_example/D.arc56.json,2026-07-16,,0,632e1044
https://raw.githubusercontent.com/Argimirodelpozo/puya-sol/HEAD/tests/solidity-semantic-tests/out/saltedCreate/salted_create/A.arc56.json,2026-07-16,,0,4bb21223
https://raw.githubusercontent.com/Argimirodelpozo/puya-sol/HEAD/tests/solidity-semantic-tests/out/saltedCreate/salted_create/B.arc56.json,2026-07-16,,0,b7890f6e
https://raw.githubusercontent.com/Argimirodelpozo/puya-sol/HEAD/tests/solidity-semantic-tests/out/saltedCreate/salted_create_with_value/A.arc56.json,2026-07-16,,0,035526dc
https://raw.githubusercontent.com/Argimirodelpozo/puya-sol/HEAD/tests/solidity-semantic-tests/out/saltedCreate/salted_create_with_value/B.arc56.json,2026-07-16,,0,2a5c83b9
https://raw.githubusercontent.com/Argimirodelpozo/puya-sol/HEAD/tests/solidity-semantic-tests/out/scoping/c99_scoping_activation/test.arc56.json,2026-07-16,,0,2cb50479
https://raw.githubusercontent.com/Argimirodelpozo/puya-sol/HEAD/tests/solidity-semantic-tests/out/shanghai/evmone_support/ShortReturn.arc56.json,2026-07-16,,0,2cdde2d7
https://raw.githubusercontent.com/Argimirodelpozo/puya-sol/HEAD/tests/solidity-semantic-tests/out/shanghai/evmone_support/Test.arc56.json,2026-07-16,,0,646c05e7
https://raw.githubusercontent.com/Argimirodelpozo/puya-sol/HEAD/tests/solidity-semantic-tests/out/shanghai/push0/C.arc56.json,2026-07-16,,0,63aa77ae
https://raw.githubusercontent.com/Argimirodelpozo/puya-sol/HEAD/tests/solidity-semantic-tests/out/smoke/alignment/C.arc56.json,2026-07-16,,0,42964edc
https://raw.githubusercontent.com/Argimirodelpozo/puya-sol/HEAD/tests/solidity-semantic-tests/out/smoke/alignment/D.arc56.json,2026-07-16,,0,23ed20bd
https://raw.githubusercontent.com/Argimirodelpozo/puya-sol/HEAD/tests/solidity-semantic-tests/out/smoke/arrays/C.arc56.json,2026-07-16,,0,02526dec
https://raw.githubusercontent.com/Argimirodelpozo/puya-sol/HEAD/tests/solidity-semantic-tests/out/smoke/basic/C.arc56.json,2026-07-16,,0,349864af
https://raw.githubusercontent.com/Argimirodelpozo/puya-sol/HEAD/tests/solidity-semantic-tests/out/smoke/bytes_and_strings/C.arc56.json,2026-07-16,,0,80356c35
https://raw.githubusercontent.com/Argimirodelpozo/puya-sol/HEAD/tests/solidity-semantic-tests/out/smoke/constructor/C.arc56.json,2026-07-16,,0,58bef26c
https://raw.githubusercontent.com/Argimirodelpozo/puya-sol/HEAD/tests/solidity-semantic-tests/out/smoke/failure/C.arc56.json,2026-07-16,,0,5dda39f3
https://raw.githubusercontent.com/Argimirodelpozo/puya-sol/HEAD/tests/solidity-semantic-tests/out/smoke/fallback/A.arc56.json,2026-07-16,,0,694557dd
https://raw.githubusercontent.com/Argimirodelpozo/puya-sol/HEAD/tests/solidity-semantic-tests/out/smoke/multiline/C.arc56.json,2026-07-16,,0,d40b03a9
https://raw.githubusercontent.com/Argimirodelpozo/puya-sol/HEAD/tests/solidity-semantic-tests/out/smoke/multiline_comments/C.arc56.json,2026-07-16,,0,ca8b4d59
https://raw.githubusercontent.com/Argimirodelpozo/puya-sol/HEAD/tests/solidity-semantic-tests/out/smoke/structs/C.arc56.json,2026-07-16,,0,db89fd81
https://raw.githubusercontent.com/Argimirodelpozo/puya-sol/HEAD/tests/solidity-semantic-tests/out/specialFunctions/abi_encode_with_signature_from_string/C.arc56.json,2026-07-16,,0,002eec87
https://raw.githubusercontent.com/Argimirodelpozo/puya-sol/HEAD/tests/solidity-semantic-tests/out/specialFunctions/abi_functions_member_access/C.arc56.json,2026-07-16,,0,eeb66fda
https://raw.githubusercontent.com/Argimirodelpozo/puya-sol/HEAD/tests/solidity-semantic-tests/out/specialFunctions/keccak256_optimized/C.arc56.json,2026-07-16,,0,9b72ecfc
https://raw.githubusercontent.com/Argimirodelpozo/puya-sol/HEAD/tests/solidity-semantic-tests/out/state/blobhash/C.arc56.json,2026-07-16,,0,5f9684d3
https://raw.githubusercontent.com/Argimirodelpozo/puya-sol/HEAD/tests/solidity-semantic-tests/out/state/block_basefee/C.arc56.json,2026-07-16,,0,1cf5125e
https://raw.githubusercontent.com/Argimirodelpozo/puya-sol/HEAD/tests/solidity-semantic-tests/out/state/block_blobbasefee/C.arc56.json,2026-07-16,,0,72aa8f50
https://raw.githubusercontent.com/Argimirodelpozo/puya-sol/HEAD/tests/solidity-semantic-tests/out/state/block_chainid/C.arc56.json,2026-07-16,,0,c0b48ff6
https://raw.githubusercontent.com/Argimirodelpozo/puya-sol/HEAD/tests/solidity-semantic-tests/out/state/block_coinbase/C.arc56.json,2026-07-16,,0,d41bf463
https://raw.githubusercontent.com/Argimirodelpozo/puya-sol/HEAD/tests/solidity-semantic-tests/out/state/block_difficulty/C.arc56.json,2026-07-16,,0,7cfac362
https://raw.githubusercontent.com/Argimirodelpozo/puya-sol/HEAD/tests/solidity-semantic-tests/out/state/block_difficulty_post_paris/C.arc56.json,2026-07-16,,0,38daab2c
https://raw.githubusercontent.com/Argimirodelpozo/puya-sol/HEAD/tests/solidity-semantic-tests/out/state/block_gaslimit/C.arc56.json,2026-07-16,,0,62baccf3
https://raw.githubusercontent.com/Argimirodelpozo/puya-sol/HEAD/tests/solidity-semantic-tests/out/state/block_number/C.arc56.json,2026-07-16,,0,5301dd0b
https://raw.githubusercontent.com/Argimirodelpozo/puya-sol/HEAD/tests/solidity-semantic-tests/out/state/block_prevrandao/C.arc56.json,2026-07-16,,0,89a5ac74
https://raw.githubusercontent.com/Argimirodelpozo/puya-sol/HEAD/tests/solidity-semantic-tests/out/state/block_prevrandao_pre_paris/C.arc56.json,2026-07-16,,0,bbac2163
https://raw.githubusercontent.com/Argimirodelpozo/puya-sol/HEAD/tests/solidity-semantic-tests/out/state/block_timestamp/C.arc56.json,2026-07-16,,0,61382dba
https://raw.githubusercontent.com/Argimirodelpozo/puya-sol/HEAD/tests/solidity-semantic-tests/out/state/blockhash_basic/C.arc56.json,2026-07-16,,0,b6d86526
https://raw.githubusercontent.com/Argimirodelpozo/puya-sol/HEAD/tests/solidity-semantic-tests/out/state/gasleft/C.arc56.json,2026-07-16,,0,0cc559f9
https://raw.githubusercontent.com/Argimirodelpozo/puya-sol/HEAD/tests/solidity-semantic-tests/out/state/msg_data/C.arc56.json,2026-07-16,,0,cdf23a54
https://raw.githubusercontent.com/Argimirodelpozo/puya-sol/HEAD/tests/solidity-semantic-tests/out/state/msg_sender/C.arc56.json,2026-07-16,,0,e6feba14
https://raw.githubusercontent.com/Argimirodelpozo/puya-sol/HEAD/tests/solidity-semantic-tests/out/state/msg_sig/C.arc56.json,2026-07-16,,0,7cb39d1f
https://raw.githubusercontent.com/Argimirodelpozo/puya-sol/HEAD/tests/solidity-semantic-tests/out/state/msg_value/C.arc56.json,2026-07-16,,0,13266b40
https://raw.githubusercontent.com/Argimirodelpozo/puya-sol/HEAD/tests/solidity-semantic-tests/out/state/tx_gasprice/C.arc56.json,2026-07-16,,0,c7d235e2
https://raw.githubusercontent.com/Argimirodelpozo/puya-sol/HEAD/tests/solidity-semantic-tests/out/state/tx_origin/C.arc56.json,2026-07-16,,0,4886427b
https://raw.githubusercontent.com/Argimirodelpozo/puya-sol/HEAD/tests/solidity-semantic-tests/out/state/uncalled_blobhash/C.arc56.json,2026-07-16,,0,5658c3a9
https://raw.githubusercontent.com/Argimirodelpozo/puya-sol/HEAD/tests/solidity-semantic-tests/out/state/uncalled_blockhash/C.arc56.json,2026-07-16,,0,c5531610
https://raw.githubusercontent.com/Argimirodelpozo/puya-sol/HEAD/tests/solidity-semantic-tests/out/statements/do_while_loop_continue/test.arc56.json,2026-07-16,,0,b0803b2f
https://raw.githubusercontent.com/Argimirodelpozo/puya-sol/HEAD/tests/solidity-semantic-tests/out/statements/empty_for_loop/test.arc56.json,2026-07-16,,0,a8ecdfc4
https://raw.githubusercontent.com/Argimirodelpozo/puya-sol/HEAD/tests/solidity-semantic-tests/out/storage/accessors_mapping_for_array/test.arc56.json,2026-07-16,,0,c1331d81
https://raw.githubusercontent.com/Argimirodelpozo/puya-sol/HEAD/tests/solidity-semantic-tests/out/storage/array_accessor/test.arc56.json,2026-07-16,,0,49edad2a
https://raw.githubusercontent.com/Argimirodelpozo/puya-sol/HEAD/tests/solidity-semantic-tests/out/storage/complex_accessors/test.arc56.json,2026-07-16,,0,1abceb18
https://raw.githubusercontent.com/Argimirodelpozo/puya-sol/HEAD/tests/solidity-semantic-tests/out/storage/delete_overlapping_transient_after_inherited_storage_same_value_type/Base.arc56.json,2026-07-16,,0,2cd87230
https://raw.githubusercontent.com/Argimirodelpozo/puya-sol/HEAD/tests/solidity-semantic-tests/out/storage/delete_overlapping_transient_after_inherited_storage_same_value_type/C.arc56.json,2026-07-16,,0,931f75f5
https://raw.githubusercontent.com/Argimirodelpozo/puya-sol/HEAD/tests/solidity-semantic-tests/out/storage/delete_overlapping_transient_after_storage_array_delete_different_base_type/C.arc56.json,2026-07-16,,0,5ac751e7
https://raw.githubusercontent.com/Argimirodelpozo/puya-sol/HEAD/tests/solidity-semantic-tests/out/storage/delete_overlapping_transient_after_storage_array_pop_same_base_type/C.arc56.json,2026-07-16,,0,da09abe6
https://raw.githubusercontent.com/Argimirodelpozo/puya-sol/HEAD/tests/solidity-semantic-tests/out/storage/delete_overlapping_transient_after_storage_delete_same_value_type/C.arc56.json,2026-07-16,,0,aec9113d
https://raw.githubusercontent.com/Argimirodelpozo/puya-sol/HEAD/tests/solidity-semantic-tests/out/storage/delete_overlapping_transient_after_storage_mapping_delete_same_value_type/C.arc56.json,2026-07-16,,0,729813f6
https://raw.githubusercontent.com/Argimirodelpozo/puya-sol/HEAD/tests/solidity-semantic-tests/out/storage/delete_overlapping_transient_after_storage_struct_delete_same_value_type/C.arc56.json,2026-07-16,,0,733f526d
https://raw.githubusercontent.com/Argimirodelpozo/puya-sol/HEAD/tests/solidity-semantic-tests/out/storage/delete_overlapping_transient_before_inherited_storage_same_value_type/Base.arc56.json,2026-07-16,,0,bf9a7da9
https://raw.githubusercontent.com/Argimirodelpozo/puya-sol/HEAD/tests/solidity-semantic-tests/out/storage/delete_overlapping_transient_before_inherited_storage_same_value_type/C.arc56.json,2026-07-16,,0,36c9bb36
https://raw.githubusercontent.com/Argimirodelpozo/puya-sol/HEAD/tests/solidity-semantic-tests/out/storage/delete_overlapping_transient_before_storage_array_delete_different_base_type/C.arc56.json,2026-07-16,,0,d7a9239b
https://raw.githubusercontent.com/Argimirodelpozo/puya-sol/HEAD/tests/solidity-semantic-tests/out/storage/delete_overlapping_transient_before_storage_array_partial_assignment_same_base_type/C.arc56.json,2026-07-16,,0,caa0d287
https://raw.githubusercontent.com/Argimirodelpozo/puya-sol/HEAD/tests/solidity-semantic-tests/out/storage/delete_overlapping_transient_before_storage_delete_same_value_type/C.arc56.json,2026-07-16,,0,7b2660bb
https://raw.githubusercontent.com/Argimirodelpozo/puya-sol/HEAD/tests/solidity-semantic-tests/out/storage/delete_overlapping_transient_before_storage_mapping_delete_same_value_type/C.arc56.json,2026-07-16,,0,e906b8ba
https://raw.githubusercontent.com/Argimirodelpozo/puya-sol/HEAD/tests/solidity-semantic-tests/out/storage/delete_overlapping_transient_before_storage_struct_delete_same_value_type/C.arc56.json,2026-07-16,,0,8bdaeaa3
https://raw.githubusercontent.com/Argimirodelpozo/puya-sol/HEAD/tests/solidity-semantic-tests/out/storage/empty_nonempty_empty/Test.arc56.json,2026-07-16,,0,d834b29e
https://raw.githubusercontent.com/Argimirodelpozo/puya-sol/HEAD/tests/solidity-semantic-tests/out/storage/mapping_state/Ballot.arc56.json,2026-07-16,,0,f4d0dcb6
https://raw.githubusercontent.com/Argimirodelpozo/puya-sol/HEAD/tests/solidity-semantic-tests/out/storage/mapping_string_key/C.arc56.json,2026-07-16,,0,15c15ed3
https://raw.githubusercontent.com/Argimirodelpozo/puya-sol/HEAD/tests/solidity-semantic-tests/out/storage/mappings_array2d_pop_delete/C.arc56.json,2026-07-16,,0,6a9ffb0d
https://raw.githubusercontent.com/Argimirodelpozo/puya-sol/HEAD/tests/solidity-semantic-tests/out/storage/mappings_array_pop_delete/C.arc56.json,2026-07-16,,0,c1b014ef
https://raw.githubusercontent.com/Argimirodelpozo/puya-sol/HEAD/tests/solidity-semantic-tests/out/storage/packed_functions/C.arc56.json,2026-07-16,,0,fbb54c54
https://raw.githubusercontent.com/Argimirodelpozo/puya-sol/HEAD/tests/solidity-semantic-tests/out/storage/packed_storage_overflow/C.arc56.json,2026-07-16,,0,1e477049
https://raw.githubusercontent.com/Argimirodelpozo/puya-sol/HEAD/tests/solidity-semantic-tests/out/storage/packed_storage_signed/C.arc56.json,2026-07-16,,0,04e8623f
https://raw.githubusercontent.com/Argimirodelpozo/puya-sol/HEAD/tests/solidity-semantic-tests/out/storage/packed_storage_structs_bytes/C.arc56.json,2026-07-16,,0,1a0e1de5
https://raw.githubusercontent.com/Argimirodelpozo/puya-sol/HEAD/tests/solidity-semantic-tests/out/storage/packed_storage_structs_enum/C.arc56.json,2026-07-16,,0,b7877053
https://raw.githubusercontent.com/Argimirodelpozo/puya-sol/HEAD/tests/solidity-semantic-tests/out/storage/packed_storage_structs_uint/C.arc56.json,2026-07-16,,0,19544589
https://raw.githubusercontent.com/Argimirodelpozo/puya-sol/HEAD/tests/solidity-semantic-tests/out/storage/simple_accessor/test.arc56.json,2026-07-16,,0,dcb80ddf
https://raw.githubusercontent.com/Argimirodelpozo/puya-sol/HEAD/tests/solidity-semantic-tests/out/storage/state_smoke_test/test.arc56.json,2026-07-16,,0,ccd27f98
https://raw.githubusercontent.com/Argimirodelpozo/puya-sol/HEAD/tests/solidity-semantic-tests/out/storage/static_array_copy_cleanup/C.arc56.json,2026-07-16,,0,0799841c
https://raw.githubusercontent.com/Argimirodelpozo/puya-sol/HEAD/tests/solidity-semantic-tests/out/storage/storage_boundary_array_and_partial_assignment_with_layout/C.arc56.json,2026-07-16,,0,0dca24cc
https://raw.githubusercontent.com/Argimirodelpozo/puya-sol/HEAD/tests/solidity-semantic-tests/out/storage/storage_boundary_array_assignment/C.arc56.json,2026-07-16,,0,30d0fae0
https://raw.githubusercontent.com/Argimirodelpozo/puya-sol/HEAD/tests/solidity-semantic-tests/out/storage/storage_boundary_array_delete/C.arc56.json,2026-07-16,,0,b585f496
https://raw.githubusercontent.com/Argimirodelpozo/puya-sol/HEAD/tests/solidity-semantic-tests/out/storage/storage_boundary_array_delete_overlapping_variable/C.arc56.json,2026-07-16,,0,22723226
https://raw.githubusercontent.com/Argimirodelpozo/puya-sol/HEAD/tests/solidity-semantic-tests/out/storage/storage_boundary_array_packing_not_overlapping_variable/C.arc56.json,2026-07-16,,0,4dfd9858
https://raw.githubusercontent.com/Argimirodelpozo/puya-sol/HEAD/tests/solidity-semantic-tests/out/storage/storage_boundary_array_partial_assignment/C.arc56.json,2026-07-16,,0,15f46de6
https://raw.githubusercontent.com/Argimirodelpozo/puya-sol/HEAD/tests/solidity-semantic-tests/out/storage/storage_boundary_delete_overflow_bug/C.arc56.json,2026-07-16,,0,dd596c31
https://raw.githubusercontent.com/Argimirodelpozo/puya-sol/HEAD/tests/solidity-semantic-tests/out/storage/storage_boundary_packed_array/C.arc56.json,2026-07-16,,0,40909960
https://raw.githubusercontent.com/Argimirodelpozo/puya-sol/HEAD/tests/solidity-semantic-tests/out/storage/struct_accessor/test.arc56.json,2026-07-16,,0,34105539
https://raw.githubusercontent.com/Argimirodelpozo/puya-sol/HEAD/tests/solidity-semantic-tests/out/storageLayoutSpecifier/base_slot_max_value/C.arc56.json,2026-07-16,,0,c0e7ad6e
https://raw.githubusercontent.com/Argimirodelpozo/puya-sol/HEAD/tests/solidity-semantic-tests/out/storageLayoutSpecifier/constructor/A.arc56.json,2026-07-16,,0,ec75ba24
https://raw.githubusercontent.com/Argimirodelpozo/puya-sol/HEAD/tests/solidity-semantic-tests/out/storageLayoutSpecifier/constructor/B.arc56.json,2026-07-16,,0,caf6cbcb
https://raw.githubusercontent.com/Argimirodelpozo/puya-sol/HEAD/tests/solidity-semantic-tests/out/storageLayoutSpecifier/constructor/C.arc56.json,2026-07-16,,0,b3cc067f
https://raw.githubusercontent.com/Argimirodelpozo/puya-sol/HEAD/tests/solidity-semantic-tests/out/storageLayoutSpecifier/delete/C.arc56.json,2026-07-16,,0,d843b991
https://raw.githubusercontent.com/Argimirodelpozo/puya-sol/HEAD/tests/solidity-semantic-tests/out/storageLayoutSpecifier/delete_transient_storage/C.arc56.json,2026-07-16,,0,6c98c992
https://raw.githubusercontent.com/Argimirodelpozo/puya-sol/HEAD/tests/solidity-semantic-tests/out/storageLayoutSpecifier/dynamic_array_storage_end/C.arc56.json,2026-07-16,,0,12223b43
https://raw.githubusercontent.com/Argimirodelpozo/puya-sol/HEAD/tests/solidity-semantic-tests/out/storageLayoutSpecifier/function_from_base_contract/A.arc56.json,2026-07-16,,0,e718d6e4
https://raw.githubusercontent.com/Argimirodelpozo/puya-sol/HEAD/tests/solidity-semantic-tests/out/storageLayoutSpecifier/function_from_base_contract/B.arc56.json,2026-07-16,,0,6536a7c0
https://raw.githubusercontent.com/Argimirodelpozo/puya-sol/HEAD/tests/solidity-semantic-tests/out/storageLayoutSpecifier/function_from_base_contract/C.arc56.json,2026-07-16,,0,274ab419
https://raw.githubusercontent.com/Argimirodelpozo/puya-sol/HEAD/tests/solidity-semantic-tests/out/storageLayoutSpecifier/getters/C.arc56.json,2026-07-16,,0,1759e072
https://raw.githubusercontent.com/Argimirodelpozo/puya-sol/HEAD/tests/solidity-semantic-tests/out/storageLayoutSpecifier/inheritance_from_abstract_contract/C.arc56.json,2026-07-16,,0,b892c0d6
https://raw.githubusercontent.com/Argimirodelpozo/puya-sol/HEAD/tests/solidity-semantic-tests/out/storageLayoutSpecifier/inheritance_from_interface/C.arc56.json,2026-07-16,,0,c12899d0
https://raw.githubusercontent.com/Argimirodelpozo/puya-sol/HEAD/tests/solidity-semantic-tests/out/storageLayoutSpecifier/inheritance_from_same_base_state_var_slots/A.arc56.json,2026-07-16,,0,eef31843
https://raw.githubusercontent.com/Argimirodelpozo/puya-sol/HEAD/tests/solidity-semantic-tests/out/storageLayoutSpecifier/inheritance_from_same_base_state_var_slots/B.arc56.json,2026-07-16,,0,207173a4
https://raw.githubusercontent.com/Argimirodelpozo/puya-sol/HEAD/tests/solidity-semantic-tests/out/storageLayoutSpecifier/inheritance_from_same_base_state_var_slots/C.arc56.json,2026-07-16,,0,94146244
https://raw.githubusercontent.com/Argimirodelpozo/puya-sol/HEAD/tests/solidity-semantic-tests/out/storageLayoutSpecifier/inheritance_from_same_base_state_var_slots/Test.arc56.json,2026-07-16,,0,62dda58c
https://raw.githubusercontent.com/Argimirodelpozo/puya-sol/HEAD/tests/solidity-semantic-tests/out/storageLayoutSpecifier/inheritance_simple/A.arc56.json,2026-07-16,,0,02bb1943
https://raw.githubusercontent.com/Argimirodelpozo/puya-sol/HEAD/tests/solidity-semantic-tests/out/storageLayoutSpecifier/inheritance_simple/C.arc56.json,2026-07-16,,0,cacb83fe
https://raw.githubusercontent.com/Argimirodelpozo/puya-sol/HEAD/tests/solidity-semantic-tests/out/storageLayoutSpecifier/inheritance_state_variable_slot_offset/A.arc56.json,2026-07-16,,0,ae99b079
https://raw.githubusercontent.com/Argimirodelpozo/puya-sol/HEAD/tests/solidity-semantic-tests/out/storageLayoutSpecifier/inheritance_state_variable_slot_offset/C.arc56.json,2026-07-16,,0,cd2bd157
https://raw.githubusercontent.com/Argimirodelpozo/puya-sol/HEAD/tests/solidity-semantic-tests/out/storageLayoutSpecifier/inline_assembly_direct_load/C.arc56.json,2026-07-16,,0,6b15e0b5
https://raw.githubusercontent.com/Argimirodelpozo/puya-sol/HEAD/tests/solidity-semantic-tests/out/storageLayoutSpecifier/inline_assembly_direct_store/C.arc56.json,2026-07-16,,0,76eeb41e
https://raw.githubusercontent.com/Argimirodelpozo/puya-sol/HEAD/tests/solidity-semantic-tests/out/storageLayoutSpecifier/last_allowed_storage_slot/C.arc56.json,2026-07-16,,0,12f65be0
https://raw.githubusercontent.com/Argimirodelpozo/puya-sol/HEAD/tests/solidity-semantic-tests/out/storageLayoutSpecifier/mapping_storage_end/C.arc56.json,2026-07-16,,0,51d7bb12
https://raw.githubusercontent.com/Argimirodelpozo/puya-sol/HEAD/tests/solidity-semantic-tests/out/storageLayoutSpecifier/multiple_inheritance/A.arc56.json,2026-07-16,,0,04133923
https://raw.githubusercontent.com/Argimirodelpozo/puya-sol/HEAD/tests/solidity-semantic-tests/out/storageLayoutSpecifier/multiple_inheritance/B.arc56.json,2026-07-16,,0,28e48d8b
https://raw.githubusercontent.com/Argimirodelpozo/puya-sol/HEAD/tests/solidity-semantic-tests/out/storageLayoutSpecifier/multiple_inheritance/C.arc56.json,2026-07-16,,0,c9816820
https://raw.githubusercontent.com/Argimirodelpozo/puya-sol/HEAD/tests/solidity-semantic-tests/out/storageLayoutSpecifier/multiple_inheritance/D.arc56.json,2026-07-16,,0,0d6bbce0
https://raw.githubusercontent.com/Argimirodelpozo/puya-sol/HEAD/tests/solidity-semantic-tests/out/storageLayoutSpecifier/multiple_inheritance_state_var_slots/A.arc56.json,2026-07-16,,0,a16b9f85
https://raw.githubusercontent.com/Argimirodelpozo/puya-sol/HEAD/tests/solidity-semantic-tests/out/storageLayoutSpecifier/multiple_inheritance_state_var_slots/B.arc56.json,2026-07-16,,0,c8026811
https://raw.githubusercontent.com/Argimirodelpozo/puya-sol/HEAD/tests/solidity-semantic-tests/out/storageLayoutSpecifier/multiple_inheritance_state_var_slots/C.arc56.json,2026-07-16,,0,644ff7f1
https://raw.githubusercontent.com/Argimirodelpozo/puya-sol/HEAD/tests/solidity-semantic-tests/out/storageLayoutSpecifier/multiple_inheritance_state_var_slots/D.arc56.json,2026-07-16,,0,eef7cdf0
https://raw.githubusercontent.com/Argimirodelpozo/puya-sol/HEAD/tests/solidity-semantic-tests/out/storageLayoutSpecifier/state_variable_arithmetic_expression/C.arc56.json,2026-07-16,,0,90345b64
https://raw.githubusercontent.com/Argimirodelpozo/puya-sol/HEAD/tests/solidity-semantic-tests/out/storageLayoutSpecifier/state_variable_constant_and_immutable/C.arc56.json,2026-07-16,,0,43726c4c
https://raw.githubusercontent.com/Argimirodelpozo/puya-sol/HEAD/tests/solidity-semantic-tests/out/storageLayoutSpecifier/state_variable_dynamic_array/A.arc56.json,2026-07-16,,0,a777b2e3
https://raw.githubusercontent.com/Argimirodelpozo/puya-sol/HEAD/tests/solidity-semantic-tests/out/storageLayoutSpecifier/state_variable_dynamic_array/C.arc56.json,2026-07-16,,0,1a60e7a2
https://raw.githubusercontent.com/Argimirodelpozo/puya-sol/HEAD/tests/solidity-semantic-tests/out/storageLayoutSpecifier/state_variable_enum/C.arc56.json,2026-07-16,,0,af2c8a45
https://raw.githubusercontent.com/Argimirodelpozo/puya-sol/HEAD/tests/solidity-semantic-tests/out/storageLayoutSpecifier/state_variable_mapping/A.arc56.json,2026-07-16,,0,50f5466a
https://raw.githubusercontent.com/Argimirodelpozo/puya-sol/HEAD/tests/solidity-semantic-tests/out/storageLayoutSpecifier/state_variable_mapping/C.arc56.json,2026-07-16,,0,36e5a952
https://raw.githubusercontent.com/Argimirodelpozo/puya-sol/HEAD/tests/solidity-semantic-tests/out/storageLayoutSpecifier/state_variable_reference_types_slot_offset/A.arc56.json,2026-07-16,,0,9037ba1b
https://raw.githubusercontent.com/Argimirodelpozo/puya-sol/HEAD/tests/solidity-semantic-tests/out/storageLayoutSpecifier/state_variable_reference_types_slot_offset/C.arc56.json,2026-07-16,,0,5cd7058a
https://raw.githubusercontent.com/Argimirodelpozo/puya-sol/HEAD/tests/solidity-semantic-tests/out/storageLayoutSpecifier/state_variable_slot_offset/C.arc56.json,2026-07-16,,0,e61867d8
https://raw.githubusercontent.com/Argimirodelpozo/puya-sol/HEAD/tests/solidity-semantic-tests/out/storageLayoutSpecifier/state_variable_struct/A.arc56.json,2026-07-16,,0,2f39d06a
https://raw.githubusercontent.com/Argimirodelpozo/puya-sol/HEAD/tests/solidity-semantic-tests/out/storageLayoutSpecifier/state_variable_struct/C.arc56.json,2026-07-16,,0,8ab2f71f
https://raw.githubusercontent.com/Argimirodelpozo/puya-sol/HEAD/tests/solidity-semantic-tests/out/storageLayoutSpecifier/state_variables_transient/C.arc56.json,2026-07-17,,0,ee613571
https://raw.githubusercontent.com/Argimirodelpozo/puya-sol/HEAD/tests/solidity-semantic-tests/out/storageLayoutSpecifier/storage_reference_array/C.arc56.json,2026-07-16,,0,4b33da0f
https://raw.githubusercontent.com/Argimirodelpozo/puya-sol/HEAD/tests/solidity-semantic-tests/out/storageLayoutSpecifier/storage_reference_inheritance/A.arc56.json,2026-07-16,,0,cdd809af
https://raw.githubusercontent.com/Argimirodelpozo/puya-sol/HEAD/tests/solidity-semantic-tests/out/storageLayoutSpecifier/storage_reference_inheritance/C.arc56.json,2026-07-16,,0,8e87ec5a
https://raw.githubusercontent.com/Argimirodelpozo/puya-sol/HEAD/tests/solidity-semantic-tests/out/storageLayoutSpecifier/storage_reference_library_function/A.arc56.json,2026-07-16,,0,13be4ec7
https://raw.githubusercontent.com/Argimirodelpozo/puya-sol/HEAD/tests/solidity-semantic-tests/out/storageLayoutSpecifier/storage_reference_library_function/C.arc56.json,2026-07-16,,0,e334ad61
https://raw.githubusercontent.com/Argimirodelpozo/puya-sol/HEAD/tests/solidity-semantic-tests/out/storageLayoutSpecifier/transient_state_variable_slot_offset/C.arc56.json,2026-07-16,,0,b429afbc
https://raw.githubusercontent.com/Argimirodelpozo/puya-sol/HEAD/tests/solidity-semantic-tests/out/storageLayoutSpecifier/variable_cleanup/C.arc56.json,2026-07-16,,0,fabd2eac
https://raw.githubusercontent.com/Argimirodelpozo/puya-sol/HEAD/tests/solidity-semantic-tests/out/storageLayoutSpecifier/variable_cleanup_sstore/C.arc56.json,2026-07-16,,0,f2b67a4e
https://raw.githubusercontent.com/Argimirodelpozo/puya-sol/HEAD/tests/solidity-semantic-tests/out/storageLayoutSpecifier/virtual_functions/B.arc56.json,2026-07-16,,0,e44e077e
https://raw.githubusercontent.com/Argimirodelpozo/puya-sol/HEAD/tests/solidity-semantic-tests/out/storageLayoutSpecifier/virtual_functions/C.arc56.json,2026-07-16,,0,184bae87
https://raw.githubusercontent.com/Argimirodelpozo/puya-sol/HEAD/tests/solidity-semantic-tests/out/strings/constant_string_literal/Test.arc56.json,2026-07-16,,0,cc6c7717
https://raw.githubusercontent.com/Argimirodelpozo/puya-sol/HEAD/tests/solidity-semantic-tests/out/strings/empty_storage_string/C.arc56.json,2026-07-16,,0,ce44cf99
https://raw.githubusercontent.com/Argimirodelpozo/puya-sol/HEAD/tests/solidity-semantic-tests/out/strings/empty_string/C.arc56.json,2026-07-16,,0,33aa696e
https://raw.githubusercontent.com/Argimirodelpozo/puya-sol/HEAD/tests/solidity-semantic-tests/out/strings/empty_string_input/C.arc56.json,2026-07-16,,0,94f0ee49
https://raw.githubusercontent.com/Argimirodelpozo/puya-sol/HEAD/tests/solidity-semantic-tests/out/strings/return_string/Main.arc56.json,2026-07-16,,0,b5af7aa8
https://raw.githubusercontent.com/Argimirodelpozo/puya-sol/HEAD/tests/solidity-semantic-tests/out/strings/string_escapes/test.arc56.json,2026-07-16,,0,8c138829
https://raw.githubusercontent.com/Argimirodelpozo/puya-sol/HEAD/tests/solidity-semantic-tests/out/strings/unicode_escapes/C.arc56.json,2026-07-16,,0,89916aab
https://raw.githubusercontent.com/Argimirodelpozo/puya-sol/HEAD/tests/solidity-semantic-tests/out/strings/unicode_string/C.arc56.json,2026-07-16,,0,68ef46b7
https://raw.githubusercontent.com/Argimirodelpozo/puya-sol/HEAD/tests/solidity-semantic-tests/out/struct/struct_function/C.arc56.json,2026-07-16,,0,21a6c868
https://raw.githubusercontent.com/Argimirodelpozo/puya-sol/HEAD/tests/solidity-semantic-tests/out/struct/struct_short/C.arc56.json,2026-07-16,,0,f4a6ace0
https://raw.githubusercontent.com/Argimirodelpozo/puya-sol/HEAD/tests/solidity-semantic-tests/out/struct/struct_simple/C.arc56.json,2026-07-16,,0,f082b1b9
https://raw.githubusercontent.com/Argimirodelpozo/puya-sol/HEAD/tests/solidity-semantic-tests/out/struct/struct_validation/C.arc56.json,2026-07-16,,0,0d67c2b0
https://raw.githubusercontent.com/Argimirodelpozo/puya-sol/HEAD/tests/solidity-semantic-tests/out/structs/array_of_recursive_struct/Test.arc56.json,2026-07-16,,0,ed9e26ba
https://raw.githubusercontent.com/Argimirodelpozo/puya-sol/HEAD/tests/solidity-semantic-tests/out/structs/copy_from_mapping/C.arc56.json,2026-07-16,,0,2ae320d1
https://raw.githubusercontent.com/Argimirodelpozo/puya-sol/HEAD/tests/solidity-semantic-tests/out/structs/copy_from_storage/C.arc56.json,2026-07-16,,0,71667d50
https://raw.githubusercontent.com/Argimirodelpozo/puya-sol/HEAD/tests/solidity-semantic-tests/out/structs/copy_struct_with_nested_array_from_calldata_to_memory/C.arc56.json,2026-07-16,,0,9f29b86e
https://raw.githubusercontent.com/Argimirodelpozo/puya-sol/HEAD/tests/solidity-semantic-tests/out/structs/copy_struct_with_nested_array_from_calldata_to_storage/C.arc56.json,2026-07-16,,0,cb5f27b4
https://raw.githubusercontent.com/Argimirodelpozo/puya-sol/HEAD/tests/solidity-semantic-tests/out/structs/copy_struct_with_nested_array_from_memory_to_memory/C.arc56.json,2026-07-16,,0,e2b81c3e
https://raw.githubusercontent.com/Argimirodelpozo/puya-sol/HEAD/tests/solidity-semantic-tests/out/structs/copy_struct_with_nested_array_from_storage_to_storage/C.arc56.json,2026-07-16,,0,ac23b832
https://raw.githubusercontent.com/Argimirodelpozo/puya-sol/HEAD/tests/solidity-semantic-tests/out/structs/copy_substructures_from_mapping/C.arc56.json,2026-07-16,,0,8953911c
https://raw.githubusercontent.com/Argimirodelpozo/puya-sol/HEAD/tests/solidity-semantic-tests/out/structs/copy_substructures_to_mapping/C.arc56.json,2026-07-16,,0,154bc1ec
https://raw.githubusercontent.com/Argimirodelpozo/puya-sol/HEAD/tests/solidity-semantic-tests/out/structs/copy_to_mapping/C.arc56.json,2026-07-16,,0,9939f320
https://raw.githubusercontent.com/Argimirodelpozo/puya-sol/HEAD/tests/solidity-semantic-tests/out/structs/delete_struct/test.arc56.json,2026-07-16,,0,6e029652
https://raw.githubusercontent.com/Argimirodelpozo/puya-sol/HEAD/tests/solidity-semantic-tests/out/structs/event/C.arc56.json,2026-07-16,,0,3e6cffdb
https://raw.githubusercontent.com/Argimirodelpozo/puya-sol/HEAD/tests/solidity-semantic-tests/out/structs/function_type_copy/C.arc56.json,2026-07-16,,0,73fbecde
https://raw.githubusercontent.com/Argimirodelpozo/puya-sol/HEAD/tests/solidity-semantic-tests/out/structs/function_type_copy/Test.arc56.json,2026-07-16,,0,570cf268
https://raw.githubusercontent.com/Argimirodelpozo/puya-sol/HEAD/tests/solidity-semantic-tests/out/structs/global/C.arc56.json,2026-07-16,,0,137cfbdd
https://raw.githubusercontent.com/Argimirodelpozo/puya-sol/HEAD/tests/solidity-semantic-tests/out/structs/lone_struct_array_type/C.arc56.json,2026-07-16,,0,ee6c2592
https://raw.githubusercontent.com/Argimirodelpozo/puya-sol/HEAD/tests/solidity-semantic-tests/out/structs/memory_struct_named_constructor/C.arc56.json,2026-07-16,,0,256139a2
https://raw.githubusercontent.com/Argimirodelpozo/puya-sol/HEAD/tests/solidity-semantic-tests/out/structs/memory_structs_as_function_args/Test.arc56.json,2026-07-16,,0,f072cffc
https://raw.githubusercontent.com/Argimirodelpozo/puya-sol/HEAD/tests/solidity-semantic-tests/out/structs/memory_structs_nested/Test.arc56.json,2026-07-16,,0,bf4c04b2
https://raw.githubusercontent.com/Argimirodelpozo/puya-sol/HEAD/tests/solidity-semantic-tests/out/structs/memory_structs_nested_load/Test.arc56.json,2026-07-16,,0,3ab2c81d
https://raw.githubusercontent.com/Argimirodelpozo/puya-sol/HEAD/tests/solidity-semantic-tests/out/structs/memory_structs_read_write/Test.arc56.json,2026-07-16,,0,eba75fdb
https://raw.githubusercontent.com/Argimirodelpozo/puya-sol/HEAD/tests/solidity-semantic-tests/out/structs/msg_data_to_struct_member_copy/C.arc56.json,2026-07-16,,0,09a51cd8
https://raw.githubusercontent.com/Argimirodelpozo/puya-sol/HEAD/tests/solidity-semantic-tests/out/structs/multislot_struct_allocation/C.arc56.json,2026-07-16,,0,06020ef4
https://raw.githubusercontent.com/Argimirodelpozo/puya-sol/HEAD/tests/solidity-semantic-tests/out/structs/nested_struct_allocation/C.arc56.json,2026-07-16,,0,20bb3650
https://raw.githubusercontent.com/Argimirodelpozo/puya-sol/HEAD/tests/solidity-semantic-tests/out/structs/packed_storage_structs_delete/C.arc56.json,2026-07-16,,0,578c05aa
https://raw.githubusercontent.com/Argimirodelpozo/puya-sol/HEAD/tests/solidity-semantic-tests/out/structs/recursive_structs/C.arc56.json,2026-07-16,,0,59dee616
https://raw.githubusercontent.com/Argimirodelpozo/puya-sol/HEAD/tests/solidity-semantic-tests/out/structs/simple_struct_allocation/C.arc56.json,2026-07-16,,0,23bc758e
https://raw.githubusercontent.com/Argimirodelpozo/puya-sol/HEAD/tests/solidity-semantic-tests/out/structs/struct_assign_reference_to_struct/test.arc56.json,2026-07-16,,0,1c17e1be
https://raw.githubusercontent.com/Argimirodelpozo/puya-sol/HEAD/tests/solidity-semantic-tests/out/structs/struct_constructor_nested/C.arc56.json,2026-07-16,,0,a6b468d2
https://raw.githubusercontent.com/Argimirodelpozo/puya-sol/HEAD/tests/solidity-semantic-tests/out/structs/struct_containing_bytes_copy_and_delete/c.arc56.json,2026-07-16,,0,9e71e392
https://raw.githubusercontent.com/Argimirodelpozo/puya-sol/HEAD/tests/solidity-semantic-tests/out/structs/struct_copy/c.arc56.json,2026-07-16,,0,ba2ed25d
https://raw.githubusercontent.com/Argimirodelpozo/puya-sol/HEAD/tests/solidity-semantic-tests/out/structs/struct_copy_via_local/c.arc56.json,2026-07-16,,0,73fb5700
https://raw.githubusercontent.com/Argimirodelpozo/puya-sol/HEAD/tests/solidity-semantic-tests/out/structs/struct_delete_member/test.arc56.json,2026-07-16,,0,4345527e
https://raw.githubusercontent.com/Argimirodelpozo/puya-sol/HEAD/tests/solidity-semantic-tests/out/structs/struct_delete_storage/C.arc56.json,2026-07-16,,0,ecc68405
https://raw.githubusercontent.com/Argimirodelpozo/puya-sol/HEAD/tests/solidity-semantic-tests/out/structs/struct_delete_storage_small/C.arc56.json,2026-07-16,,0,4de85cdd
https://raw.githubusercontent.com/Argimirodelpozo/puya-sol/HEAD/tests/solidity-semantic-tests/out/structs/struct_delete_storage_with_array/C.arc56.json,2026-07-16,,0,3fc3435b
https://raw.githubusercontent.com/Argimirodelpozo/puya-sol/HEAD/tests/solidity-semantic-tests/out/structs/struct_delete_storage_with_arrays_small/C.arc56.json,2026-07-16,,0,f26a0cfe
https://raw.githubusercontent.com/Argimirodelpozo/puya-sol/HEAD/tests/solidity-semantic-tests/out/structs/struct_delete_struct_in_mapping/test.arc56.json,2026-07-16,,0,84b171db
https://raw.githubusercontent.com/Argimirodelpozo/puya-sol/HEAD/tests/solidity-semantic-tests/out/structs/struct_memory_to_storage/C.arc56.json,2026-07-16,,0,afa12379
https://raw.githubusercontent.com/Argimirodelpozo/puya-sol/HEAD/tests/solidity-semantic-tests/out/structs/struct_memory_to_storage_function_ptr/C.arc56.json,2026-07-16,,0,0eb2e011
https://raw.githubusercontent.com/Argimirodelpozo/puya-sol/HEAD/tests/solidity-semantic-tests/out/structs/struct_named_constructor/C.arc56.json,2026-07-16,,0,fe596f9a
https://raw.githubusercontent.com/Argimirodelpozo/puya-sol/HEAD/tests/solidity-semantic-tests/out/structs/struct_reference/test.arc56.json,2026-07-16,,0,3a4125d9
https://raw.githubusercontent.com/Argimirodelpozo/puya-sol/HEAD/tests/solidity-semantic-tests/out/structs/struct_referencing/C.arc56.json,2026-07-16,,0,53048f26
https://raw.githubusercontent.com/Argimirodelpozo/puya-sol/HEAD/tests/solidity-semantic-tests/out/structs/struct_storage_push_zero_value/C.arc56.json,2026-07-16,,0,55af5875
https://raw.githubusercontent.com/Argimirodelpozo/puya-sol/HEAD/tests/solidity-semantic-tests/out/structs/struct_storage_to_mapping/C.arc56.json,2026-07-16,,0,c92ed84b
https://raw.githubusercontent.com/Argimirodelpozo/puya-sol/HEAD/tests/solidity-semantic-tests/out/structs/struct_storage_to_memory/C.arc56.json,2026-07-16,,0,209a9aa6
https://raw.githubusercontent.com/Argimirodelpozo/puya-sol/HEAD/tests/solidity-semantic-tests/out/structs/struct_storage_to_memory_function_ptr/C.arc56.json,2026-07-16,,0,cbe2b304
https://raw.githubusercontent.com/Argimirodelpozo/puya-sol/HEAD/tests/solidity-semantic-tests/out/structs/structs/test.arc56.json,2026-07-16,,0,98c55da2
https://raw.githubusercontent.com/Argimirodelpozo/puya-sol/HEAD/tests/solidity-semantic-tests/out/structs/using_for_function_on_struct/C.arc56.json,2026-07-16,,0,6ab105aa
https://raw.githubusercontent.com/Argimirodelpozo/puya-sol/HEAD/tests/solidity-semantic-tests/out/tryCatch/assert/C.arc56.json,2026-07-16,,0,ce130a70
https://raw.githubusercontent.com/Argimirodelpozo/puya-sol/HEAD/tests/solidity-semantic-tests/out/tryCatch/assert_pre_byzantium/C.arc56.json,2026-07-16,,0,3682ef2f
https://raw.githubusercontent.com/Argimirodelpozo/puya-sol/HEAD/tests/solidity-semantic-tests/out/tryCatch/invalid_error_encoding/C.arc56.json,2026-07-16,,0,dfa41876
https://raw.githubusercontent.com/Argimirodelpozo/puya-sol/HEAD/tests/solidity-semantic-tests/out/tryCatch/lowLevel/C.arc56.json,2026-07-16,,0,eae81525
https://raw.githubusercontent.com/Argimirodelpozo/puya-sol/HEAD/tests/solidity-semantic-tests/out/tryCatch/malformed_error/C.arc56.json,2026-07-16,,0,fd35e596
https://raw.githubusercontent.com/Argimirodelpozo/puya-sol/HEAD/tests/solidity-semantic-tests/out/tryCatch/malformed_panic/C.arc56.json,2026-07-16,,0,5bdd223a
https://raw.githubusercontent.com/Argimirodelpozo/puya-sol/HEAD/tests/solidity-semantic-tests/out/tryCatch/malformed_panic_2/C.arc56.json,2026-07-16,,0,a1fb25e3
https://raw.githubusercontent.com/Argimirodelpozo/puya-sol/HEAD/tests/solidity-semantic-tests/out/tryCatch/malformed_panic_3/C.arc56.json,2026-07-16,,0,c11f0655
https://raw.githubusercontent.com/Argimirodelpozo/puya-sol/HEAD/tests/solidity-semantic-tests/out/tryCatch/malformed_panic_4/C.arc56.json,2026-07-16,,0,5913ff50
https://raw.githubusercontent.com/Argimirodelpozo/puya-sol/HEAD/tests/solidity-semantic-tests/out/tryCatch/nested/C.arc56.json,2026-07-16,,0,7cfb0c87
https://raw.githubusercontent.com/Argimirodelpozo/puya-sol/HEAD/tests/solidity-semantic-tests/out/tryCatch/panic/C.arc56.json,2026-07-16,,0,845778ba
https://raw.githubusercontent.com/Argimirodelpozo/puya-sol/HEAD/tests/solidity-semantic-tests/out/tryCatch/require/C.arc56.json,2026-07-16,,0,3b8f3f42
https://raw.githubusercontent.com/Argimirodelpozo/puya-sol/HEAD/tests/solidity-semantic-tests/out/tryCatch/require_pre_byzantium/C.arc56.json,2026-07-16,,0,68a81e16
https://raw.githubusercontent.com/Argimirodelpozo/puya-sol/HEAD/tests/solidity-semantic-tests/out/tryCatch/return_function/C.arc56.json,2026-07-16,,0,2633dd69
https://raw.githubusercontent.com/Argimirodelpozo/puya-sol/HEAD/tests/solidity-semantic-tests/out/tryCatch/simple/C.arc56.json,2026-07-16,,0,69ef1d31
https://raw.githubusercontent.com/Argimirodelpozo/puya-sol/HEAD/tests/solidity-semantic-tests/out/tryCatch/simple_notuple/C.arc56.json,2026-07-16,,0,1f222446
https://raw.githubusercontent.com/Argimirodelpozo/puya-sol/HEAD/tests/solidity-semantic-tests/out/tryCatch/structured/C.arc56.json,2026-07-16,,0,674c5c4c
https://raw.githubusercontent.com/Argimirodelpozo/puya-sol/HEAD/tests/solidity-semantic-tests/out/tryCatch/structuredAndLowLevel/C.arc56.json,2026-07-16,,0,cec69cfb
https://raw.githubusercontent.com/Argimirodelpozo/puya-sol/HEAD/tests/solidity-semantic-tests/out/tryCatch/try_catch_library_call/C.arc56.json,2026-07-16,,0,1495c8b5
https://raw.githubusercontent.com/Argimirodelpozo/puya-sol/HEAD/tests/solidity-semantic-tests/out/types/array_mapping_abstract_constructor_param/C.arc56.json,2026-07-16,,0,2e1f86fc
https://raw.githubusercontent.com/Argimirodelpozo/puya-sol/HEAD/tests/solidity-semantic-tests/out/types/assign_calldata_value_type/C.arc56.json,2026-07-16,,0,032797d0
https://raw.githubusercontent.com/Argimirodelpozo/puya-sol/HEAD/tests/solidity-semantic-tests/out/types/convert_fixed_bytes_to_fixed_bytes_greater_size/Test.arc56.json,2026-07-16,,0,bb50a439
https://raw.githubusercontent.com/Argimirodelpozo/puya-sol/HEAD/tests/solidity-semantic-tests/out/types/convert_fixed_bytes_to_fixed_bytes_same_size/Test.arc56.json,2026-07-16,,0,469d498b
https://raw.githubusercontent.com/Argimirodelpozo/puya-sol/HEAD/tests/solidity-semantic-tests/out/types/convert_fixed_bytes_to_fixed_bytes_smaller_size/Test.arc56.json,2026-07-16,,0,3a92a85f
https://raw.githubusercontent.com/Argimirodelpozo/puya-sol/HEAD/tests/solidity-semantic-tests/out/types/convert_fixed_bytes_to_uint_greater_size/Test.arc56.json,2026-07-16,,0,2bc40f34
https://raw.githubusercontent.com/Argimirodelpozo/puya-sol/HEAD/tests/solidity-semantic-tests/out/types/convert_fixed_bytes_to_uint_same_min_size/Test.arc56.json,2026-07-16,,0,037acfad
https://raw.githubusercontent.com/Argimirodelpozo/puya-sol/HEAD/tests/solidity-semantic-tests/out/types/convert_fixed_bytes_to_uint_same_type/Test.arc56.json,2026-07-16,,0,ef6ce554
https://raw.githubusercontent.com/Argimirodelpozo/puya-sol/HEAD/tests/solidity-semantic-tests/out/types/convert_fixed_bytes_to_uint_smaller_size/Test.arc56.json,2026-07-16,,0,0abbb59c
https://raw.githubusercontent.com/Argimirodelpozo/puya-sol/HEAD/tests/solidity-semantic-tests/out/types/convert_uint_to_fixed_bytes_greater_size/Test.arc56.json,2026-07-16,,0,f4673ebc
https://raw.githubusercontent.com/Argimirodelpozo/puya-sol/HEAD/tests/solidity-semantic-tests/out/types/convert_uint_to_fixed_bytes_same_min_size/Test.arc56.json,2026-07-16,,0,a8c02816
https://raw.githubusercontent.com/Argimirodelpozo/puya-sol/HEAD/tests/solidity-semantic-tests/out/types/convert_uint_to_fixed_bytes_same_size/Test.arc56.json,2026-07-17,,0,e62c1b65
https://raw.githubusercontent.com/Argimirodelpozo/puya-sol/HEAD/tests/solidity-semantic-tests/out/types/convert_uint_to_fixed_bytes_smaller_size/Test.arc56.json,2026-07-16,,0,e115de0e
https://raw.githubusercontent.com/Argimirodelpozo/puya-sol/HEAD/tests/solidity-semantic-tests/out/types/external_function_to_address/C.arc56.json,2026-07-16,,0,b71a9056
https://raw.githubusercontent.com/Argimirodelpozo/puya-sol/HEAD/tests/solidity-semantic-tests/out/types/mapping_abstract_constructor_param/C.arc56.json,2026-07-16,,0,e06ad227
https://raw.githubusercontent.com/Argimirodelpozo/puya-sol/HEAD/tests/solidity-semantic-tests/out/types/mapping_contract_key/test.arc56.json,2026-07-16,,0,53b87d3a
https://raw.githubusercontent.com/Argimirodelpozo/puya-sol/HEAD/tests/solidity-semantic-tests/out/types/mapping_contract_key_getter/test.arc56.json,2026-07-16,,0,bb363cee
https://raw.githubusercontent.com/Argimirodelpozo/puya-sol/HEAD/tests/solidity-semantic-tests/out/types/mapping_contract_key_library/test.arc56.json,2026-07-16,,0,aff3e889
https://raw.githubusercontent.com/Argimirodelpozo/puya-sol/HEAD/tests/solidity-semantic-tests/out/types/mapping_enum_key_getter_v1/test.arc56.json,2026-07-16,,0,40c07adb
https://raw.githubusercontent.com/Argimirodelpozo/puya-sol/HEAD/tests/solidity-semantic-tests/out/types/mapping_enum_key_getter_v2/test.arc56.json,2026-07-16,,0,8c301c0d
https://raw.githubusercontent.com/Argimirodelpozo/puya-sol/HEAD/tests/solidity-semantic-tests/out/types/mapping_enum_key_library_v1/test.arc56.json,2026-07-16,,0,96671abf
https://raw.githubusercontent.com/Argimirodelpozo/puya-sol/HEAD/tests/solidity-semantic-tests/out/types/mapping_enum_key_library_v2/test.arc56.json,2026-07-16,,0,b6aa6307
https://raw.githubusercontent.com/Argimirodelpozo/puya-sol/HEAD/tests/solidity-semantic-tests/out/types/mapping_enum_key_v1/test.arc56.json,2026-07-16,,0,614c85f3
https://raw.githubusercontent.com/Argimirodelpozo/puya-sol/HEAD/tests/solidity-semantic-tests/out/types/mapping_enum_key_v2/test.arc56.json,2026-07-16,,0,6f45066e
https://raw.githubusercontent.com/Argimirodelpozo/puya-sol/HEAD/tests/solidity-semantic-tests/out/types/mapping_simple/test.arc56.json,2026-07-16,,0,b04c5a3b
https://raw.githubusercontent.com/Argimirodelpozo/puya-sol/HEAD/tests/solidity-semantic-tests/out/types/nested_tuples/test.arc56.json,2026-07-16,,0,bc94d3bd
https://raw.githubusercontent.com/Argimirodelpozo/puya-sol/HEAD/tests/solidity-semantic-tests/out/types/packing_signed_types/test.arc56.json,2026-07-16,,0,ecca76d6
https://raw.githubusercontent.com/Argimirodelpozo/puya-sol/HEAD/tests/solidity-semantic-tests/out/types/packing_unpacking_types/test.arc56.json,2026-07-16,,0,8206ab1e
https://raw.githubusercontent.com/Argimirodelpozo/puya-sol/HEAD/tests/solidity-semantic-tests/out/types/strings/test.arc56.json,2026-07-16,,0,64167d93
https://raw.githubusercontent.com/Argimirodelpozo/puya-sol/HEAD/tests/solidity-semantic-tests/out/types/struct_mapping_abstract_constructor_param/C.arc56.json,2026-07-16,,0,a534ca6a
https://raw.githubusercontent.com/Argimirodelpozo/puya-sol/HEAD/tests/solidity-semantic-tests/out/types/tuple_assign_multi_slot_grow/C.arc56.json,2026-07-16,,0,680a51af
https://raw.githubusercontent.com/Argimirodelpozo/puya-sol/HEAD/tests/solidity-semantic-tests/out/types/type_conversion_cleanup/Test.arc56.json,2026-07-16,,0,1e29b145
https://raw.githubusercontent.com/Argimirodelpozo/puya-sol/HEAD/tests/solidity-semantic-tests/out/underscore/as_function/C.arc56.json,2026-07-16,,0,20004cff
https://raw.githubusercontent.com/Argimirodelpozo/puya-sol/HEAD/tests/solidity-semantic-tests/out/uninitializedFunctionPointer/invalidInConstructor/C.arc56.json,2026-07-16,,0,60b845ef
https://raw.githubusercontent.com/Argimirodelpozo/puya-sol/HEAD/tests/solidity-semantic-tests/out/uninitializedFunctionPointer/invalidInConstructor/Test.arc56.json,2026-07-16,,0,53026b31
https://raw.githubusercontent.com/Argimirodelpozo/puya-sol/HEAD/tests/solidity-semantic-tests/out/uninitializedFunctionPointer/invalidStoredInConstructor/C.arc56.json,2026-07-16,,0,d35120c4
https://raw.githubusercontent.com/Argimirodelpozo/puya-sol/HEAD/tests/solidity-semantic-tests/out/uninitializedFunctionPointer/invalidStoredInConstructor/Test.arc56.json,2026-07-16,,0,cc64a713
https://raw.githubusercontent.com/Argimirodelpozo/puya-sol/HEAD/tests/solidity-semantic-tests/out/uninitializedFunctionPointer/store2/InvalidTest.arc56.json,2026-07-16,,0,5b661f62
https://raw.githubusercontent.com/Argimirodelpozo/puya-sol/HEAD/tests/solidity-semantic-tests/out/uninitializedFunctionPointer/storeInConstructor/InvalidTest.arc56.json,2026-07-16,,0,680bbe96
https://raw.githubusercontent.com/Argimirodelpozo/puya-sol/HEAD/tests/solidity-semantic-tests/out/uninitializedFunctionPointer/uninitialized_internal_storage_function_legacy/Test.arc56.json,2026-07-16,,0,5e7cf93b
https://raw.githubusercontent.com/Argimirodelpozo/puya-sol/HEAD/tests/solidity-semantic-tests/out/uninitializedFunctionPointer/uninitialized_internal_storage_function_via_yul/Test.arc56.json,2026-07-16,,0,663ee28f
https://raw.githubusercontent.com/Argimirodelpozo/puya-sol/HEAD/tests/solidity-semantic-tests/out/userDefinedValueType/abicodec/C.arc56.json,2026-07-16,,0,d0f2de87
https://raw.githubusercontent.com/Argimirodelpozo/puya-sol/HEAD/tests/solidity-semantic-tests/out/userDefinedValueType/assembly_access_bytes2_abicoder_v1/C.arc56.json,2026-07-16,,0,43724c60
https://raw.githubusercontent.com/Argimirodelpozo/puya-sol/HEAD/tests/solidity-semantic-tests/out/userDefinedValueType/assembly_access_bytes2_abicoder_v2/C.arc56.json,2026-07-16,,0,31fb2ced
https://raw.githubusercontent.com/Argimirodelpozo/puya-sol/HEAD/tests/solidity-semantic-tests/out/userDefinedValueType/calldata/C.arc56.json,2026-07-16,,0,ecef10e1
https://raw.githubusercontent.com/Argimirodelpozo/puya-sol/HEAD/tests/solidity-semantic-tests/out/userDefinedValueType/calldata_to_storage/C.arc56.json,2026-07-16,,0,137eebff
https://raw.githubusercontent.com/Argimirodelpozo/puya-sol/HEAD/tests/solidity-semantic-tests/out/userDefinedValueType/cleanup/C.arc56.json,2026-07-16,,0,a2355fca
https://raw.githubusercontent.com/Argimirodelpozo/puya-sol/HEAD/tests/solidity-semantic-tests/out/userDefinedValueType/cleanup_abicoderv1/C.arc56.json,2026-07-16,,0,0e8b7404
https://raw.githubusercontent.com/Argimirodelpozo/puya-sol/HEAD/tests/solidity-semantic-tests/out/userDefinedValueType/constant/C.arc56.json,2026-07-16,,0,01dce39a
https://raw.githubusercontent.com/Argimirodelpozo/puya-sol/HEAD/tests/solidity-semantic-tests/out/userDefinedValueType/conversion/C.arc56.json,2026-07-16,,0,17fd2613
https://raw.githubusercontent.com/Argimirodelpozo/puya-sol/HEAD/tests/solidity-semantic-tests/out/userDefinedValueType/conversion_abicoderv1/C.arc56.json,2026-07-16,,0,920ecbfb
https://raw.githubusercontent.com/Argimirodelpozo/puya-sol/HEAD/tests/solidity-semantic-tests/out/userDefinedValueType/dirty_slot/C.arc56.json,2026-07-16,,0,ae84be04
https://raw.githubusercontent.com/Argimirodelpozo/puya-sol/HEAD/tests/solidity-semantic-tests/out/userDefinedValueType/dirty_uint8_read/C.arc56.json,2026-07-16,,0,5e74281a
https://raw.githubusercontent.com/Argimirodelpozo/puya-sol/HEAD/tests/solidity-semantic-tests/out/userDefinedValueType/erc20/ERC20.arc56.json,2026-07-16,,0,772a618a
https://raw.githubusercontent.com/Argimirodelpozo/puya-sol/HEAD/tests/solidity-semantic-tests/out/userDefinedValueType/fixedpoint/TestFixedMath.arc56.json,2026-07-16,,0,3756f79b
https://raw.githubusercontent.com/Argimirodelpozo/puya-sol/HEAD/tests/solidity-semantic-tests/out/userDefinedValueType/immutable_signed/C.arc56.json,2026-07-16,,0,3a47411e
https://raw.githubusercontent.com/Argimirodelpozo/puya-sol/HEAD/tests/solidity-semantic-tests/out/userDefinedValueType/in_parenthesis/C.arc56.json,2026-07-16,,0,84921d25
https://raw.githubusercontent.com/Argimirodelpozo/puya-sol/HEAD/tests/solidity-semantic-tests/out/userDefinedValueType/mapping_key/C.arc56.json,2026-07-16,,0,6004f5f2
https://raw.githubusercontent.com/Argimirodelpozo/puya-sol/HEAD/tests/solidity-semantic-tests/out/userDefinedValueType/memory_to_storage/C.arc56.json,2026-07-16,,0,b6478957
https://raw.githubusercontent.com/Argimirodelpozo/puya-sol/HEAD/tests/solidity-semantic-tests/out/userDefinedValueType/multisource/A.arc56.json,2026-07-16,,0,21f4c8fa
https://raw.githubusercontent.com/Argimirodelpozo/puya-sol/HEAD/tests/solidity-semantic-tests/out/userDefinedValueType/multisource_module/C.arc56.json,2026-07-16,,0,df4e9fa9
https://raw.githubusercontent.com/Argimirodelpozo/puya-sol/HEAD/tests/solidity-semantic-tests/out/userDefinedValueType/ownable/Ownable.arc56.json,2026-07-16,,0,9e8ade69
https://raw.githubusercontent.com/Argimirodelpozo/puya-sol/HEAD/tests/solidity-semantic-tests/out/userDefinedValueType/parameter/C.arc56.json,2026-07-16,,0,71d8c856
https://raw.githubusercontent.com/Argimirodelpozo/puya-sol/HEAD/tests/solidity-semantic-tests/out/userDefinedValueType/simple/C.arc56.json,2026-07-16,,0,231debd9
https://raw.githubusercontent.com/Argimirodelpozo/puya-sol/HEAD/tests/solidity-semantic-tests/out/userDefinedValueType/storage_layout/C.arc56.json,2026-07-16,,0,3c795c3e
https://raw.githubusercontent.com/Argimirodelpozo/puya-sol/HEAD/tests/solidity-semantic-tests/out/userDefinedValueType/storage_layout_struct/C.arc56.json,2026-07-16,,0,a38a080e
https://raw.githubusercontent.com/Argimirodelpozo/puya-sol/HEAD/tests/solidity-semantic-tests/out/userDefinedValueType/storage_signed/C.arc56.json,2026-07-16,,0,08225b64
https://raw.githubusercontent.com/Argimirodelpozo/puya-sol/HEAD/tests/solidity-semantic-tests/out/userDefinedValueType/wrap_unwrap/C.arc56.json,2026-07-16,,0,6d3d83ef
https://raw.githubusercontent.com/Argimirodelpozo/puya-sol/HEAD/tests/solidity-semantic-tests/out/userDefinedValueType/wrap_unwrap_via_contract_name/C.arc56.json,2026-07-16,,0,9ee94fb6
https://raw.githubusercontent.com/Argimirodelpozo/puya-sol/HEAD/tests/solidity-semantic-tests/out/userDefinedValueType/wrap_unwrap_via_contract_name/D.arc56.json,2026-07-16,,0,d9ff9536
https://raw.githubusercontent.com/Argimirodelpozo/puya-sol/HEAD/tests/solidity-semantic-tests/out/userDefinedValueType/zero_cost_abstraction_comparison_elementary/C.arc56.json,2026-07-16,,0,57e26af7
https://raw.githubusercontent.com/Argimirodelpozo/puya-sol/HEAD/tests/solidity-semantic-tests/out/userDefinedValueType/zero_cost_abstraction_comparison_userdefined/C.arc56.json,2026-07-16,,0,e7162ba2
https://raw.githubusercontent.com/Argimirodelpozo/puya-sol/HEAD/tests/solidity-semantic-tests/out/using/calldata_memory_copy/C.arc56.json,2026-07-16,,0,5c7b3588
https://raw.githubusercontent.com/Argimirodelpozo/puya-sol/HEAD/tests/solidity-semantic-tests/out/using/free_function_braces/C.arc56.json,2026-07-16,,0,5b27b4b2
https://raw.githubusercontent.com/Argimirodelpozo/puya-sol/HEAD/tests/solidity-semantic-tests/out/using/free_function_multi/C.arc56.json,2026-07-16,,0,2761a181
https://raw.githubusercontent.com/Argimirodelpozo/puya-sol/HEAD/tests/solidity-semantic-tests/out/using/free_functions_individual/C.arc56.json,2026-07-16,,0,cd08294c
https://raw.githubusercontent.com/Argimirodelpozo/puya-sol/HEAD/tests/solidity-semantic-tests/out/using/imported_functions/C.arc56.json,2026-07-16,,0,a5baf55f
https://raw.githubusercontent.com/Argimirodelpozo/puya-sol/HEAD/tests/solidity-semantic-tests/out/using/library_functions_inside_contract/C.arc56.json,2026-07-16,,0,5bc626ae
https://raw.githubusercontent.com/Argimirodelpozo/puya-sol/HEAD/tests/solidity-semantic-tests/out/using/library_on_interface/C.arc56.json,2026-07-16,,0,2ea53672
https://raw.githubusercontent.com/Argimirodelpozo/puya-sol/HEAD/tests/solidity-semantic-tests/out/using/library_through_module/C.arc56.json,2026-07-16,,0,a8137039
https://raw.githubusercontent.com/Argimirodelpozo/puya-sol/HEAD/tests/solidity-semantic-tests/out/using/module_renamed/C.arc56.json,2026-07-17,,0,ea186c72
https://raw.githubusercontent.com/Argimirodelpozo/puya-sol/HEAD/tests/solidity-semantic-tests/out/using/recursive_import/C.arc56.json,2026-07-16,,0,75eca87a
https://raw.githubusercontent.com/Argimirodelpozo/puya-sol/HEAD/tests/solidity-semantic-tests/out/using/using_global_all_the_types/C.arc56.json,2026-07-16,,0,cc95e959
https://raw.githubusercontent.com/Argimirodelpozo/puya-sol/HEAD/tests/solidity-semantic-tests/out/using/using_global_for_global/C.arc56.json,2026-07-16,,0,82a59055
https://raw.githubusercontent.com/Argimirodelpozo/puya-sol/HEAD/tests/solidity-semantic-tests/out/using/using_global_invisible/C.arc56.json,2026-07-16,,0,cb02ff28
https://raw.githubusercontent.com/Argimirodelpozo/puya-sol/HEAD/tests/solidity-semantic-tests/out/using/using_global_invisible/D.arc56.json,2026-07-16,,0,867be118
https://raw.githubusercontent.com/Argimirodelpozo/puya-sol/HEAD/tests/solidity-semantic-tests/out/using/using_global_library/C.arc56.json,2026-07-16,,0,8328a89f
https://raw.githubusercontent.com/Argimirodelpozo/puya-sol/HEAD/tests/solidity-semantic-tests/out/variables/delete_local/test.arc56.json,2026-07-16,,0,105365bd
https://raw.githubusercontent.com/Argimirodelpozo/puya-sol/HEAD/tests/solidity-semantic-tests/out/variables/delete_locals/test.arc56.json,2026-07-16,,0,073d4422
https://raw.githubusercontent.com/Argimirodelpozo/puya-sol/HEAD/tests/solidity-semantic-tests/out/variables/delete_transient_state_variable/C.arc56.json,2026-07-16,,0,e23af3d4
https://raw.githubusercontent.com/Argimirodelpozo/puya-sol/HEAD/tests/solidity-semantic-tests/out/variables/delete_transient_state_variable_non_zero_offset/C.arc56.json,2026-07-16,,0,565ffb07
https://raw.githubusercontent.com/Argimirodelpozo/puya-sol/HEAD/tests/solidity-semantic-tests/out/variables/mapping_local_assignment/test.arc56.json,2026-07-16,,0,4f3a92fd
https://raw.githubusercontent.com/Argimirodelpozo/puya-sol/HEAD/tests/solidity-semantic-tests/out/variables/mapping_local_compound_assignment/test.arc56.json,2026-07-16,,0,90551774
https://raw.githubusercontent.com/Argimirodelpozo/puya-sol/HEAD/tests/solidity-semantic-tests/out/variables/mapping_local_tuple_assignment/test.arc56.json,2026-07-16,,0,edebcb72
https://raw.githubusercontent.com/Argimirodelpozo/puya-sol/HEAD/tests/solidity-semantic-tests/out/variables/public_state_overridding/A.arc56.json,2026-07-16,,0,83f8c099
https://raw.githubusercontent.com/Argimirodelpozo/puya-sol/HEAD/tests/solidity-semantic-tests/out/variables/public_state_overridding/X.arc56.json,2026-07-16,,0,7a7f088c
https://raw.githubusercontent.com/Argimirodelpozo/puya-sol/HEAD/tests/solidity-semantic-tests/out/variables/public_state_overridding_dynamic_struct/A.arc56.json,2026-07-17,,0,0929337d
https://raw.githubusercontent.com/Argimirodelpozo/puya-sol/HEAD/tests/solidity-semantic-tests/out/variables/public_state_overridding_dynamic_struct/X.arc56.json,2026-07-16,,0,0204c7ca
https://raw.githubusercontent.com/Argimirodelpozo/puya-sol/HEAD/tests/solidity-semantic-tests/out/variables/public_state_overridding_mapping_to_dynamic_struct/A.arc56.json,2026-07-16,,0,82f8f796
https://raw.githubusercontent.com/Argimirodelpozo/puya-sol/HEAD/tests/solidity-semantic-tests/out/variables/public_state_overridding_mapping_to_dynamic_struct/X.arc56.json,2026-07-16,,0,f435f81d
https://raw.githubusercontent.com/Argimirodelpozo/puya-sol/HEAD/tests/solidity-semantic-tests/out/variables/storing_invalid_boolean/C.arc56.json,2026-07-16,,0,a74a4380
https://raw.githubusercontent.com/Argimirodelpozo/puya-sol/HEAD/tests/solidity-semantic-tests/out/variables/transient_function_type_state_variable/C.arc56.json,2026-07-16,,0,10c418a5
https://raw.githubusercontent.com/Argimirodelpozo/puya-sol/HEAD/tests/solidity-semantic-tests/out/variables/transient_state_address_variable_members/C.arc56.json,2026-07-16,,0,831df96e
https://raw.githubusercontent.com/Argimirodelpozo/puya-sol/HEAD/tests/solidity-semantic-tests/out/variables/transient_state_enum_variable/C.arc56.json,2026-07-16,,0,eb510fe0
https://raw.githubusercontent.com/Argimirodelpozo/puya-sol/HEAD/tests/solidity-semantic-tests/out/variables/transient_state_variable/C.arc56.json,2026-07-16,,0,76eb2b4a
https://raw.githubusercontent.com/Argimirodelpozo/puya-sol/HEAD/tests/solidity-semantic-tests/out/variables/transient_state_variable_cleanup_assignment/C.arc56.json,2026-07-16,,0,e0bfa72f
https://raw.githubusercontent.com/Argimirodelpozo/puya-sol/HEAD/tests/solidity-semantic-tests/out/variables/transient_state_variable_cleanup_tstore/C.arc56.json,2026-07-16,,0,fd063233
https://raw.githubusercontent.com/Argimirodelpozo/puya-sol/HEAD/tests/solidity-semantic-tests/out/variables/transient_state_variable_slot_inline_assembly/C.arc56.json,2026-07-16,,0,be3bec9a
https://raw.githubusercontent.com/Argimirodelpozo/puya-sol/HEAD/tests/solidity-semantic-tests/out/variables/transient_state_variable_slots_and_offsets/C.arc56.json,2026-07-16,,0,139d67c1
https://raw.githubusercontent.com/Argimirodelpozo/puya-sol/HEAD/tests/solidity-semantic-tests/out/variables/transient_state_variable_tuple_assignment/C.arc56.json,2026-07-16,,0,c571bdeb
https://raw.githubusercontent.com/Argimirodelpozo/puya-sol/HEAD/tests/solidity-semantic-tests/out/variables/transient_state_variable_udvt/C.arc56.json,2026-07-16,,0,8a2eab9f
https://raw.githubusercontent.com/Argimirodelpozo/puya-sol/HEAD/tests/solidity-semantic-tests/out/various/address_code/C.arc56.json,2026-07-16,,0,a0f6cf56
https://raw.githubusercontent.com/Argimirodelpozo/puya-sol/HEAD/tests/solidity-semantic-tests/out/various/address_code_complex/A.arc56.json,2026-07-16,,0,ef4a3d0a
https://raw.githubusercontent.com/Argimirodelpozo/puya-sol/HEAD/tests/solidity-semantic-tests/out/various/address_code_complex/C.arc56.json,2026-07-16,,0,7ceae703
https://raw.githubusercontent.com/Argimirodelpozo/puya-sol/HEAD/tests/solidity-semantic-tests/out/various/assignment_to_const_var_involving_expression/C.arc56.json,2026-07-16,,0,3723e8ad
https://raw.githubusercontent.com/Argimirodelpozo/puya-sol/HEAD/tests/solidity-semantic-tests/out/various/balance/test.arc56.json,2026-07-16,,0,aee32fe0
https://raw.githubusercontent.com/Argimirodelpozo/puya-sol/HEAD/tests/solidity-semantic-tests/out/various/byte_optimization_bug/C.arc56.json,2026-07-16,,0,3422c576
https://raw.githubusercontent.com/Argimirodelpozo/puya-sol/HEAD/tests/solidity-semantic-tests/out/various/code_access_create/C.arc56.json,2026-07-17,,0,22d78307
https://raw.githubusercontent.com/Argimirodelpozo/puya-sol/HEAD/tests/solidity-semantic-tests/out/various/code_access_create/D.arc56.json,2026-07-16,,0,634de424
https://raw.githubusercontent.com/Argimirodelpozo/puya-sol/HEAD/tests/solidity-semantic-tests/out/various/code_access_padding/C.arc56.json,2026-07-16,,0,c751bd49
https://raw.githubusercontent.com/Argimirodelpozo/puya-sol/HEAD/tests/solidity-semantic-tests/out/various/code_access_padding/D.arc56.json,2026-07-16,,0,f45ee194
https://raw.githubusercontent.com/Argimirodelpozo/puya-sol/HEAD/tests/solidity-semantic-tests/out/various/code_access_runtime/C.arc56.json,2026-07-16,,0,53e85636
https://raw.githubusercontent.com/Argimirodelpozo/puya-sol/HEAD/tests/solidity-semantic-tests/out/various/code_access_runtime/D.arc56.json,2026-07-16,,0,395704a6
https://raw.githubusercontent.com/Argimirodelpozo/puya-sol/HEAD/tests/solidity-semantic-tests/out/various/code_length/C.arc56.json,2026-07-16,,0,773c8d4b
https://raw.githubusercontent.com/Argimirodelpozo/puya-sol/HEAD/tests/solidity-semantic-tests/out/various/code_length_contract_member/C.arc56.json,2026-07-16,,0,9c69819b
https://raw.githubusercontent.com/Argimirodelpozo/puya-sol/HEAD/tests/solidity-semantic-tests/out/various/codebalance_assembly/C.arc56.json,2026-07-16,,0,940bcdc4
https://raw.githubusercontent.com/Argimirodelpozo/puya-sol/HEAD/tests/solidity-semantic-tests/out/various/codehash/C.arc56.json,2026-07-16,,0,71e7e0f1
https://raw.githubusercontent.com/Argimirodelpozo/puya-sol/HEAD/tests/solidity-semantic-tests/out/various/codehash_assembly/C.arc56.json,2026-07-16,,0,78423c58
https://raw.githubusercontent.com/Argimirodelpozo/puya-sol/HEAD/tests/solidity-semantic-tests/out/various/contract_binary_dependencies/A.arc56.json,2026-07-16,,0,5d26e71f
https://raw.githubusercontent.com/Argimirodelpozo/puya-sol/HEAD/tests/solidity-semantic-tests/out/various/contract_binary_dependencies/B.arc56.json,2026-07-16,,0,5da299a2
https://raw.githubusercontent.com/Argimirodelpozo/puya-sol/HEAD/tests/solidity-semantic-tests/out/various/contract_binary_dependencies/C.arc56.json,2026-07-16,,0,01e82ffd
https://raw.githubusercontent.com/Argimirodelpozo/puya-sol/HEAD/tests/solidity-semantic-tests/out/various/crazy_elementary_typenames_on_stack/C.arc56.json,2026-07-16,,0,0da28f32
https://raw.githubusercontent.com/Argimirodelpozo/puya-sol/HEAD/tests/solidity-semantic-tests/out/various/create_calldata/C.arc56.json,2026-07-16,,0,935de712
https://raw.githubusercontent.com/Argimirodelpozo/puya-sol/HEAD/tests/solidity-semantic-tests/out/various/create_random/C.arc56.json,2026-07-16,,0,3d6b7597
https://raw.githubusercontent.com/Argimirodelpozo/puya-sol/HEAD/tests/solidity-semantic-tests/out/various/cross_contract_types/Lib.arc56.json,2026-07-16,,0,4776c91f
https://raw.githubusercontent.com/Argimirodelpozo/puya-sol/HEAD/tests/solidity-semantic-tests/out/various/cross_contract_types/Test.arc56.json,2026-07-16,,0,6dc3e419
https://raw.githubusercontent.com/Argimirodelpozo/puya-sol/HEAD/tests/solidity-semantic-tests/out/various/decayed_tuple/C.arc56.json,2026-07-16,,0,4cf0bb75
https://raw.githubusercontent.com/Argimirodelpozo/puya-sol/HEAD/tests/solidity-semantic-tests/out/various/destructuring_assignment/C.arc56.json,2026-07-16,,0,02a5549e
https://raw.githubusercontent.com/Argimirodelpozo/puya-sol/HEAD/tests/solidity-semantic-tests/out/various/different_call_type_transient/A.arc56.json,2026-07-16,,0,f2b378a7
https://raw.githubusercontent.com/Argimirodelpozo/puya-sol/HEAD/tests/solidity-semantic-tests/out/various/different_call_type_transient/B.arc56.json,2026-07-16,,0,1704e20d
https://raw.githubusercontent.com/Argimirodelpozo/puya-sol/HEAD/tests/solidity-semantic-tests/out/various/different_call_type_transient/Test.arc56.json,2026-07-16,,0,105a1ebf
https://raw.githubusercontent.com/Argimirodelpozo/puya-sol/HEAD/tests/solidity-semantic-tests/out/various/empty_name_return_parameter/test.arc56.json,2026-07-16,,0,9049d55f
https://raw.githubusercontent.com/Argimirodelpozo/puya-sol/HEAD/tests/solidity-semantic-tests/out/various/erc20/ERC20.arc56.json,2026-07-16,,0,42c8e7bc
https://raw.githubusercontent.com/Argimirodelpozo/puya-sol/HEAD/tests/solidity-semantic-tests/out/various/external_types_in_calls/C.arc56.json,2026-07-16,,0,d325db49
https://raw.githubusercontent.com/Argimirodelpozo/puya-sol/HEAD/tests/solidity-semantic-tests/out/various/external_types_in_calls/C1.arc56.json,2026-07-16,,0,2c53d54e
https://raw.githubusercontent.com/Argimirodelpozo/puya-sol/HEAD/tests/solidity-semantic-tests/out/various/flipping_sign_tests/test.arc56.json,2026-07-16,,0,f5f61f36
https://raw.githubusercontent.com/Argimirodelpozo/puya-sol/HEAD/tests/solidity-semantic-tests/out/various/gasleft_decrease/C.arc56.json,2026-07-16,,0,d324d2da
https://raw.githubusercontent.com/Argimirodelpozo/puya-sol/HEAD/tests/solidity-semantic-tests/out/various/gasleft_shadow_resolution/C.arc56.json,2026-07-16,,0,f9676ff3
https://raw.githubusercontent.com/Argimirodelpozo/puya-sol/HEAD/tests/solidity-semantic-tests/out/various/inline_member_init/test.arc56.json,2026-07-16,,0,79c5126f
https://raw.githubusercontent.com/Argimirodelpozo/puya-sol/HEAD/tests/solidity-semantic-tests/out/various/inline_member_init_inheritence/Base.arc56.json,2026-07-16,,0,ce501d92
https://raw.githubusercontent.com/Argimirodelpozo/puya-sol/HEAD/tests/solidity-semantic-tests/out/various/inline_member_init_inheritence/Derived.arc56.json,2026-07-16,,0,5990191d
https://raw.githubusercontent.com/Argimirodelpozo/puya-sol/HEAD/tests/solidity-semantic-tests/out/various/inline_tuple_with_rational_numbers/c.arc56.json,2026-07-16,,0,fb235f3f
https://raw.githubusercontent.com/Argimirodelpozo/puya-sol/HEAD/tests/solidity-semantic-tests/out/various/iszero_bnot_correct/C.arc56.json,2026-07-16,,0,4aeb9084
https://raw.githubusercontent.com/Argimirodelpozo/puya-sol/HEAD/tests/solidity-semantic-tests/out/various/literal_empty_string/C.arc56.json,2026-07-16,,0,168a9090
https://raw.githubusercontent.com/Argimirodelpozo/puya-sol/HEAD/tests/solidity-semantic-tests/out/various/many_subassemblies/C0.arc56.json,2026-07-16,,0,f5f7adca
https://raw.githubusercontent.com/Argimirodelpozo/puya-sol/HEAD/tests/solidity-semantic-tests/out/various/many_subassemblies/C1.arc56.json,2026-07-16,,0,60c5975e
https://raw.githubusercontent.com/Argimirodelpozo/puya-sol/HEAD/tests/solidity-semantic-tests/out/various/many_subassemblies/C10.arc56.json,2026-07-16,,0,c5766eba
https://raw.githubusercontent.com/Argimirodelpozo/puya-sol/HEAD/tests/solidity-semantic-tests/out/various/many_subassemblies/C2.arc56.json,2026-07-16,,0,0d0bee8f
https://raw.githubusercontent.com/Argimirodelpozo/puya-sol/HEAD/tests/solidity-semantic-tests/out/various/many_subassemblies/C3.arc56.json,2026-07-16,,0,6294963a
https://raw.githubusercontent.com/Argimirodelpozo/puya-sol/HEAD/tests/solidity-semantic-tests/out/various/many_subassemblies/C4.arc56.json,2026-07-16,,0,4a29f4df
https://raw.githubusercontent.com/Argimirodelpozo/puya-sol/HEAD/tests/solidity-semantic-tests/out/various/many_subassemblies/C5.arc56.json,2026-07-16,,0,142fff2b
https://raw.githubusercontent.com/Argimirodelpozo/puya-sol/HEAD/tests/solidity-semantic-tests/out/various/many_subassemblies/C6.arc56.json,2026-07-16,,0,89d6ef85
https://raw.githubusercontent.com/Argimirodelpozo/puya-sol/HEAD/tests/solidity-semantic-tests/out/various/many_subassemblies/C7.arc56.json,2026-07-16,,0,d8a55524
https://raw.githubusercontent.com/Argimirodelpozo/puya-sol/HEAD/tests/solidity-semantic-tests/out/various/many_subassemblies/C8.arc56.json,2026-07-16,,0,e8dba7df
https://raw.githubusercontent.com/Argimirodelpozo/puya-sol/HEAD/tests/solidity-semantic-tests/out/various/many_subassemblies/C9.arc56.json,2026-07-16,,0,11400740
https://raw.githubusercontent.com/Argimirodelpozo/puya-sol/HEAD/tests/solidity-semantic-tests/out/various/many_subassemblies/D.arc56.json,2026-07-16,,0,c4feb36a
https://raw.githubusercontent.com/Argimirodelpozo/puya-sol/HEAD/tests/solidity-semantic-tests/out/various/memory_overwrite/C.arc56.json,2026-07-16,,0,4fe887af
https://raw.githubusercontent.com/Argimirodelpozo/puya-sol/HEAD/tests/solidity-semantic-tests/out/various/multi_modifiers/C.arc56.json,2026-07-16,,0,cfa14552
https://raw.githubusercontent.com/Argimirodelpozo/puya-sol/HEAD/tests/solidity-semantic-tests/out/various/multi_variable_declaration/C.arc56.json,2026-07-16,,0,9a6446ae
https://raw.githubusercontent.com/Argimirodelpozo/puya-sol/HEAD/tests/solidity-semantic-tests/out/various/negative_stack_height/C.arc56.json,2026-07-16,,0,003a1aae
https://raw.githubusercontent.com/Argimirodelpozo/puya-sol/HEAD/tests/solidity-semantic-tests/out/various/nested_calldata_struct/C.arc56.json,2026-07-17,,0,8b524d8e
https://raw.githubusercontent.com/Argimirodelpozo/puya-sol/HEAD/tests/solidity-semantic-tests/out/various/nested_calldata_struct_to_memory/C.arc56.json,2026-07-16,,0,99f43dc4
https://raw.githubusercontent.com/Argimirodelpozo/puya-sol/HEAD/tests/solidity-semantic-tests/out/various/positive_integers_to_signed/test.arc56.json,2026-07-16,,0,6dee3a49
https://raw.githubusercontent.com/Argimirodelpozo/puya-sol/HEAD/tests/solidity-semantic-tests/out/various/selfdestruct_post_cancun/C.arc56.json,2026-07-16,,0,d7104000
https://raw.githubusercontent.com/Argimirodelpozo/puya-sol/HEAD/tests/solidity-semantic-tests/out/various/selfdestruct_post_cancun/D.arc56.json,2026-07-16,,0,4d096e9b
https://raw.githubusercontent.com/Argimirodelpozo/puya-sol/HEAD/tests/solidity-semantic-tests/out/various/selfdestruct_post_cancun_multiple_beneficiaries/C.arc56.json,2026-07-16,,0,ec2e343f
https://raw.githubusercontent.com/Argimirodelpozo/puya-sol/HEAD/tests/solidity-semantic-tests/out/various/selfdestruct_post_cancun_multiple_beneficiaries/D.arc56.json,2026-07-16,,0,730d8d75
https://raw.githubusercontent.com/Argimirodelpozo/puya-sol/HEAD/tests/solidity-semantic-tests/out/various/selfdestruct_post_cancun_redeploy/D.arc56.json,2026-07-16,,0,04e90fa3
https://raw.githubusercontent.com/Argimirodelpozo/puya-sol/HEAD/tests/solidity-semantic-tests/out/various/selfdestruct_post_cancun_redeploy/Factory.arc56.json,2026-07-16,,0,6e268a83
https://raw.githubusercontent.com/Argimirodelpozo/puya-sol/HEAD/tests/solidity-semantic-tests/out/various/selfdestruct_pre_cancun/C.arc56.json,2026-07-16,,0,61bf4726
https://raw.githubusercontent.com/Argimirodelpozo/puya-sol/HEAD/tests/solidity-semantic-tests/out/various/selfdestruct_pre_cancun/D.arc56.json,2026-07-16,,0,65c0fe4c
https://raw.githubusercontent.com/Argimirodelpozo/puya-sol/HEAD/tests/solidity-semantic-tests/out/various/selfdestruct_pre_cancun_multiple_beneficiaries/C.arc56.json,2026-07-16,,0,cb1352ae
https://raw.githubusercontent.com/Argimirodelpozo/puya-sol/HEAD/tests/solidity-semantic-tests/out/various/selfdestruct_pre_cancun_multiple_beneficiaries/D.arc56.json,2026-07-16,,0,3c20c341
https://raw.githubusercontent.com/Argimirodelpozo/puya-sol/HEAD/tests/solidity-semantic-tests/out/various/selfdestruct_pre_cancun_redeploy/D.arc56.json,2026-07-16,,0,6ddc8cb0
https://raw.githubusercontent.com/Argimirodelpozo/puya-sol/HEAD/tests/solidity-semantic-tests/out/various/selfdestruct_pre_cancun_redeploy/Factory.arc56.json,2026-07-16,,0,60bd21c9
https://raw.githubusercontent.com/Argimirodelpozo/puya-sol/HEAD/tests/solidity-semantic-tests/out/various/senders_balance/C.arc56.json,2026-07-16,,0,38085a52
https://raw.githubusercontent.com/Argimirodelpozo/puya-sol/HEAD/tests/solidity-semantic-tests/out/various/senders_balance/D.arc56.json,2026-07-16,,0,46b3feea
https://raw.githubusercontent.com/Argimirodelpozo/puya-sol/HEAD/tests/solidity-semantic-tests/out/various/single_copy_with_multiple_inheritance/A.arc56.json,2026-07-16,,0,dd7b4c21
https://raw.githubusercontent.com/Argimirodelpozo/puya-sol/HEAD/tests/solidity-semantic-tests/out/various/single_copy_with_multiple_inheritance/B.arc56.json,2026-07-16,,0,8d1789cb
https://raw.githubusercontent.com/Argimirodelpozo/puya-sol/HEAD/tests/solidity-semantic-tests/out/various/single_copy_with_multiple_inheritance/Base.arc56.json,2026-07-16,,0,420ac087
https://raw.githubusercontent.com/Argimirodelpozo/puya-sol/HEAD/tests/solidity-semantic-tests/out/various/single_copy_with_multiple_inheritance/Derived.arc56.json,2026-07-16,,0,170835ae
https://raw.githubusercontent.com/Argimirodelpozo/puya-sol/HEAD/tests/solidity-semantic-tests/out/various/skip_dynamic_types/C.arc56.json,2026-07-16,,0,824066bb
https://raw.githubusercontent.com/Argimirodelpozo/puya-sol/HEAD/tests/solidity-semantic-tests/out/various/skip_dynamic_types_for_static_arrays_with_dynamic_elements/C.arc56.json,2026-07-16,,0,3152bd80
https://raw.githubusercontent.com/Argimirodelpozo/puya-sol/HEAD/tests/solidity-semantic-tests/out/various/skip_dynamic_types_for_structs/C.arc56.json,2026-07-16,,0,4b380674
https://raw.githubusercontent.com/Argimirodelpozo/puya-sol/HEAD/tests/solidity-semantic-tests/out/various/state_variable_local_variable_mixture/A.arc56.json,2026-07-16,,0,526749d1
https://raw.githubusercontent.com/Argimirodelpozo/puya-sol/HEAD/tests/solidity-semantic-tests/out/various/state_variable_under_contract_name/Scope.arc56.json,2026-07-16,,0,5a83cac8
https://raw.githubusercontent.com/Argimirodelpozo/puya-sol/HEAD/tests/solidity-semantic-tests/out/various/staticcall_for_view_and_pure/C.arc56.json,2026-07-16,,0,4529969c
https://raw.githubusercontent.com/Argimirodelpozo/puya-sol/HEAD/tests/solidity-semantic-tests/out/various/staticcall_for_view_and_pure/D.arc56.json,2026-07-16,,0,3d6cb1a2
https://raw.githubusercontent.com/Argimirodelpozo/puya-sol/HEAD/tests/solidity-semantic-tests/out/various/staticcall_for_view_and_pure_pre_byzantium/C.arc56.json,2026-07-16,,0,b7898dd0
https://raw.githubusercontent.com/Argimirodelpozo/puya-sol/HEAD/tests/solidity-semantic-tests/out/various/staticcall_for_view_and_pure_pre_byzantium/D.arc56.json,2026-07-16,,0,45ffb2e3
https://raw.githubusercontent.com/Argimirodelpozo/puya-sol/HEAD/tests/solidity-semantic-tests/out/various/storage_string_as_mapping_key_without_variable/Test.arc56.json,2026-07-16,,0,26b71aca
https://raw.githubusercontent.com/Argimirodelpozo/puya-sol/HEAD/tests/solidity-semantic-tests/out/various/store_bytes/C.arc56.json,2026-07-16,,0,99b7f277
https://raw.githubusercontent.com/Argimirodelpozo/puya-sol/HEAD/tests/solidity-semantic-tests/out/various/string_tuples/C.arc56.json,2026-07-16,,0,537c174d
https://raw.githubusercontent.com/Argimirodelpozo/puya-sol/HEAD/tests/solidity-semantic-tests/out/various/super/A.arc56.json,2026-07-16,,0,fa7fa9ba
https://raw.githubusercontent.com/Argimirodelpozo/puya-sol/HEAD/tests/solidity-semantic-tests/out/various/super/B.arc56.json,2026-07-16,,0,f4601f03
https://raw.githubusercontent.com/Argimirodelpozo/puya-sol/HEAD/tests/solidity-semantic-tests/out/various/super/C.arc56.json,2026-07-16,,0,8e69bf6b
https://raw.githubusercontent.com/Argimirodelpozo/puya-sol/HEAD/tests/solidity-semantic-tests/out/various/super/D.arc56.json,2026-07-16,,0,71de801d
https://raw.githubusercontent.com/Argimirodelpozo/puya-sol/HEAD/tests/solidity-semantic-tests/out/various/super_alone/A.arc56.json,2026-07-16,,0,5d065a3d
https://raw.githubusercontent.com/Argimirodelpozo/puya-sol/HEAD/tests/solidity-semantic-tests/out/various/super_parentheses/A.arc56.json,2026-07-16,,0,57888a80
https://raw.githubusercontent.com/Argimirodelpozo/puya-sol/HEAD/tests/solidity-semantic-tests/out/various/super_parentheses/B.arc56.json,2026-07-16,,0,c31100b6
https://raw.githubusercontent.com/Argimirodelpozo/puya-sol/HEAD/tests/solidity-semantic-tests/out/various/super_parentheses/C.arc56.json,2026-07-16,,0,3b6968b0
https://raw.githubusercontent.com/Argimirodelpozo/puya-sol/HEAD/tests/solidity-semantic-tests/out/various/super_parentheses/D.arc56.json,2026-07-16,,0,7c9f7a9d
https://raw.githubusercontent.com/Argimirodelpozo/puya-sol/HEAD/tests/solidity-semantic-tests/out/various/swap_in_storage_overwrite/c.arc56.json,2026-07-16,,0,13e2663e
https://raw.githubusercontent.com/Argimirodelpozo/puya-sol/HEAD/tests/solidity-semantic-tests/out/various/test_underscore_in_hex/test.arc56.json,2026-07-16,,0,4a53a608
https://raw.githubusercontent.com/Argimirodelpozo/puya-sol/HEAD/tests/solidity-semantic-tests/out/various/transient_storage_reentrancy_lock/C.arc56.json,2026-07-16,,0,fa76aba8
https://raw.githubusercontent.com/Argimirodelpozo/puya-sol/HEAD/tests/solidity-semantic-tests/out/various/tuples/C.arc56.json,2026-07-16,,0,255d367d
https://raw.githubusercontent.com/Argimirodelpozo/puya-sol/HEAD/tests/solidity-semantic-tests/out/various/typed_multi_variable_declaration/C.arc56.json,2026-07-16,,0,c102f0f2
https://raw.githubusercontent.com/Argimirodelpozo/puya-sol/HEAD/tests/solidity-semantic-tests/out/various/write_storage_external/C.arc56.json,2026-07-16,,0,54126d0a
https://raw.githubusercontent.com/Argimirodelpozo/puya-sol/HEAD/tests/solidity-semantic-tests/out/various/write_storage_external/D.arc56.json,2026-07-16,,0,ee5a8395
https://raw.githubusercontent.com/Argimirodelpozo/puya-sol/HEAD/tests/solidity-semantic-tests/out/viaYul/assert/C.arc56.json,2026-07-16,,0,cf081d65
https://raw.githubusercontent.com/Argimirodelpozo/puya-sol/HEAD/tests/solidity-semantic-tests/out/viaYul/assert_and_require/C.arc56.json,2026-07-16,,0,1d88cd56
https://raw.githubusercontent.com/Argimirodelpozo/puya-sol/HEAD/tests/solidity-semantic-tests/out/viaYul/assign_tuple_from_function_call/C.arc56.json,2026-07-16,,0,b809b40b
https://raw.githubusercontent.com/Argimirodelpozo/puya-sol/HEAD/tests/solidity-semantic-tests/out/viaYul/comparison/C.arc56.json,2026-07-16,,0,03aaabc0
https://raw.githubusercontent.com/Argimirodelpozo/puya-sol/HEAD/tests/solidity-semantic-tests/out/viaYul/comparison_functions/C.arc56.json,2026-07-16,,0,662ae194
https://raw.githubusercontent.com/Argimirodelpozo/puya-sol/HEAD/tests/solidity-semantic-tests/out/viaYul/copy_struct_invalid_ir_bug/C.arc56.json,2026-07-16,,0,69ba3e61
https://raw.githubusercontent.com/Argimirodelpozo/puya-sol/HEAD/tests/solidity-semantic-tests/out/viaYul/define_tuple_from_function_call/C.arc56.json,2026-07-16,,0,d4061471
https://raw.githubusercontent.com/Argimirodelpozo/puya-sol/HEAD/tests/solidity-semantic-tests/out/viaYul/delete/C.arc56.json,2026-07-16,,0,7462f1f9
https://raw.githubusercontent.com/Argimirodelpozo/puya-sol/HEAD/tests/solidity-semantic-tests/out/viaYul/detect_add_overflow/C.arc56.json,2026-07-16,,0,f1f9cfaf
https://raw.githubusercontent.com/Argimirodelpozo/puya-sol/HEAD/tests/solidity-semantic-tests/out/viaYul/detect_add_overflow_signed/C.arc56.json,2026-07-16,,0,0bda64ad
https://raw.githubusercontent.com/Argimirodelpozo/puya-sol/HEAD/tests/solidity-semantic-tests/out/viaYul/detect_div_overflow/C.arc56.json,2026-07-16,,0,01f19ef2
https://raw.githubusercontent.com/Argimirodelpozo/puya-sol/HEAD/tests/solidity-semantic-tests/out/viaYul/detect_mod_zero/C.arc56.json,2026-07-16,,0,2f8dd167
https://raw.githubusercontent.com/Argimirodelpozo/puya-sol/HEAD/tests/solidity-semantic-tests/out/viaYul/detect_mod_zero_signed/C.arc56.json,2026-07-16,,0,99eb0aec
https://raw.githubusercontent.com/Argimirodelpozo/puya-sol/HEAD/tests/solidity-semantic-tests/out/viaYul/detect_mul_overflow/C.arc56.json,2026-07-16,,0,ec6f270a
https://raw.githubusercontent.com/Argimirodelpozo/puya-sol/HEAD/tests/solidity-semantic-tests/out/viaYul/detect_mul_overflow_signed/C.arc56.json,2026-07-16,,0,e4248d89
https://raw.githubusercontent.com/Argimirodelpozo/puya-sol/HEAD/tests/solidity-semantic-tests/out/viaYul/detect_sub_overflow/C.arc56.json,2026-07-16,,0,f4222d52
https://raw.githubusercontent.com/Argimirodelpozo/puya-sol/HEAD/tests/solidity-semantic-tests/out/viaYul/detect_sub_overflow_signed/C.arc56.json,2026-07-16,,0,ea3089d6
https://raw.githubusercontent.com/Argimirodelpozo/puya-sol/HEAD/tests/solidity-semantic-tests/out/viaYul/dirty_calldata_struct/C.arc56.json,2026-07-16,,0,9bd73955
https://raw.githubusercontent.com/Argimirodelpozo/puya-sol/HEAD/tests/solidity-semantic-tests/out/viaYul/dirty_memory_dynamic_array/C.arc56.json,2026-07-16,,0,c9a1ecf6
https://raw.githubusercontent.com/Argimirodelpozo/puya-sol/HEAD/tests/solidity-semantic-tests/out/viaYul/dirty_memory_int32/C.arc56.json,2026-07-16,,0,6a4db6bc
https://raw.githubusercontent.com/Argimirodelpozo/puya-sol/HEAD/tests/solidity-semantic-tests/out/viaYul/dirty_memory_static_array/C.arc56.json,2026-07-16,,0,e8aeb3e5
https://raw.githubusercontent.com/Argimirodelpozo/puya-sol/HEAD/tests/solidity-semantic-tests/out/viaYul/dirty_memory_struct/C.arc56.json,2026-07-16,,0,45128e55
https://raw.githubusercontent.com/Argimirodelpozo/puya-sol/HEAD/tests/solidity-semantic-tests/out/viaYul/dirty_memory_uint32/C.arc56.json,2026-07-16,,0,eb3e59b8
https://raw.githubusercontent.com/Argimirodelpozo/puya-sol/HEAD/tests/solidity-semantic-tests/out/viaYul/empty_return_corrupted_free_memory_pointer/C.arc56.json,2026-07-16,,0,e16c954f
https://raw.githubusercontent.com/Argimirodelpozo/puya-sol/HEAD/tests/solidity-semantic-tests/out/viaYul/exp/C.arc56.json,2026-07-16,,0,7ca14869
https://raw.githubusercontent.com/Argimirodelpozo/puya-sol/HEAD/tests/solidity-semantic-tests/out/viaYul/exp_literals/C.arc56.json,2026-07-16,,0,298f3ed9
https://raw.githubusercontent.com/Argimirodelpozo/puya-sol/HEAD/tests/solidity-semantic-tests/out/viaYul/exp_literals_success/C.arc56.json,2026-07-16,,0,d9fe6cec
https://raw.githubusercontent.com/Argimirodelpozo/puya-sol/HEAD/tests/solidity-semantic-tests/out/viaYul/exp_neg/C.arc56.json,2026-07-16,,0,4d633d84
https://raw.githubusercontent.com/Argimirodelpozo/puya-sol/HEAD/tests/solidity-semantic-tests/out/viaYul/exp_neg_overflow/C.arc56.json,2026-07-16,,0,2de90389
https://raw.githubusercontent.com/Argimirodelpozo/puya-sol/HEAD/tests/solidity-semantic-tests/out/viaYul/exp_overflow/C.arc56.json,2026-07-16,,0,dcb590f8
https://raw.githubusercontent.com/Argimirodelpozo/puya-sol/HEAD/tests/solidity-semantic-tests/out/viaYul/exp_various/C.arc56.json,2026-07-16,,0,7d6e0eff
https://raw.githubusercontent.com/Argimirodelpozo/puya-sol/HEAD/tests/solidity-semantic-tests/out/viaYul/function_address/C.arc56.json,2026-07-16,,0,bd307191
https://raw.githubusercontent.com/Argimirodelpozo/puya-sol/HEAD/tests/solidity-semantic-tests/out/viaYul/function_entry_checks/C.arc56.json,2026-07-16,,0,86e48b71
https://raw.githubusercontent.com/Argimirodelpozo/puya-sol/HEAD/tests/solidity-semantic-tests/out/viaYul/function_pointers/C.arc56.json,2026-07-16,,0,a03b2be0
https://raw.githubusercontent.com/Argimirodelpozo/puya-sol/HEAD/tests/solidity-semantic-tests/out/viaYul/function_selector/C.arc56.json,2026-07-17,,0,f3763275
https://raw.githubusercontent.com/Argimirodelpozo/puya-sol/HEAD/tests/solidity-semantic-tests/out/viaYul/if/C.arc56.json,2026-07-16,,0,c7b6a207
https://raw.githubusercontent.com/Argimirodelpozo/puya-sol/HEAD/tests/solidity-semantic-tests/out/viaYul/keccak/C.arc56.json,2026-07-16,,0,1d227ac7
https://raw.githubusercontent.com/Argimirodelpozo/puya-sol/HEAD/tests/solidity-semantic-tests/out/viaYul/local_address_assignment/C.arc56.json,2026-07-16,,0,f9761fc4
https://raw.githubusercontent.com/Argimirodelpozo/puya-sol/HEAD/tests/solidity-semantic-tests/out/viaYul/local_assignment/C.arc56.json,2026-07-16,,0,867dc4f9
https://raw.githubusercontent.com/Argimirodelpozo/puya-sol/HEAD/tests/solidity-semantic-tests/out/viaYul/local_bool_assignment/C.arc56.json,2026-07-17,,0,3accb2e3
https://raw.githubusercontent.com/Argimirodelpozo/puya-sol/HEAD/tests/solidity-semantic-tests/out/viaYul/local_tuple_assignment/C.arc56.json,2026-07-16,,0,922f886c
https://raw.githubusercontent.com/Argimirodelpozo/puya-sol/HEAD/tests/solidity-semantic-tests/out/viaYul/local_variable_without_init/C.arc56.json,2026-07-16,,0,7c7f2c2d
https://raw.githubusercontent.com/Argimirodelpozo/puya-sol/HEAD/tests/solidity-semantic-tests/out/viaYul/mapping_enum_key_getter/test.arc56.json,2026-07-16,,0,64de809e
https://raw.githubusercontent.com/Argimirodelpozo/puya-sol/HEAD/tests/solidity-semantic-tests/out/viaYul/mapping_getters/test.arc56.json,2026-07-16,,0,eec45ea5
https://raw.githubusercontent.com/Argimirodelpozo/puya-sol/HEAD/tests/solidity-semantic-tests/out/viaYul/mapping_string_key/C.arc56.json,2026-07-16,,0,ee175380
https://raw.githubusercontent.com/Argimirodelpozo/puya-sol/HEAD/tests/solidity-semantic-tests/out/viaYul/memory_struct_allow/C.arc56.json,2026-07-16,,0,3096c7fa
https://raw.githubusercontent.com/Argimirodelpozo/puya-sol/HEAD/tests/solidity-semantic-tests/out/viaYul/msg_sender/C.arc56.json,2026-07-16,,0,37a38325
https://raw.githubusercontent.com/Argimirodelpozo/puya-sol/HEAD/tests/solidity-semantic-tests/out/viaYul/negation_bug/C.arc56.json,2026-07-16,,0,cc503e32
https://raw.githubusercontent.com/Argimirodelpozo/puya-sol/HEAD/tests/solidity-semantic-tests/out/viaYul/require/C.arc56.json,2026-07-16,,0,2641d879
https://raw.githubusercontent.com/Argimirodelpozo/puya-sol/HEAD/tests/solidity-semantic-tests/out/viaYul/return/C.arc56.json,2026-07-16,,0,883f14e1
https://raw.githubusercontent.com/Argimirodelpozo/puya-sol/HEAD/tests/solidity-semantic-tests/out/viaYul/return_and_convert/C.arc56.json,2026-07-16,,0,462632a8
https://raw.githubusercontent.com/Argimirodelpozo/puya-sol/HEAD/tests/solidity-semantic-tests/out/viaYul/return_storage_pointers/C.arc56.json,2026-07-16,,0,22e29f25
https://raw.githubusercontent.com/Argimirodelpozo/puya-sol/HEAD/tests/solidity-semantic-tests/out/viaYul/short_circuit/C.arc56.json,2026-07-16,,0,d31b314d
https://raw.githubusercontent.com/Argimirodelpozo/puya-sol/HEAD/tests/solidity-semantic-tests/out/viaYul/simple_assignment/C.arc56.json,2026-07-16,,0,a29a8c0e
https://raw.githubusercontent.com/Argimirodelpozo/puya-sol/HEAD/tests/solidity-semantic-tests/out/viaYul/simple_inline_asm/C.arc56.json,2026-07-16,,0,0e755e47
https://raw.githubusercontent.com/Argimirodelpozo/puya-sol/HEAD/tests/solidity-semantic-tests/out/viaYul/smoke_test/C.arc56.json,2026-07-16,,0,5db07700
https://raw.githubusercontent.com/Argimirodelpozo/puya-sol/HEAD/tests/solidity-semantic-tests/out/viaYul/string_format/C.arc56.json,2026-07-16,,0,90b7e889
https://raw.githubusercontent.com/Argimirodelpozo/puya-sol/HEAD/tests/solidity-semantic-tests/out/viaYul/string_literals/C.arc56.json,2026-07-16,,0,285e630b
https://raw.githubusercontent.com/Argimirodelpozo/puya-sol/HEAD/tests/solidity-semantic-tests/out/viaYul/struct_member_access/C.arc56.json,2026-07-16,,0,98edfd57
https://raw.githubusercontent.com/Argimirodelpozo/puya-sol/HEAD/tests/solidity-semantic-tests/out/viaYul/tuple_evaluation_order/C.arc56.json,2026-07-16,,0,3fa61459
https://raw.githubusercontent.com/Argimirodelpozo/puya-sol/HEAD/tests/solidity-semantic-tests/out/viaYul/unary_fixedbytes/C.arc56.json,2026-07-16,,0,c6b404f7
https://raw.githubusercontent.com/Argimirodelpozo/puya-sol/HEAD/tests/solidity-semantic-tests/out/viaYul/unary_operations/C.arc56.json,2026-07-16,,0,7de687fe
https://raw.githubusercontent.com/Argimirodelpozo/puya-sol/HEAD/tests/solidity-semantic-tests/out/viaYul/various_inline_asm/C.arc56.json,2026-07-16,,0,4531c7b9
https://raw.githubusercontent.com/Argimirodelpozo/puya-sol/HEAD/tests/solidity-semantic-tests/out/viaYul/virtual_functions/C.arc56.json,2026-07-16,,0,931ab28a
https://raw.githubusercontent.com/Argimirodelpozo/puya-sol/HEAD/tests/solidity-semantic-tests/out/viaYul/virtual_functions/X.arc56.json,2026-07-16,,0,50c4d0cc
https://raw.githubusercontent.com/Argimirodelpozo/puya-sol/HEAD/tests/solidity-semantic-tests/out/virtual/simple/C.arc56.json,2026-07-16,,0,b9bedf30
https://raw.githubusercontent.com/Argimirodelpozo/puya-sol/HEAD/tests/solidity-semantic-tests/out/virtualFunctions/internal_virtual_function_calls/Base.arc56.json,2026-07-16,,0,7e0c2b79
https://raw.githubusercontent.com/Argimirodelpozo/puya-sol/HEAD/tests/solidity-semantic-tests/out/virtualFunctions/internal_virtual_function_calls/Derived.arc56.json,2026-07-16,,0,6da38abc
https://raw.githubusercontent.com/Argimirodelpozo/puya-sol/HEAD/tests/solidity-semantic-tests/out/virtualFunctions/internal_virtual_function_calls_through_dispatch/Base.arc56.json,2026-07-16,,0,5295dd6b
https://raw.githubusercontent.com/Argimirodelpozo/puya-sol/HEAD/tests/solidity-semantic-tests/out/virtualFunctions/internal_virtual_function_calls_through_dispatch/Derived.arc56.json,2026-07-16,,0,aceb1358
https://raw.githubusercontent.com/Argimirodelpozo/puya-sol/HEAD/tests/solidity-semantic-tests/out/virtualFunctions/virtual_function_calls/Base.arc56.json,2026-07-16,,0,0c731259
https://raw.githubusercontent.com/Argimirodelpozo/puya-sol/HEAD/tests/solidity-semantic-tests/out/virtualFunctions/virtual_function_calls/Derived.arc56.json,2026-07-16,,0,d4abea7b
https://raw.githubusercontent.com/Argimirodelpozo/puya-sol/HEAD/tests/solidity-semantic-tests/out/virtualFunctions/virtual_function_usage_in_constructor_arguments/Base.arc56.json,2026-07-16,,0,65751837
https://raw.githubusercontent.com/Argimirodelpozo/puya-sol/HEAD/tests/solidity-semantic-tests/out/virtualFunctions/virtual_function_usage_in_constructor_arguments/BaseBase.arc56.json,2026-07-16,,0,3facd7fe
https://raw.githubusercontent.com/Argimirodelpozo/puya-sol/HEAD/tests/solidity-semantic-tests/out/virtualFunctions/virtual_function_usage_in_constructor_arguments/Derived.arc56.json,2026-07-16,,0,4562b323
https://raw.githubusercontent.com/Argimirodelpozo/puya-sol/HEAD/tests/solidity-semantic-tests/out/virtualFunctions/virtual_override_changing_mutability_internal/A.arc56.json,2026-07-16,,0,74b1deba
https://raw.githubusercontent.com/Argimirodelpozo/puya-sol/HEAD/tests/solidity-semantic-tests/out/virtualFunctions/virtual_override_changing_mutability_internal/C.arc56.json,2026-07-16,,0,84b93229
https://raw.githubusercontent.com/Argimirodelpozo/puya-sol/HEAD/tests/solidity-semantic-tests/out/virtualFunctions/virtual_override_changing_mutability_public/A.arc56.json,2026-07-16,,0,4fe8a32b
https://raw.githubusercontent.com/Argimirodelpozo/puya-sol/HEAD/tests/solidity-semantic-tests/out/virtualFunctions/virtual_override_changing_mutability_public/C.arc56.json,2026-07-16,,0,aa2ed522
https://raw.githubusercontent.com/Argimirodelpozo/puya-sol/HEAD/WIP/examples/aave-v4/out/AaveOracle/AaveOracle.arc56.json,2026-07-16,,0,34f2fd01
https://raw.githubusercontent.com/Argimirodelpozo/puya-sol/HEAD/WIP/examples/aave-v4/out/AccessManager/AccessManager.arc56.json,2026-07-16,,0,70acc03b
https://raw.githubusercontent.com/Argimirodelpozo/puya-sol/HEAD/WIP/examples/aave-v4/out/AccessManagerEnumerable/__uros_split/chunk_0/AccessManager.arc56.json,2026-07-16,,0,aba7e73a
https://raw.githubusercontent.com/Argimirodelpozo/puya-sol/HEAD/WIP/examples/aave-v4/out/AccessManagerEnumerable/__uros_split/chunk_0/AccessManagerEnumerable__chunk_0.arc56.json,2026-07-16,,0,2ec172b9
https://raw.githubusercontent.com/Argimirodelpozo/puya-sol/HEAD/WIP/examples/aave-v4/out/AccessManagerEnumerable/__uros_split/chunk_1/AccessManager.arc56.json,2026-07-16,,0,7aa7c6b6
https://raw.githubusercontent.com/Argimirodelpozo/puya-sol/HEAD/WIP/examples/aave-v4/out/AccessManagerEnumerable/__uros_split/chunk_1/AccessManagerEnumerable__chunk_1.arc56.json,2026-07-16,,0,0e44342a
https://raw.githubusercontent.com/Argimirodelpozo/puya-sol/HEAD/WIP/examples/aave-v4/out/AccessManagerEnumerable/__uros_split/chunk_2/AccessManager.arc56.json,2026-07-16,,0,4f35c66d
https://raw.githubusercontent.com/Argimirodelpozo/puya-sol/HEAD/WIP/examples/aave-v4/out/AccessManagerEnumerable/__uros_split/chunk_2/AccessManagerEnumerable__chunk_2.arc56.json,2026-07-16,,0,ddc9201f
https://raw.githubusercontent.com/Argimirodelpozo/puya-sol/HEAD/WIP/examples/aave-v4/out/AccessManagerEnumerable/__uros_split/chunk_3/AccessManager.arc56.json,2026-07-16,,0,82e8091c
https://raw.githubusercontent.com/Argimirodelpozo/puya-sol/HEAD/WIP/examples/aave-v4/out/AccessManagerEnumerable/__uros_split/chunk_3/AccessManagerEnumerable__chunk_3.arc56.json,2026-07-16,,0,48eb32f9
https://raw.githubusercontent.com/Argimirodelpozo/puya-sol/HEAD/WIP/examples/aave-v4/out/AccessManagerEnumerable/AccessManager.arc56.json,2026-07-16,,0,cb222779
https://raw.githubusercontent.com/Argimirodelpozo/puya-sol/HEAD/WIP/examples/aave-v4/out/AccessManagerEnumerable/AccessManagerEnumerable.arc56.json,2026-07-16,,0,578e9b36
https://raw.githubusercontent.com/Argimirodelpozo/puya-sol/HEAD/WIP/examples/aave-v4/out/AssetInterestRateStrategy/AssetInterestRateStrategy.arc56.json,2026-07-16,,0,c5090d9e
https://raw.githubusercontent.com/Argimirodelpozo/puya-sol/HEAD/WIP/examples/aave-v4/out/ConfigPermissionsMapWrapper/ConfigPermissionsMapWrapper.arc56.json,2026-07-16,,0,289761e6
https://raw.githubusercontent.com/Argimirodelpozo/puya-sol/HEAD/WIP/examples/aave-v4/out/ConfigPositionManager/ConfigPositionManager.arc56.json,2026-07-16,,0,30b1646d
https://raw.githubusercontent.com/Argimirodelpozo/puya-sol/HEAD/WIP/examples/aave-v4/out/ConfigPositionManager/NoncesKeyed.arc56.json,2026-07-16,,0,84cc7d59
https://raw.githubusercontent.com/Argimirodelpozo/puya-sol/HEAD/WIP/examples/aave-v4/out/EIP712HashWrapper/EIP712HashWrapper.arc56.json,2026-07-16,,0,81d40393
https://raw.githubusercontent.com/Argimirodelpozo/puya-sol/HEAD/WIP/examples/aave-v4/out/GiverPositionManager/GiverPositionManager.arc56.json,2026-07-16,,0,50cdb363
https://raw.githubusercontent.com/Argimirodelpozo/puya-sol/HEAD/WIP/examples/aave-v4/out/GiverPositionManager/NoncesKeyed.arc56.json,2026-07-16,,0,7d5f3b08
https://raw.githubusercontent.com/Argimirodelpozo/puya-sol/HEAD/WIP/examples/aave-v4/out/Hub/__uros_split/chunk_0/Hub__chunk_0.arc56.json,2026-07-16,,0,67ccca23
https://raw.githubusercontent.com/Argimirodelpozo/puya-sol/HEAD/WIP/examples/aave-v4/out/Hub/__uros_split/chunk_1/Hub__chunk_1.arc56.json,2026-07-16,,0,3fd0fb9d
https://raw.githubusercontent.com/Argimirodelpozo/puya-sol/HEAD/WIP/examples/aave-v4/out/Hub/__uros_split/chunk_10/Hub__chunk_10.arc56.json,2026-07-16,,0,637f530a
https://raw.githubusercontent.com/Argimirodelpozo/puya-sol/HEAD/WIP/examples/aave-v4/out/Hub/__uros_split/chunk_2/Hub__chunk_2.arc56.json,2026-07-16,,0,ea6a2f47
https://raw.githubusercontent.com/Argimirodelpozo/puya-sol/HEAD/WIP/examples/aave-v4/out/Hub/__uros_split/chunk_3/Hub__chunk_3.arc56.json,2026-07-16,,0,6e71bd8b
https://raw.githubusercontent.com/Argimirodelpozo/puya-sol/HEAD/WIP/examples/aave-v4/out/Hub/__uros_split/chunk_4/Hub__chunk_4.arc56.json,2026-07-16,,0,0b2546d2
https://raw.githubusercontent.com/Argimirodelpozo/puya-sol/HEAD/WIP/examples/aave-v4/out/Hub/__uros_split/chunk_5/Hub__chunk_5.arc56.json,2026-07-16,,0,0fa0503d
https://raw.githubusercontent.com/Argimirodelpozo/puya-sol/HEAD/WIP/examples/aave-v4/out/Hub/__uros_split/chunk_6/Hub__chunk_6.arc56.json,2026-07-16,,0,24b72ae9
https://raw.githubusercontent.com/Argimirodelpozo/puya-sol/HEAD/WIP/examples/aave-v4/out/Hub/__uros_split/chunk_7/Hub__chunk_7.arc56.json,2026-07-16,,0,17d542b9
https://raw.githubusercontent.com/Argimirodelpozo/puya-sol/HEAD/WIP/examples/aave-v4/out/Hub/__uros_split/chunk_8/Hub__chunk_8.arc56.json,2026-07-16,,0,8757cfad
https://raw.githubusercontent.com/Argimirodelpozo/puya-sol/HEAD/WIP/examples/aave-v4/out/Hub/__uros_split/chunk_9/Hub__chunk_9.arc56.json,2026-07-16,,0,279971b3
https://raw.githubusercontent.com/Argimirodelpozo/puya-sol/HEAD/WIP/examples/aave-v4/out/Hub/Hub.arc56.json,2026-07-16,,0,cf75f428
https://raw.githubusercontent.com/Argimirodelpozo/puya-sol/HEAD/WIP/examples/aave-v4/out/HubConfigurator/HubConfigurator.arc56.json,2026-07-16,,0,6d71de0f
https://raw.githubusercontent.com/Argimirodelpozo/puya-sol/HEAD/WIP/examples/aave-v4/out/IntentConsumer/NoncesKeyed.arc56.json,2026-07-16,,0,f8646874
https://raw.githubusercontent.com/Argimirodelpozo/puya-sol/HEAD/WIP/examples/aave-v4/out/MathUtilsWrapper/MathUtilsWrapper.arc56.json,2026-07-16,,0,4ec476c9
https://raw.githubusercontent.com/Argimirodelpozo/puya-sol/HEAD/WIP/examples/aave-v4/out/NativeTokenGateway/NativeTokenGateway.arc56.json,2026-07-16,,0,61476130
https://raw.githubusercontent.com/Argimirodelpozo/puya-sol/HEAD/WIP/examples/aave-v4/out/NativeTokenGateway/NoncesKeyed.arc56.json,2026-07-16,,0,12c31652
https://raw.githubusercontent.com/Argimirodelpozo/puya-sol/HEAD/WIP/examples/aave-v4/out/NoncesKeyed/NoncesKeyed.arc56.json,2026-07-16,,0,85d11c3f
https://raw.githubusercontent.com/Argimirodelpozo/puya-sol/HEAD/WIP/examples/aave-v4/out/NoncesKeyedMock/NoncesKeyed.arc56.json,2026-07-16,,0,c5727aa7
https://raw.githubusercontent.com/Argimirodelpozo/puya-sol/HEAD/WIP/examples/aave-v4/out/NoncesKeyedMock/NoncesKeyedMock.arc56.json,2026-07-16,,0,00bcd7db
https://raw.githubusercontent.com/Argimirodelpozo/puya-sol/HEAD/WIP/examples/aave-v4/out/PercentageMathWrapper/PercentageMathWrapper.arc56.json,2026-07-16,,0,b9b0e2a5
https://raw.githubusercontent.com/Argimirodelpozo/puya-sol/HEAD/WIP/examples/aave-v4/out/PositionManagerBase/NoncesKeyed.arc56.json,2026-07-16,,0,cc23a787
https://raw.githubusercontent.com/Argimirodelpozo/puya-sol/HEAD/WIP/examples/aave-v4/out/PositionStatusMapWrapper/PositionStatusMapWrapper.arc56.json,2026-07-16,,0,bc19b407
https://raw.githubusercontent.com/Argimirodelpozo/puya-sol/HEAD/WIP/examples/aave-v4/out/PremiumWrapper/PremiumWrapper.arc56.json,2026-07-16,,0,68d9e896
https://raw.githubusercontent.com/Argimirodelpozo/puya-sol/HEAD/WIP/examples/aave-v4/out/ReserveFlagsMapWrapper/ReserveFlagsMapWrapper.arc56.json,2026-07-16,,0,9e0fd44f
https://raw.githubusercontent.com/Argimirodelpozo/puya-sol/HEAD/WIP/examples/aave-v4/out/RolesWrapper/RolesWrapper.arc56.json,2026-07-16,,0,006dae0a
https://raw.githubusercontent.com/Argimirodelpozo/puya-sol/HEAD/WIP/examples/aave-v4/out/SharesMathWrapper/SharesMathWrapper.arc56.json,2026-07-16,,0,6e39eed1
https://raw.githubusercontent.com/Argimirodelpozo/puya-sol/HEAD/WIP/examples/aave-v4/out/SignatureGateway/NoncesKeyed.arc56.json,2026-07-16,,0,bf8a659f
https://raw.githubusercontent.com/Argimirodelpozo/puya-sol/HEAD/WIP/examples/aave-v4/out/SignatureGateway/SignatureGateway.arc56.json,2026-07-16,,0,855423ec
https://raw.githubusercontent.com/Argimirodelpozo/puya-sol/HEAD/WIP/examples/aave-v4/out/Spoke/NoncesKeyed.arc56.json,2026-07-16,,0,6019e479
https://raw.githubusercontent.com/Argimirodelpozo/puya-sol/HEAD/WIP/examples/aave-v4/out/SpokeConfigurator/SpokeConfigurator.arc56.json,2026-07-16,,0,bef63293
https://raw.githubusercontent.com/Argimirodelpozo/puya-sol/HEAD/WIP/examples/aave-v4/out/SpokeInstance/__uros_split/chunk_0/NoncesKeyed.arc56.json,2026-07-16,,0,02c41a58
https://raw.githubusercontent.com/Argimirodelpozo/puya-sol/HEAD/WIP/examples/aave-v4/out/SpokeInstance/__uros_split/chunk_0/SpokeInstance__chunk_0.arc56.json,2026-07-16,,0,6b71107f
https://raw.githubusercontent.com/Argimirodelpozo/puya-sol/HEAD/WIP/examples/aave-v4/out/SpokeInstance/__uros_split/chunk_1/NoncesKeyed.arc56.json,2026-07-16,,0,c6d1a453
https://raw.githubusercontent.com/Argimirodelpozo/puya-sol/HEAD/WIP/examples/aave-v4/out/SpokeInstance/__uros_split/chunk_1/SpokeInstance__chunk_1.arc56.json,2026-07-16,,0,49e796dc
https://raw.githubusercontent.com/Argimirodelpozo/puya-sol/HEAD/WIP/examples/aave-v4/out/SpokeInstance/__uros_split/chunk_10/NoncesKeyed.arc56.json,2026-07-16,,0,9e5c3857
https://raw.githubusercontent.com/Argimirodelpozo/puya-sol/HEAD/WIP/examples/aave-v4/out/SpokeInstance/__uros_split/chunk_10/SpokeInstance__chunk_10.arc56.json,2026-07-16,,0,090b2754
https://raw.githubusercontent.com/Argimirodelpozo/puya-sol/HEAD/WIP/examples/aave-v4/out/SpokeInstance/__uros_split/chunk_11/NoncesKeyed.arc56.json,2026-07-16,,0,12cf410c
https://raw.githubusercontent.com/Argimirodelpozo/puya-sol/HEAD/WIP/examples/aave-v4/out/SpokeInstance/__uros_split/chunk_11/SpokeInstance__chunk_11.arc56.json,2026-07-16,,0,621d7492
https://raw.githubusercontent.com/Argimirodelpozo/puya-sol/HEAD/WIP/examples/aave-v4/out/SpokeInstance/__uros_split/chunk_12/NoncesKeyed.arc56.json,2026-07-16,,0,97813322
https://raw.githubusercontent.com/Argimirodelpozo/puya-sol/HEAD/WIP/examples/aave-v4/out/SpokeInstance/__uros_split/chunk_12/SpokeInstance__chunk_12.arc56.json,2026-07-16,,0,84850eb7
https://raw.githubusercontent.com/Argimirodelpozo/puya-sol/HEAD/WIP/examples/aave-v4/out/SpokeInstance/__uros_split/chunk_13/NoncesKeyed.arc56.json,2026-07-16,,0,d9ddf7f3
https://raw.githubusercontent.com/Argimirodelpozo/puya-sol/HEAD/WIP/examples/aave-v4/out/SpokeInstance/__uros_split/chunk_13/SpokeInstance__chunk_13.arc56.json,2026-07-16,,0,778919de
https://raw.githubusercontent.com/Argimirodelpozo/puya-sol/HEAD/WIP/examples/aave-v4/out/SpokeInstance/__uros_split/chunk_14/NoncesKeyed.arc56.json,2026-07-16,,0,43cc6041
https://raw.githubusercontent.com/Argimirodelpozo/puya-sol/HEAD/WIP/examples/aave-v4/out/SpokeInstance/__uros_split/chunk_14/SpokeInstance__chunk_14.arc56.json,2026-07-16,,0,c01b25d0
https://raw.githubusercontent.com/Argimirodelpozo/puya-sol/HEAD/WIP/examples/aave-v4/out/SpokeInstance/__uros_split/chunk_15/NoncesKeyed.arc56.json,2026-07-16,,0,5fc767e0
https://raw.githubusercontent.com/Argimirodelpozo/puya-sol/HEAD/WIP/examples/aave-v4/out/SpokeInstance/__uros_split/chunk_15/SpokeInstance__chunk_15.arc56.json,2026-07-16,,0,3f145e85
https://raw.githubusercontent.com/Argimirodelpozo/puya-sol/HEAD/WIP/examples/aave-v4/out/SpokeInstance/__uros_split/chunk_16/NoncesKeyed.arc56.json,2026-07-16,,0,35170e2a
https://raw.githubusercontent.com/Argimirodelpozo/puya-sol/HEAD/WIP/examples/aave-v4/out/SpokeInstance/__uros_split/chunk_16/SpokeInstance__chunk_16.arc56.json,2026-07-16,,0,012c28d3
https://raw.githubusercontent.com/Argimirodelpozo/puya-sol/HEAD/WIP/examples/aave-v4/out/SpokeInstance/__uros_split/chunk_17/NoncesKeyed.arc56.json,2026-07-16,,0,363edcda
https://raw.githubusercontent.com/Argimirodelpozo/puya-sol/HEAD/WIP/examples/aave-v4/out/SpokeInstance/__uros_split/chunk_17/SpokeInstance__chunk_17.arc56.json,2026-07-16,,0,9201c4e9
https://raw.githubusercontent.com/Argimirodelpozo/puya-sol/HEAD/WIP/examples/aave-v4/out/SpokeInstance/__uros_split/chunk_2/NoncesKeyed.arc56.json,2026-07-16,,0,e402cd82
https://raw.githubusercontent.com/Argimirodelpozo/puya-sol/HEAD/WIP/examples/aave-v4/out/SpokeInstance/__uros_split/chunk_2/SpokeInstance__chunk_2.arc56.json,2026-07-16,,0,038818d9
https://raw.githubusercontent.com/Argimirodelpozo/puya-sol/HEAD/WIP/examples/aave-v4/out/SpokeInstance/__uros_split/chunk_3/NoncesKeyed.arc56.json,2026-07-16,,0,5a64ee14
https://raw.githubusercontent.com/Argimirodelpozo/puya-sol/HEAD/WIP/examples/aave-v4/out/SpokeInstance/__uros_split/chunk_3/SpokeInstance__chunk_3.arc56.json,2026-07-16,,0,0d701c0e
https://raw.githubusercontent.com/Argimirodelpozo/puya-sol/HEAD/WIP/examples/aave-v4/out/SpokeInstance/__uros_split/chunk_4/NoncesKeyed.arc56.json,2026-07-16,,0,e729228d
https://raw.githubusercontent.com/Argimirodelpozo/puya-sol/HEAD/WIP/examples/aave-v4/out/SpokeInstance/__uros_split/chunk_4/SpokeInstance__chunk_4.arc56.json,2026-07-16,,0,2921700f
https://raw.githubusercontent.com/Argimirodelpozo/puya-sol/HEAD/WIP/examples/aave-v4/out/SpokeInstance/__uros_split/chunk_5/NoncesKeyed.arc56.json,2026-07-16,,0,90d4846f
https://raw.githubusercontent.com/Argimirodelpozo/puya-sol/HEAD/WIP/examples/aave-v4/out/SpokeInstance/__uros_split/chunk_5/SpokeInstance__chunk_5.arc56.json,2026-07-16,,0,33245221
https://raw.githubusercontent.com/Argimirodelpozo/puya-sol/HEAD/WIP/examples/aave-v4/out/SpokeInstance/__uros_split/chunk_6/NoncesKeyed.arc56.json,2026-07-16,,0,cbc55bd1
https://raw.githubusercontent.com/Argimirodelpozo/puya-sol/HEAD/WIP/examples/aave-v4/out/SpokeInstance/__uros_split/chunk_6/SpokeInstance__chunk_6.arc56.json,2026-07-16,,0,ba4b6184
https://raw.githubusercontent.com/Argimirodelpozo/puya-sol/HEAD/WIP/examples/aave-v4/out/SpokeInstance/__uros_split/chunk_7/NoncesKeyed.arc56.json,2026-07-16,,0,ec9af7fb
https://raw.githubusercontent.com/Argimirodelpozo/puya-sol/HEAD/WIP/examples/aave-v4/out/SpokeInstance/__uros_split/chunk_7/SpokeInstance__chunk_7.arc56.json,2026-07-16,,0,3151dcf2
https://raw.githubusercontent.com/Argimirodelpozo/puya-sol/HEAD/WIP/examples/aave-v4/out/SpokeInstance/__uros_split/chunk_8/NoncesKeyed.arc56.json,2026-07-16,,0,7fd402f8
https://raw.githubusercontent.com/Argimirodelpozo/puya-sol/HEAD/WIP/examples/aave-v4/out/SpokeInstance/__uros_split/chunk_8/SpokeInstance__chunk_8.arc56.json,2026-07-16,,0,209b16d2
https://raw.githubusercontent.com/Argimirodelpozo/puya-sol/HEAD/WIP/examples/aave-v4/out/SpokeInstance/__uros_split/chunk_9/NoncesKeyed.arc56.json,2026-07-16,,0,ca6da9c0
https://raw.githubusercontent.com/Argimirodelpozo/puya-sol/HEAD/WIP/examples/aave-v4/out/SpokeInstance/__uros_split/chunk_9/SpokeInstance__chunk_9.arc56.json,2026-07-16,,0,9b9921f8
https://raw.githubusercontent.com/Argimirodelpozo/puya-sol/HEAD/WIP/examples/aave-v4/out/SpokeInstance/NoncesKeyed.arc56.json,2026-07-16,,0,0f910da5
https://raw.githubusercontent.com/Argimirodelpozo/puya-sol/HEAD/WIP/examples/aave-v4/out/SpokeInstance/SpokeInstance.arc56.json,2026-07-16,,0,b0f1b904
https://raw.githubusercontent.com/Argimirodelpozo/puya-sol/HEAD/WIP/examples/aave-v4/out/SpokeUtilsWrapper/SpokeUtilsWrapper.arc56.json,2026-07-16,,0,ec582c1a
https://raw.githubusercontent.com/Argimirodelpozo/puya-sol/HEAD/WIP/examples/aave-v4/out/TakerPositionManager/NoncesKeyed.arc56.json,2026-07-16,,0,ce00ccf2
https://raw.githubusercontent.com/Argimirodelpozo/puya-sol/HEAD/WIP/examples/aave-v4/out/TakerPositionManager/TakerPositionManager.arc56.json,2026-07-16,,0,379190c1
https://raw.githubusercontent.com/Argimirodelpozo/puya-sol/HEAD/WIP/examples/aave-v4/out/TokenizationSpoke/NoncesKeyed.arc56.json,2026-07-16,,0,39f5debf
https://raw.githubusercontent.com/Argimirodelpozo/puya-sol/HEAD/WIP/examples/aave-v4/out/TokenizationSpokeInstance/NoncesKeyed.arc56.json,2026-07-16,,0,363e6612
https://raw.githubusercontent.com/Argimirodelpozo/puya-sol/HEAD/WIP/examples/aave-v4/out/TokenizationSpokeInstance/TokenizationSpokeInstance.arc56.json,2026-07-16,,0,9832e05c
https://raw.githubusercontent.com/Argimirodelpozo/puya-sol/HEAD/WIP/examples/aave-v4/out/TreasurySpoke/TreasurySpoke.arc56.json,2026-07-16,,0,79b09538
https://raw.githubusercontent.com/Argimirodelpozo/puya-sol/HEAD/WIP/examples/aave-v4/out/UnitPriceFeed/UnitPriceFeed.arc56.json,2026-07-16,,0,dae7fea7
https://raw.githubusercontent.com/Argimirodelpozo/puya-sol/HEAD/WIP/examples/aave-v4/out/WadRayMathWrapper/WadRayMathWrapper.arc56.json,2026-07-16,,0,78de0382
https://raw.githubusercontent.com/Argimirodelpozo/puya-sol/HEAD/WIP/examples/aave-v4/out/WETH9/WETH9.arc56.json,2026-07-16,,0,8a0e3985
https://raw.githubusercontent.com/Argimirodelpozo/puya-sol/HEAD/WIP/examples/aerc20-demo/out/MyToken.arc56.json,2026-07-16,,0,2f0d8faf
https://raw.githubusercontent.com/Argimirodelpozo/puya-sol/HEAD/WIP/examples/compound-timelock/out/Timelock/Timelock.arc56.json,2026-07-16,,0,4b9bda53
https://raw.githubusercontent.com/Argimirodelpozo/puya-sol/HEAD/WIP/examples/compound-v2/out/CErc20ImmutableTest/CDelegationStorage.arc56.json,2026-07-16,,0,c0f4a309
https://raw.githubusercontent.com/Argimirodelpozo/puya-sol/HEAD/WIP/examples/compound-v2/out/CErc20ImmutableTest/CErc20.arc56.json,2026-07-16,,0,c2df1789
https://raw.githubusercontent.com/Argimirodelpozo/puya-sol/HEAD/WIP/examples/compound-v2/out/CErc20ImmutableTest/CErc20Immutable.arc56.json,2026-07-16,,0,6af1e2c4
https://raw.githubusercontent.com/Argimirodelpozo/puya-sol/HEAD/WIP/examples/compound-v2/out/CErc20ImmutableTest/CErc20Storage.arc56.json,2026-07-16,,0,d0638eda
https://raw.githubusercontent.com/Argimirodelpozo/puya-sol/HEAD/WIP/examples/compound-v2/out/CErc20ImmutableTest/CTokenStorage.arc56.json,2026-07-16,,0,411076ba
https://raw.githubusercontent.com/Argimirodelpozo/puya-sol/HEAD/WIP/examples/compound-v2/out/ComptrollerMockTest/ComptrollerMock.arc56.json,2026-07-16,,0,7ab57eca
https://raw.githubusercontent.com/Argimirodelpozo/puya-sol/HEAD/WIP/examples/compound-v2/out/ERC20MockTest/ERC20Mock.arc56.json,2026-07-16,,0,5e69f6b6
https://raw.githubusercontent.com/Argimirodelpozo/puya-sol/HEAD/WIP/examples/compound-v2/out/InterestRateModelMockTest/InterestRateModelMock.arc56.json,2026-07-16,,0,03fdc885
https://raw.githubusercontent.com/Argimirodelpozo/puya-sol/HEAD/WIP/examples/dapphub-dsguard/out/DSGuard/DSGuard.arc56.json,2026-07-16,,0,b8b20cbf
https://raw.githubusercontent.com/Argimirodelpozo/puya-sol/HEAD/WIP/examples/dapphub-dstoken/out/DSToken/DSToken.arc56.json,2026-07-16,,0,b4aae2d6
https://raw.githubusercontent.com/Argimirodelpozo/puya-sol/HEAD/WIP/examples/example2/out/AddressStringUtilTest/AddressStringUtilTest.arc56.json,2026-07-16,,0,f58a9fab
https://raw.githubusercontent.com/Argimirodelpozo/puya-sol/HEAD/WIP/examples/example2/out/BabylonianTest/BabylonianTest.arc56.json,2026-07-16,,0,bcda35b6
https://raw.githubusercontent.com/Argimirodelpozo/puya-sol/HEAD/WIP/examples/example2/out/BitMathTest/BitMathTest.arc56.json,2026-07-16,,0,b8b6133a
https://raw.githubusercontent.com/Argimirodelpozo/puya-sol/HEAD/WIP/examples/example2/out/FixedPointTest/FixedPointTest.arc56.json,2026-07-16,,0,cb39d817
https://raw.githubusercontent.com/Argimirodelpozo/puya-sol/HEAD/WIP/examples/example2/out/FullMathEchidnaTest/FullMathEchidnaTest.arc56.json,2026-07-16,,0,dc9041d6
https://raw.githubusercontent.com/Argimirodelpozo/puya-sol/HEAD/WIP/examples/example2/out/FullMathTest/FullMathTest.arc56.json,2026-07-16,,0,1f88f94c
https://raw.githubusercontent.com/Argimirodelpozo/puya-sol/HEAD/WIP/examples/example2/out/SafeERC20NamerTest/SafeERC20NamerTest.arc56.json,2026-07-16,,0,ab9c30b2
https://raw.githubusercontent.com/Argimirodelpozo/puya-sol/HEAD/WIP/examples/frax/out/ChainlinkETHUSDPriceConsumer/ChainlinkETHUSDPriceConsumer.arc56.json,2026-07-16,,0,c1f6adcb
https://raw.githubusercontent.com/Argimirodelpozo/puya-sol/HEAD/WIP/examples/frax/out/ERC20/ERC20.arc56.json,2026-07-16,,0,e5ce933e
https://raw.githubusercontent.com/Argimirodelpozo/puya-sol/HEAD/WIP/examples/frax/out/ERC20Custom/ERC20Custom.arc56.json,2026-07-16,,0,26fd65dc
https://raw.githubusercontent.com/Argimirodelpozo/puya-sol/HEAD/WIP/examples/frax/out/FraxTest/ChainlinkETHUSDPriceConsumer.arc56.json,2026-07-16,,0,ad6b342f
https://raw.githubusercontent.com/Argimirodelpozo/puya-sol/HEAD/WIP/examples/frax/out/FraxTest/ERC20.arc56.json,2026-07-16,,0,42ae544d
https://raw.githubusercontent.com/Argimirodelpozo/puya-sol/HEAD/WIP/examples/frax/out/FraxTest/ERC20Custom.arc56.json,2026-07-16,,0,45abe12d
https://raw.githubusercontent.com/Argimirodelpozo/puya-sol/HEAD/WIP/examples/frax/out/FraxTest/FraxPool.arc56.json,2026-07-16,,0,3228f4fb
https://raw.githubusercontent.com/Argimirodelpozo/puya-sol/HEAD/WIP/examples/frax/out/FraxTest/FRAXShares.arc56.json,2026-07-16,,0,e34bc873
https://raw.githubusercontent.com/Argimirodelpozo/puya-sol/HEAD/WIP/examples/frax/out/FraxTest/FRAXStablecoin.arc56.json,2026-07-16,,0,8b24119d
https://raw.githubusercontent.com/Argimirodelpozo/puya-sol/HEAD/WIP/examples/frax/out/FraxTest/Owned.arc56.json,2026-07-16,,0,3856f2b1
https://raw.githubusercontent.com/Argimirodelpozo/puya-sol/HEAD/WIP/examples/frax/out/FraxTest/UniswapPairOracle.arc56.json,2026-07-16,,0,30832297
https://raw.githubusercontent.com/Argimirodelpozo/puya-sol/HEAD/WIP/examples/frax/out/FXSTest/ChainlinkETHUSDPriceConsumer.arc56.json,2026-07-16,,0,8dda61f5
https://raw.githubusercontent.com/Argimirodelpozo/puya-sol/HEAD/WIP/examples/frax/out/FXSTest/ERC20.arc56.json,2026-07-16,,0,4be410b5
https://raw.githubusercontent.com/Argimirodelpozo/puya-sol/HEAD/WIP/examples/frax/out/FXSTest/ERC20Custom.arc56.json,2026-07-16,,0,937c2932
https://raw.githubusercontent.com/Argimirodelpozo/puya-sol/HEAD/WIP/examples/frax/out/FXSTest/FraxPool.arc56.json,2026-07-16,,0,036fab33
https://raw.githubusercontent.com/Argimirodelpozo/puya-sol/HEAD/WIP/examples/frax/out/FXSTest/FRAXShares.arc56.json,2026-07-16,,0,be6afc74
https://raw.githubusercontent.com/Argimirodelpozo/puya-sol/HEAD/WIP/examples/frax/out/FXSTest/FRAXStablecoin.arc56.json,2026-07-16,,0,41615320
https://raw.githubusercontent.com/Argimirodelpozo/puya-sol/HEAD/WIP/examples/frax/out/FXSTest/Owned.arc56.json,2026-07-16,,0,feae0a04
https://raw.githubusercontent.com/Argimirodelpozo/puya-sol/HEAD/WIP/examples/frax/out/FXSTest/UniswapPairOracle.arc56.json,2026-07-16,,0,b1b0c25b
https://raw.githubusercontent.com/Argimirodelpozo/puya-sol/HEAD/WIP/examples/frax/out/Owned/Owned.arc56.json,2026-07-16,,0,1fc53944
https://raw.githubusercontent.com/Argimirodelpozo/puya-sol/HEAD/WIP/examples/frax/out/UniswapPairOracle/Owned.arc56.json,2026-07-16,,0,09d99105
https://raw.githubusercontent.com/Argimirodelpozo/puya-sol/HEAD/WIP/examples/frax/out/UniswapPairOracle/UniswapPairOracle.arc56.json,2026-07-16,,0,5e45ecb5
https://raw.githubusercontent.com/Argimirodelpozo/puya-sol/HEAD/WIP/examples/governance/out/Governor/Governor.arc56.json,2026-07-16,,0,d951d705
https://raw.githubusercontent.com/Argimirodelpozo/puya-sol/HEAD/WIP/examples/governance/out/GovernorToken/GovernorToken.arc56.json,2026-07-16,,0,b8b4697f
https://raw.githubusercontent.com/Argimirodelpozo/puya-sol/HEAD/WIP/examples/honk-old/out/EcdsaHonkVerifier.arc56.json,2026-07-16,,0,63019e23
https://raw.githubusercontent.com/Argimirodelpozo/puya-sol/HEAD/WIP/examples/honk-old/out/EcdsaHonkVerifier__Helper1.arc56.json,2026-07-16,,0,594a939c
https://raw.githubusercontent.com/Argimirodelpozo/puya-sol/HEAD/WIP/examples/honk-old/out/EcdsaHonkVerifier__Helper10.arc56.json,2026-07-16,,0,ef305546
https://raw.githubusercontent.com/Argimirodelpozo/puya-sol/HEAD/WIP/examples/honk-old/out/EcdsaHonkVerifier__Helper11.arc56.json,2026-07-16,,0,0376cab1
https://raw.githubusercontent.com/Argimirodelpozo/puya-sol/HEAD/WIP/examples/honk-old/out/EcdsaHonkVerifier__Helper12.arc56.json,2026-07-16,,0,81cce660
https://raw.githubusercontent.com/Argimirodelpozo/puya-sol/HEAD/WIP/examples/honk-old/out/EcdsaHonkVerifier__Helper13.arc56.json,2026-07-16,,0,cb43a5ee
https://raw.githubusercontent.com/Argimirodelpozo/puya-sol/HEAD/WIP/examples/honk-old/out/EcdsaHonkVerifier__Helper14.arc56.json,2026-07-16,,0,1fa90982
https://raw.githubusercontent.com/Argimirodelpozo/puya-sol/HEAD/WIP/examples/honk-old/out/EcdsaHonkVerifier__Helper15.arc56.json,2026-07-16,,0,1700dd39
https://raw.githubusercontent.com/Argimirodelpozo/puya-sol/HEAD/WIP/examples/honk-old/out/EcdsaHonkVerifier__Helper16.arc56.json,2026-07-16,,0,ef2770f4
https://raw.githubusercontent.com/Argimirodelpozo/puya-sol/HEAD/WIP/examples/honk-old/out/EcdsaHonkVerifier__Helper17.arc56.json,2026-07-16,,0,72d2ac32
https://raw.githubusercontent.com/Argimirodelpozo/puya-sol/HEAD/WIP/examples/honk-old/out/EcdsaHonkVerifier__Helper18.arc56.json,2026-07-16,,0,a4b5f967
https://raw.githubusercontent.com/Argimirodelpozo/puya-sol/HEAD/WIP/examples/honk-old/out/EcdsaHonkVerifier__Helper19.arc56.json,2026-07-16,,0,66b85c10
https://raw.githubusercontent.com/Argimirodelpozo/puya-sol/HEAD/WIP/examples/honk-old/out/EcdsaHonkVerifier__Helper2.arc56.json,2026-07-16,,0,1b8c4eef
https://raw.githubusercontent.com/Argimirodelpozo/puya-sol/HEAD/WIP/examples/honk-old/out/EcdsaHonkVerifier__Helper20.arc56.json,2026-07-16,,0,219c8bff
https://raw.githubusercontent.com/Argimirodelpozo/puya-sol/HEAD/WIP/examples/honk-old/out/EcdsaHonkVerifier__Helper21.arc56.json,2026-07-16,,0,b474186f
https://raw.githubusercontent.com/Argimirodelpozo/puya-sol/HEAD/WIP/examples/honk-old/out/EcdsaHonkVerifier__Helper22.arc56.json,2026-07-16,,0,44f3510c
https://raw.githubusercontent.com/Argimirodelpozo/puya-sol/HEAD/WIP/examples/honk-old/out/EcdsaHonkVerifier__Helper23.arc56.json,2026-07-16,,0,8d480be5
https://raw.githubusercontent.com/Argimirodelpozo/puya-sol/HEAD/WIP/examples/honk-old/out/EcdsaHonkVerifier__Helper24.arc56.json,2026-07-16,,0,be5f8cb4
https://raw.githubusercontent.com/Argimirodelpozo/puya-sol/HEAD/WIP/examples/honk-old/out/EcdsaHonkVerifier__Helper25.arc56.json,2026-07-16,,0,61f635b0
https://raw.githubusercontent.com/Argimirodelpozo/puya-sol/HEAD/WIP/examples/honk-old/out/EcdsaHonkVerifier__Helper26.arc56.json,2026-07-16,,0,dcd2d039
https://raw.githubusercontent.com/Argimirodelpozo/puya-sol/HEAD/WIP/examples/honk-old/out/EcdsaHonkVerifier__Helper27.arc56.json,2026-07-16,,0,36e19ac6
https://raw.githubusercontent.com/Argimirodelpozo/puya-sol/HEAD/WIP/examples/honk-old/out/EcdsaHonkVerifier__Helper28.arc56.json,2026-07-16,,0,2fb08e62
https://raw.githubusercontent.com/Argimirodelpozo/puya-sol/HEAD/WIP/examples/honk-old/out/EcdsaHonkVerifier__Helper29.arc56.json,2026-07-16,,0,14ea3fee
https://raw.githubusercontent.com/Argimirodelpozo/puya-sol/HEAD/WIP/examples/honk-old/out/EcdsaHonkVerifier__Helper3.arc56.json,2026-07-16,,0,7bd38e0b
https://raw.githubusercontent.com/Argimirodelpozo/puya-sol/HEAD/WIP/examples/honk-old/out/EcdsaHonkVerifier__Helper30.arc56.json,2026-07-16,,0,3b762604
https://raw.githubusercontent.com/Argimirodelpozo/puya-sol/HEAD/WIP/examples/honk-old/out/EcdsaHonkVerifier__Helper31.arc56.json,2026-07-16,,0,d78a65dd
https://raw.githubusercontent.com/Argimirodelpozo/puya-sol/HEAD/WIP/examples/honk-old/out/EcdsaHonkVerifier__Helper32.arc56.json,2026-07-16,,0,9f77dea8
https://raw.githubusercontent.com/Argimirodelpozo/puya-sol/HEAD/WIP/examples/honk-old/out/EcdsaHonkVerifier__Helper33.arc56.json,2026-07-16,,0,8c2db485
https://raw.githubusercontent.com/Argimirodelpozo/puya-sol/HEAD/WIP/examples/honk-old/out/EcdsaHonkVerifier__Helper34.arc56.json,2026-07-16,,0,69fdca55
https://raw.githubusercontent.com/Argimirodelpozo/puya-sol/HEAD/WIP/examples/honk-old/out/EcdsaHonkVerifier__Helper35.arc56.json,2026-07-16,,0,2b444035
https://raw.githubusercontent.com/Argimirodelpozo/puya-sol/HEAD/WIP/examples/honk-old/out/EcdsaHonkVerifier__Helper36.arc56.json,2026-07-16,,0,1f73495a
https://raw.githubusercontent.com/Argimirodelpozo/puya-sol/HEAD/WIP/examples/honk-old/out/EcdsaHonkVerifier__Helper37.arc56.json,2026-07-16,,0,5d626f96
https://raw.githubusercontent.com/Argimirodelpozo/puya-sol/HEAD/WIP/examples/honk-old/out/EcdsaHonkVerifier__Helper38.arc56.json,2026-07-16,,0,4c74b95d
https://raw.githubusercontent.com/Argimirodelpozo/puya-sol/HEAD/WIP/examples/honk-old/out/EcdsaHonkVerifier__Helper39.arc56.json,2026-07-16,,0,fb68ffe0
https://raw.githubusercontent.com/Argimirodelpozo/puya-sol/HEAD/WIP/examples/honk-old/out/EcdsaHonkVerifier__Helper4.arc56.json,2026-07-16,,0,8a2b649b
https://raw.githubusercontent.com/Argimirodelpozo/puya-sol/HEAD/WIP/examples/honk-old/out/EcdsaHonkVerifier__Helper40.arc56.json,2026-07-16,,0,af2b8460
https://raw.githubusercontent.com/Argimirodelpozo/puya-sol/HEAD/WIP/examples/honk-old/out/EcdsaHonkVerifier__Helper41.arc56.json,2026-07-16,,0,ab394744
https://raw.githubusercontent.com/Argimirodelpozo/puya-sol/HEAD/WIP/examples/honk-old/out/EcdsaHonkVerifier__Helper42.arc56.json,2026-07-16,,0,407a5423
https://raw.githubusercontent.com/Argimirodelpozo/puya-sol/HEAD/WIP/examples/honk-old/out/EcdsaHonkVerifier__Helper43.arc56.json,2026-07-16,,0,9c85694f
https://raw.githubusercontent.com/Argimirodelpozo/puya-sol/HEAD/WIP/examples/honk-old/out/EcdsaHonkVerifier__Helper44.arc56.json,2026-07-16,,0,bb1ff90a
https://raw.githubusercontent.com/Argimirodelpozo/puya-sol/HEAD/WIP/examples/honk-old/out/EcdsaHonkVerifier__Helper45.arc56.json,2026-07-16,,0,3cd17e1a
https://raw.githubusercontent.com/Argimirodelpozo/puya-sol/HEAD/WIP/examples/honk-old/out/EcdsaHonkVerifier__Helper46.arc56.json,2026-07-16,,0,66ff400d
https://raw.githubusercontent.com/Argimirodelpozo/puya-sol/HEAD/WIP/examples/honk-old/out/EcdsaHonkVerifier__Helper47.arc56.json,2026-07-16,,0,56a6d3bb
https://raw.githubusercontent.com/Argimirodelpozo/puya-sol/HEAD/WIP/examples/honk-old/out/EcdsaHonkVerifier__Helper48.arc56.json,2026-07-16,,0,16de61c4
https://raw.githubusercontent.com/Argimirodelpozo/puya-sol/HEAD/WIP/examples/honk-old/out/EcdsaHonkVerifier__Helper49.arc56.json,2026-07-16,,0,cb0050b8
https://raw.githubusercontent.com/Argimirodelpozo/puya-sol/HEAD/WIP/examples/honk-old/out/EcdsaHonkVerifier__Helper5.arc56.json,2026-07-16,,0,8f660693
https://raw.githubusercontent.com/Argimirodelpozo/puya-sol/HEAD/WIP/examples/honk-old/out/EcdsaHonkVerifier__Helper50.arc56.json,2026-07-16,,0,0250e0f8
https://raw.githubusercontent.com/Argimirodelpozo/puya-sol/HEAD/WIP/examples/honk-old/out/EcdsaHonkVerifier__Helper51.arc56.json,2026-07-16,,0,f56ef2c8
https://raw.githubusercontent.com/Argimirodelpozo/puya-sol/HEAD/WIP/examples/honk-old/out/EcdsaHonkVerifier__Helper52.arc56.json,2026-07-16,,0,6942058d
https://raw.githubusercontent.com/Argimirodelpozo/puya-sol/HEAD/WIP/examples/honk-old/out/EcdsaHonkVerifier__Helper53.arc56.json,2026-07-16,,0,ae32e0c2
https://raw.githubusercontent.com/Argimirodelpozo/puya-sol/HEAD/WIP/examples/honk-old/out/EcdsaHonkVerifier__Helper54.arc56.json,2026-07-16,,0,c996121a
https://raw.githubusercontent.com/Argimirodelpozo/puya-sol/HEAD/WIP/examples/honk-old/out/EcdsaHonkVerifier__Helper55.arc56.json,2026-07-16,,0,c491a425
https://raw.githubusercontent.com/Argimirodelpozo/puya-sol/HEAD/WIP/examples/honk-old/out/EcdsaHonkVerifier__Helper56.arc56.json,2026-07-16,,0,b7ee1490
https://raw.githubusercontent.com/Argimirodelpozo/puya-sol/HEAD/WIP/examples/honk-old/out/EcdsaHonkVerifier__Helper57.arc56.json,2026-07-16,,0,a7979de0
https://raw.githubusercontent.com/Argimirodelpozo/puya-sol/HEAD/WIP/examples/honk-old/out/EcdsaHonkVerifier__Helper58.arc56.json,2026-07-16,,0,b6649fa2
https://raw.githubusercontent.com/Argimirodelpozo/puya-sol/HEAD/WIP/examples/honk-old/out/EcdsaHonkVerifier__Helper59.arc56.json,2026-07-16,,0,960e2573
https://raw.githubusercontent.com/Argimirodelpozo/puya-sol/HEAD/WIP/examples/honk-old/out/EcdsaHonkVerifier__Helper6.arc56.json,2026-07-16,,0,03ab10e6
https://raw.githubusercontent.com/Argimirodelpozo/puya-sol/HEAD/WIP/examples/honk-old/out/EcdsaHonkVerifier__Helper60.arc56.json,2026-07-16,,0,8f06406a
https://raw.githubusercontent.com/Argimirodelpozo/puya-sol/HEAD/WIP/examples/honk-old/out/EcdsaHonkVerifier__Helper7.arc56.json,2026-07-16,,0,bb43d848
https://raw.githubusercontent.com/Argimirodelpozo/puya-sol/HEAD/WIP/examples/honk-old/out/EcdsaHonkVerifier__Helper8.arc56.json,2026-07-16,,0,22d3cf9a
https://raw.githubusercontent.com/Argimirodelpozo/puya-sol/HEAD/WIP/examples/honk-old/out/EcdsaHonkVerifier__Helper9.arc56.json,2026-07-16,,0,36b2a6d7
https://raw.githubusercontent.com/Argimirodelpozo/puya-sol/HEAD/WIP/examples/makerdao-dai/out/Dai/Dai.arc56.json,2026-07-16,,0,61e006ce
https://raw.githubusercontent.com/Argimirodelpozo/puya-sol/HEAD/WIP/examples/morpho-blue/out/ERC20MockTest/ERC20Mock.arc56.json,2026-07-16,,0,2230ff34
https://raw.githubusercontent.com/Argimirodelpozo/puya-sol/HEAD/WIP/examples/morpho-blue/out/FlashBorrowerMockTest/FlashBorrowerMock.arc56.json,2026-07-16,,0,93df319c
https://raw.githubusercontent.com/Argimirodelpozo/puya-sol/HEAD/WIP/examples/morpho-blue/out/IrmMockTest/IrmMock.arc56.json,2026-07-16,,0,3333bbdc
https://raw.githubusercontent.com/Argimirodelpozo/puya-sol/HEAD/WIP/examples/morpho-blue/out/MorphoTest/Morpho.arc56.json,2026-07-16,,0,62aabe11
https://raw.githubusercontent.com/Argimirodelpozo/puya-sol/HEAD/WIP/examples/morpho-blue/out/MorphoTest/Morpho__Helper1.arc56.json,2026-07-16,,0,3088e263
https://raw.githubusercontent.com/Argimirodelpozo/puya-sol/HEAD/WIP/examples/morpho-blue/out/OracleMockTest/OracleMock.arc56.json,2026-07-16,,0,15da87bc
https://raw.githubusercontent.com/Argimirodelpozo/puya-sol/HEAD/WIP/examples/multisig/out/MultiSigWallet/MultiSigWallet.arc56.json,2026-07-16,,0,c514d6b0
https://raw.githubusercontent.com/Argimirodelpozo/puya-sol/HEAD/WIP/examples/openzeppelin/out/AccessControl/AccessControl.arc56.json,2026-07-16,,0,912b466d
https://raw.githubusercontent.com/Argimirodelpozo/puya-sol/HEAD/WIP/examples/openzeppelin/out/AccessControlTest/AccessControlTest.arc56.json,2026-07-16,,0,fb967286
https://raw.githubusercontent.com/Argimirodelpozo/puya-sol/HEAD/WIP/examples/openzeppelin/out/AccessListTest/AccessListTest.arc56.json,2026-07-16,,0,9d4b9ce9
https://raw.githubusercontent.com/Argimirodelpozo/puya-sol/HEAD/WIP/examples/openzeppelin/out/AccessLogTest/AccessLogTest.arc56.json,2026-07-16,,0,4ee5eb3b
https://raw.githubusercontent.com/Argimirodelpozo/puya-sol/HEAD/WIP/examples/openzeppelin/out/AllowanceTest/AllowanceTest.arc56.json,2026-07-16,,0,fcf1431a
https://raw.githubusercontent.com/Argimirodelpozo/puya-sol/HEAD/WIP/examples/openzeppelin/out/AllowlistTest/AllowlistTest.arc56.json,2026-07-16,,0,82c7663e
https://raw.githubusercontent.com/Argimirodelpozo/puya-sol/HEAD/WIP/examples/openzeppelin/out/AssetLedgerTest/AssetLedgerTest.arc56.json,2026-07-16,,0,e89d62d3
https://raw.githubusercontent.com/Argimirodelpozo/puya-sol/HEAD/WIP/examples/openzeppelin/out/AssetTrackerTest/AssetTrackerTest.arc56.json,2026-07-16,,0,bd0ff413
https://raw.githubusercontent.com/Argimirodelpozo/puya-sol/HEAD/WIP/examples/openzeppelin/out/Auction2Test/Auction2Test.arc56.json,2026-07-16,,0,1c31da77
https://raw.githubusercontent.com/Argimirodelpozo/puya-sol/HEAD/WIP/examples/openzeppelin/out/AuctionTest/AuctionTest.arc56.json,2026-07-16,,0,8d16d4d0
https://raw.githubusercontent.com/Argimirodelpozo/puya-sol/HEAD/WIP/examples/openzeppelin/out/AuditTrailTest/AuditTrailTest.arc56.json,2026-07-16,,0,5b7498aa
https://raw.githubusercontent.com/Argimirodelpozo/puya-sol/HEAD/WIP/examples/openzeppelin/out/BadgeSystemTest/BadgeSystemTest.arc56.json,2026-07-16,,0,44938145
https://raw.githubusercontent.com/Argimirodelpozo/puya-sol/HEAD/WIP/examples/openzeppelin/out/BallotTest/BallotTest.arc56.json,2026-07-16,,0,7477c7be
https://raw.githubusercontent.com/Argimirodelpozo/puya-sol/HEAD/WIP/examples/openzeppelin/out/Base64Test/Base64Test.arc56.json,2026-07-16,,0,0efa17ab
https://raw.githubusercontent.com/Argimirodelpozo/puya-sol/HEAD/WIP/examples/openzeppelin/out/BitMapsTest/BitMapsTest.arc56.json,2026-07-16,,0,91a3a8c3
https://raw.githubusercontent.com/Argimirodelpozo/puya-sol/HEAD/WIP/examples/openzeppelin/out/BountyTest/BountyTest.arc56.json,2026-07-16,,0,89043eda
https://raw.githubusercontent.com/Argimirodelpozo/puya-sol/HEAD/WIP/examples/openzeppelin/out/CertificateIssuerTest/CertificateIssuerTest.arc56.json,2026-07-16,,0,b6b681b3
https://raw.githubusercontent.com/Argimirodelpozo/puya-sol/HEAD/WIP/examples/openzeppelin/out/CertificateTest/CertificateTest.arc56.json,2026-07-16,,0,771ebf28
https://raw.githubusercontent.com/Argimirodelpozo/puya-sol/HEAD/WIP/examples/openzeppelin/out/CheckpointsTest/CheckpointsTest.arc56.json,2026-07-16,,0,78da9ae8
https://raw.githubusercontent.com/Argimirodelpozo/puya-sol/HEAD/WIP/examples/openzeppelin/out/ComplianceTest/ComplianceTest.arc56.json,2026-07-16,,0,10002d6b
https://raw.githubusercontent.com/Argimirodelpozo/puya-sol/HEAD/WIP/examples/openzeppelin/out/ConfigManagerTest/ConfigManagerTest.arc56.json,2026-07-16,,0,514b6b93
https://raw.githubusercontent.com/Argimirodelpozo/puya-sol/HEAD/WIP/examples/openzeppelin/out/ContentRegistryTest/ContentRegistryTest.arc56.json,2026-07-16,,0,4e79fff2
https://raw.githubusercontent.com/Argimirodelpozo/puya-sol/HEAD/WIP/examples/openzeppelin/out/CountersTest/CountersTest.arc56.json,2026-07-16,,0,041098a8
https://raw.githubusercontent.com/Argimirodelpozo/puya-sol/HEAD/WIP/examples/openzeppelin/out/CouponTest/CouponTest.arc56.json,2026-07-16,,0,4dfa9c95
https://raw.githubusercontent.com/Argimirodelpozo/puya-sol/HEAD/WIP/examples/openzeppelin/out/CouponVaultTest/CouponVaultTest.arc56.json,2026-07-16,,0,4d825f70
https://raw.githubusercontent.com/Argimirodelpozo/puya-sol/HEAD/WIP/examples/openzeppelin/out/Create2Test/Create2Test.arc56.json,2026-07-16,,0,03373364
https://raw.githubusercontent.com/Argimirodelpozo/puya-sol/HEAD/WIP/examples/openzeppelin/out/CreditScoreTest/CreditScoreTest.arc56.json,2026-07-16,,0,3f69876b
https://raw.githubusercontent.com/Argimirodelpozo/puya-sol/HEAD/WIP/examples/openzeppelin/out/CrowdfundingTest/CrowdfundingTest.arc56.json,2026-07-16,,0,366bfe54
https://raw.githubusercontent.com/Argimirodelpozo/puya-sol/HEAD/WIP/examples/openzeppelin/out/DelegationTest/DelegationTest.arc56.json,2026-07-16,,0,78a5c2ac
https://raw.githubusercontent.com/Argimirodelpozo/puya-sol/HEAD/WIP/examples/openzeppelin/out/DequeTest/DequeTest.arc56.json,2026-07-16,,0,2b03e9ea
https://raw.githubusercontent.com/Argimirodelpozo/puya-sol/HEAD/WIP/examples/openzeppelin/out/DividendTest/DividendTest.arc56.json,2026-07-16,,0,794da832
https://raw.githubusercontent.com/Argimirodelpozo/puya-sol/HEAD/WIP/examples/openzeppelin/out/DocumentStoreTest/DocumentStoreTest.arc56.json,2026-07-16,,0,c8f06829
https://raw.githubusercontent.com/Argimirodelpozo/puya-sol/HEAD/WIP/examples/openzeppelin/out/DutchAuctionTest/DutchAuctionTest.arc56.json,2026-07-16,,0,bdd67f37
https://raw.githubusercontent.com/Argimirodelpozo/puya-sol/HEAD/WIP/examples/openzeppelin/out/ECDSATest/ECDSATest.arc56.json,2026-07-16,,0,d3c649cb
https://raw.githubusercontent.com/Argimirodelpozo/puya-sol/HEAD/WIP/examples/openzeppelin/out/EnergyMeterTest/EnergyMeterTest.arc56.json,2026-07-16,,0,52f4f76a
https://raw.githubusercontent.com/Argimirodelpozo/puya-sol/HEAD/WIP/examples/openzeppelin/out/EntryRegistryTest/EntryRegistryTest.arc56.json,2026-07-16,,0,43772989
https://raw.githubusercontent.com/Argimirodelpozo/puya-sol/HEAD/WIP/examples/openzeppelin/out/EnumerableMapTest/EnumerableMapTest.arc56.json,2026-07-16,,0,26f00e93
https://raw.githubusercontent.com/Argimirodelpozo/puya-sol/HEAD/WIP/examples/openzeppelin/out/EnumerableSetTest/EnumerableSetTest.arc56.json,2026-07-16,,0,28df91b8
https://raw.githubusercontent.com/Argimirodelpozo/puya-sol/HEAD/WIP/examples/openzeppelin/out/ERC1155BurnableTest/ERC1155BurnableTest.arc56.json,2026-07-16,,0,cf3806c2
https://raw.githubusercontent.com/Argimirodelpozo/puya-sol/HEAD/WIP/examples/openzeppelin/out/ERC1155HolderTest/ERC1155HolderTest.arc56.json,2026-07-16,,0,e86a84f4
https://raw.githubusercontent.com/Argimirodelpozo/puya-sol/HEAD/WIP/examples/openzeppelin/out/ERC1155PausableTest/ERC1155PausableTest.arc56.json,2026-07-16,,0,39e59af3
https://raw.githubusercontent.com/Argimirodelpozo/puya-sol/HEAD/WIP/examples/openzeppelin/out/ERC1155SupplyTest/ERC1155SupplyTest.arc56.json,2026-07-16,,0,36b139fe
https://raw.githubusercontent.com/Argimirodelpozo/puya-sol/HEAD/WIP/examples/openzeppelin/out/ERC1155Test/ERC1155Test.arc56.json,2026-07-16,,0,32c7c0b3
https://raw.githubusercontent.com/Argimirodelpozo/puya-sol/HEAD/WIP/examples/openzeppelin/out/ERC1155Token/ERC1155Token.arc56.json,2026-07-16,,0,30806b12
https://raw.githubusercontent.com/Argimirodelpozo/puya-sol/HEAD/WIP/examples/openzeppelin/out/ERC1155URIStorageTest/ERC1155URIStorageTest.arc56.json,2026-07-16,,0,28aff967
https://raw.githubusercontent.com/Argimirodelpozo/puya-sol/HEAD/WIP/examples/openzeppelin/out/ERC165Test/ERC165Test.arc56.json,2026-07-16,,0,0e3d8711
https://raw.githubusercontent.com/Argimirodelpozo/puya-sol/HEAD/WIP/examples/openzeppelin/out/ERC20BurnableTest/ERC20BurnableTest.arc56.json,2026-07-16,,0,1b95fb0f
https://raw.githubusercontent.com/Argimirodelpozo/puya-sol/HEAD/WIP/examples/openzeppelin/out/ERC20CappedTest/ERC20CappedTest.arc56.json,2026-07-16,,0,fe894ca8
https://raw.githubusercontent.com/Argimirodelpozo/puya-sol/HEAD/WIP/examples/openzeppelin/out/ERC20PausableTest/ERC20PausableTest.arc56.json,2026-07-16,,0,31aed5de
https://raw.githubusercontent.com/Argimirodelpozo/puya-sol/HEAD/WIP/examples/openzeppelin/out/ERC20PermitTest/ERC20PermitTest.arc56.json,2026-07-16,,0,127461c1
https://raw.githubusercontent.com/Argimirodelpozo/puya-sol/HEAD/WIP/examples/openzeppelin/out/ERC20SnapshotTest/ERC20SnapshotTest.arc56.json,2026-07-16,,0,ca5e9e8f
https://raw.githubusercontent.com/Argimirodelpozo/puya-sol/HEAD/WIP/examples/openzeppelin/out/ERC20Test/ERC20Test.arc56.json,2026-07-16,,0,1341e1a3
https://raw.githubusercontent.com/Argimirodelpozo/puya-sol/HEAD/WIP/examples/openzeppelin/out/ERC20VotesTest/ERC20VotesTest.arc56.json,2026-07-16,,0,c093e56b
https://raw.githubusercontent.com/Argimirodelpozo/puya-sol/HEAD/WIP/examples/openzeppelin/out/ERC20WrapperTest/ERC20WrapperTest.arc56.json,2026-07-16,,0,aa298248
https://raw.githubusercontent.com/Argimirodelpozo/puya-sol/HEAD/WIP/examples/openzeppelin/out/ERC2981Test/ERC2981Test.arc56.json,2026-07-16,,0,7d7bb605
https://raw.githubusercontent.com/Argimirodelpozo/puya-sol/HEAD/WIP/examples/openzeppelin/out/ERC4626Test/ERC4626Test.arc56.json,2026-07-16,,0,e4243281
https://raw.githubusercontent.com/Argimirodelpozo/puya-sol/HEAD/WIP/examples/openzeppelin/out/ERC721BurnableTest/ERC721BurnableTest.arc56.json,2026-07-16,,0,29d8c068
https://raw.githubusercontent.com/Argimirodelpozo/puya-sol/HEAD/WIP/examples/openzeppelin/out/ERC721EnumerableTest/ERC721EnumerableTest.arc56.json,2026-07-16,,0,588764f9
https://raw.githubusercontent.com/Argimirodelpozo/puya-sol/HEAD/WIP/examples/openzeppelin/out/ERC721HolderTest/ERC721HolderTest.arc56.json,2026-07-16,,0,f0c3c91d
https://raw.githubusercontent.com/Argimirodelpozo/puya-sol/HEAD/WIP/examples/openzeppelin/out/ERC721PausableTest/ERC721PausableTest.arc56.json,2026-07-16,,0,9aad1410
https://raw.githubusercontent.com/Argimirodelpozo/puya-sol/HEAD/WIP/examples/openzeppelin/out/ERC721RoyaltyTest/ERC721RoyaltyTest.arc56.json,2026-07-16,,0,4a549697
https://raw.githubusercontent.com/Argimirodelpozo/puya-sol/HEAD/WIP/examples/openzeppelin/out/ERC721Test/ERC721Test.arc56.json,2026-07-16,,0,f9482864
https://raw.githubusercontent.com/Argimirodelpozo/puya-sol/HEAD/WIP/examples/openzeppelin/out/ERC721Token.arc56.json,2026-07-16,,0,ec204478
https://raw.githubusercontent.com/Argimirodelpozo/puya-sol/HEAD/WIP/examples/openzeppelin/out/ERC721Token/ERC721Token.arc56.json,2026-07-16,,0,49c1a214
https://raw.githubusercontent.com/Argimirodelpozo/puya-sol/HEAD/WIP/examples/openzeppelin/out/ERC721URIStorageTest/ERC721URIStorageTest.arc56.json,2026-07-16,,0,abfa81c0
https://raw.githubusercontent.com/Argimirodelpozo/puya-sol/HEAD/WIP/examples/openzeppelin/out/Escrow2PartyTest/Escrow2PartyTest.arc56.json,2026-07-16,,0,681c6903
https://raw.githubusercontent.com/Argimirodelpozo/puya-sol/HEAD/WIP/examples/openzeppelin/out/Escrow3PartyTest/Escrow3PartyTest.arc56.json,2026-07-16,,0,6a9fa9d0
https://raw.githubusercontent.com/Argimirodelpozo/puya-sol/HEAD/WIP/examples/openzeppelin/out/EscrowMultiParty/EscrowMultiParty.arc56.json,2026-07-16,,0,0b0fbd14
https://raw.githubusercontent.com/Argimirodelpozo/puya-sol/HEAD/WIP/examples/openzeppelin/out/EscrowTest/EscrowTest.arc56.json,2026-07-16,,0,d1708231
https://raw.githubusercontent.com/Argimirodelpozo/puya-sol/HEAD/WIP/examples/openzeppelin/out/EventTicketingTest/EventTicketingTest.arc56.json,2026-07-16,,0,e43e3543
https://raw.githubusercontent.com/Argimirodelpozo/puya-sol/HEAD/WIP/examples/openzeppelin/out/ExchangeTest/ExchangeTest.arc56.json,2026-07-16,,0,2cd80e9d
https://raw.githubusercontent.com/Argimirodelpozo/puya-sol/HEAD/WIP/examples/openzeppelin/out/FeeCollectorTest/FeeCollectorTest.arc56.json,2026-07-16,,0,0a65e6e4
https://raw.githubusercontent.com/Argimirodelpozo/puya-sol/HEAD/WIP/examples/openzeppelin/out/FlashLoanTest/FlashLoanTest.arc56.json,2026-07-16,,0,741d05cc
https://raw.githubusercontent.com/Argimirodelpozo/puya-sol/HEAD/WIP/examples/openzeppelin/out/FundraiserTest/FundraiserTest.arc56.json,2026-07-16,,0,2f801900
https://raw.githubusercontent.com/Argimirodelpozo/puya-sol/HEAD/WIP/examples/openzeppelin/out/GovernanceTest/GovernanceTest.arc56.json,2026-07-16,,0,a7e47a3b
https://raw.githubusercontent.com/Argimirodelpozo/puya-sol/HEAD/WIP/examples/openzeppelin/out/HashesTest/HashesTest.arc56.json,2026-07-16,,0,a94ec114
https://raw.githubusercontent.com/Argimirodelpozo/puya-sol/HEAD/WIP/examples/openzeppelin/out/InsurancePoolTest/InsurancePoolTest.arc56.json,2026-07-16,,0,71f7cca5
https://raw.githubusercontent.com/Argimirodelpozo/puya-sol/HEAD/WIP/examples/openzeppelin/out/InsuranceTest/InsuranceTest.arc56.json,2026-07-16,,0,39363b90
https://raw.githubusercontent.com/Argimirodelpozo/puya-sol/HEAD/WIP/examples/openzeppelin/out/InventoryTest/InventoryTest.arc56.json,2026-07-16,,0,c1975049
https://raw.githubusercontent.com/Argimirodelpozo/puya-sol/HEAD/WIP/examples/openzeppelin/out/InvoicingTest/InvoicingTest.arc56.json,2026-07-16,,0,d0b36571
https://raw.githubusercontent.com/Argimirodelpozo/puya-sol/HEAD/WIP/examples/openzeppelin/out/KVStoreTest/KVStoreTest.arc56.json,2026-07-16,,0,e14127f2
https://raw.githubusercontent.com/Argimirodelpozo/puya-sol/HEAD/WIP/examples/openzeppelin/out/LeaderboardTest/LeaderboardTest.arc56.json,2026-07-16,,0,d656605e
https://raw.githubusercontent.com/Argimirodelpozo/puya-sol/HEAD/WIP/examples/openzeppelin/out/LendingTest/LendingTest.arc56.json,2026-07-16,,0,3308692a
https://raw.githubusercontent.com/Argimirodelpozo/puya-sol/HEAD/WIP/examples/openzeppelin/out/LicenseManagerTest/LicenseManagerTest.arc56.json,2026-07-16,,0,b103e372
https://raw.githubusercontent.com/Argimirodelpozo/puya-sol/HEAD/WIP/examples/openzeppelin/out/LinearVestingTest/LinearVestingTest.arc56.json,2026-07-16,,0,62aaa011
https://raw.githubusercontent.com/Argimirodelpozo/puya-sol/HEAD/WIP/examples/openzeppelin/out/Lottery2Test/Lottery2Test.arc56.json,2026-07-16,,0,fae722cb
https://raw.githubusercontent.com/Argimirodelpozo/puya-sol/HEAD/WIP/examples/openzeppelin/out/LotteryTest/LotteryTest.arc56.json,2026-07-16,,0,52d8a3ba
https://raw.githubusercontent.com/Argimirodelpozo/puya-sol/HEAD/WIP/examples/openzeppelin/out/LoyaltyTest/LoyaltyTest.arc56.json,2026-07-16,,0,12a19818
https://raw.githubusercontent.com/Argimirodelpozo/puya-sol/HEAD/WIP/examples/openzeppelin/out/MarketplaceTest/MarketplaceTest.arc56.json,2026-07-16,,0,854243d5
https://raw.githubusercontent.com/Argimirodelpozo/puya-sol/HEAD/WIP/examples/openzeppelin/out/MathTest/MathTest.arc56.json,2026-07-16,,0,d9c84972
https://raw.githubusercontent.com/Argimirodelpozo/puya-sol/HEAD/WIP/examples/openzeppelin/out/MathUtilsTest/MathUtilsTest.arc56.json,2026-07-16,,0,b70a1153
https://raw.githubusercontent.com/Argimirodelpozo/puya-sol/HEAD/WIP/examples/openzeppelin/out/MembershipTest/MembershipTest.arc56.json,2026-07-16,,0,ecf1d055
https://raw.githubusercontent.com/Argimirodelpozo/puya-sol/HEAD/WIP/examples/openzeppelin/out/MerkleProofTest/MerkleProofTest.arc56.json,2026-07-16,,0,fa8d070b
https://raw.githubusercontent.com/Argimirodelpozo/puya-sol/HEAD/WIP/examples/openzeppelin/out/MessageHashUtilsTest/MessageHashUtilsTest.arc56.json,2026-07-16,,0,d6f24d75
https://raw.githubusercontent.com/Argimirodelpozo/puya-sol/HEAD/WIP/examples/openzeppelin/out/MilestoneTrackerTest/MilestoneTrackerTest.arc56.json,2026-07-16,,0,23f9cc3c
https://raw.githubusercontent.com/Argimirodelpozo/puya-sol/HEAD/WIP/examples/openzeppelin/out/MultiSigTest/MultiSigTest.arc56.json,2026-07-16,,0,44126bc6
https://raw.githubusercontent.com/Argimirodelpozo/puya-sol/HEAD/WIP/examples/openzeppelin/out/MyToken.arc56.json,2026-07-16,,0,5c7d9d5e
https://raw.githubusercontent.com/Argimirodelpozo/puya-sol/HEAD/WIP/examples/openzeppelin/out/MyToken/MyToken.arc56.json,2026-07-16,,0,addd1c1d
https://raw.githubusercontent.com/Argimirodelpozo/puya-sol/HEAD/WIP/examples/openzeppelin/out/NoncesKeyedTest/NoncesKeyedTest.arc56.json,2026-07-16,,0,b707abea
https://raw.githubusercontent.com/Argimirodelpozo/puya-sol/HEAD/WIP/examples/openzeppelin/out/NoncesTest/NoncesTest.arc56.json,2026-07-16,,0,a4d86a51
https://raw.githubusercontent.com/Argimirodelpozo/puya-sol/HEAD/WIP/examples/openzeppelin/out/OracleTest/OracleTest.arc56.json,2026-07-16,,0,2f0cafab
https://raw.githubusercontent.com/Argimirodelpozo/puya-sol/HEAD/WIP/examples/openzeppelin/out/Ownable.arc56.json,2026-07-16,,0,3aabfeb3
https://raw.githubusercontent.com/Argimirodelpozo/puya-sol/HEAD/WIP/examples/openzeppelin/out/Ownable/Ownable.arc56.json,2026-07-16,,0,4b76abb9
https://raw.githubusercontent.com/Argimirodelpozo/puya-sol/HEAD/WIP/examples/openzeppelin/out/Ownable2StepTest/Ownable2StepTest.arc56.json,2026-07-16,,0,fe3fb254
https://raw.githubusercontent.com/Argimirodelpozo/puya-sol/HEAD/WIP/examples/openzeppelin/out/OwnableTest/OwnableTest.arc56.json,2026-07-16,,0,f71646f8
https://raw.githubusercontent.com/Argimirodelpozo/puya-sol/HEAD/WIP/examples/openzeppelin/out/Pausable.arc56.json,2026-07-16,,0,028efbd3
https://raw.githubusercontent.com/Argimirodelpozo/puya-sol/HEAD/WIP/examples/openzeppelin/out/Pausable/Pausable.arc56.json,2026-07-16,,0,daf763f0
https://raw.githubusercontent.com/Argimirodelpozo/puya-sol/HEAD/WIP/examples/openzeppelin/out/PausableTest/PausableTest.arc56.json,2026-07-16,,0,91cab217
https://raw.githubusercontent.com/Argimirodelpozo/puya-sol/HEAD/WIP/examples/openzeppelin/out/PaymentSplitterTest/PaymentSplitterTest.arc56.json,2026-07-16,,0,a9dc4c0b
https://raw.githubusercontent.com/Argimirodelpozo/puya-sol/HEAD/WIP/examples/openzeppelin/out/PayrollTest/PayrollTest.arc56.json,2026-07-16,,0,5be54c63
https://raw.githubusercontent.com/Argimirodelpozo/puya-sol/HEAD/WIP/examples/openzeppelin/out/PermissionManagerTest/PermissionManagerTest.arc56.json,2026-07-16,,0,88255add
https://raw.githubusercontent.com/Argimirodelpozo/puya-sol/HEAD/WIP/examples/openzeppelin/out/PledgePoolTest/PledgePoolTest.arc56.json,2026-07-16,,0,c6e44f21
https://raw.githubusercontent.com/Argimirodelpozo/puya-sol/HEAD/WIP/examples/openzeppelin/out/PollStationTest/PollStationTest.arc56.json,2026-07-16,,0,dca5ea02
https://raw.githubusercontent.com/Argimirodelpozo/puya-sol/HEAD/WIP/examples/openzeppelin/out/QuotaManagerTest/QuotaManagerTest.arc56.json,2026-07-16,,0,a4a907ac
https://raw.githubusercontent.com/Argimirodelpozo/puya-sol/HEAD/WIP/examples/openzeppelin/out/RateLimiterTest/RateLimiterTest.arc56.json,2026-07-16,,0,15de522c
https://raw.githubusercontent.com/Argimirodelpozo/puya-sol/HEAD/WIP/examples/openzeppelin/out/RatingSystemTest/RatingSystemTest.arc56.json,2026-07-16,,0,2829d467
https://raw.githubusercontent.com/Argimirodelpozo/puya-sol/HEAD/WIP/examples/openzeppelin/out/ReentrancyGuard.arc56.json,2026-07-16,,0,d5a43c70
https://raw.githubusercontent.com/Argimirodelpozo/puya-sol/HEAD/WIP/examples/openzeppelin/out/ReentrancyGuard/ReentrancyGuard.arc56.json,2026-07-16,,0,c5ff820e
https://raw.githubusercontent.com/Argimirodelpozo/puya-sol/HEAD/WIP/examples/openzeppelin/out/ReentrancyGuardTest/ReentrancyGuardTest.arc56.json,2026-07-16,,0,d25e72a8
https://raw.githubusercontent.com/Argimirodelpozo/puya-sol/HEAD/WIP/examples/openzeppelin/out/ReferendumTest/ReferendumTest.arc56.json,2026-07-16,,0,0a2a3234
https://raw.githubusercontent.com/Argimirodelpozo/puya-sol/HEAD/WIP/examples/openzeppelin/out/ReferralTest/ReferralTest.arc56.json,2026-07-16,,0,400deef7
https://raw.githubusercontent.com/Argimirodelpozo/puya-sol/HEAD/WIP/examples/openzeppelin/out/RegistryTest/RegistryTest.arc56.json,2026-07-16,,0,cf9740f5
https://raw.githubusercontent.com/Argimirodelpozo/puya-sol/HEAD/WIP/examples/openzeppelin/out/ReputationTest/ReputationTest.arc56.json,2026-07-16,,0,6d9b32c3
https://raw.githubusercontent.com/Argimirodelpozo/puya-sol/HEAD/WIP/examples/openzeppelin/out/ResourceAllocatorTest/ResourceAllocatorTest.arc56.json,2026-07-16,,0,bf6d3fca
https://raw.githubusercontent.com/Argimirodelpozo/puya-sol/HEAD/WIP/examples/openzeppelin/out/RewardPoolTest/RewardPoolTest.arc56.json,2026-07-16,,0,9a3120cf
https://raw.githubusercontent.com/Argimirodelpozo/puya-sol/HEAD/WIP/examples/openzeppelin/out/RewardsTest/RewardsTest.arc56.json,2026-07-16,,0,8f1ab450
https://raw.githubusercontent.com/Argimirodelpozo/puya-sol/HEAD/WIP/examples/openzeppelin/out/RoleRegistry/RoleRegistry.arc56.json,2026-07-16,,0,b1f8170a
https://raw.githubusercontent.com/Argimirodelpozo/puya-sol/HEAD/WIP/examples/openzeppelin/out/SafeCastTest/SafeCastTest.arc56.json,2026-07-16,,0,f0322d51
https://raw.githubusercontent.com/Argimirodelpozo/puya-sol/HEAD/WIP/examples/openzeppelin/out/SchedulerTest/SchedulerTest.arc56.json,2026-07-16,,0,76a093c9
https://raw.githubusercontent.com/Argimirodelpozo/puya-sol/HEAD/WIP/examples/openzeppelin/out/ShortStringsTest/ShortStringsTest.arc56.json,2026-07-16,,0,f192b3f5
https://raw.githubusercontent.com/Argimirodelpozo/puya-sol/HEAD/WIP/examples/openzeppelin/out/SignedMathTest/SignedMathTest.arc56.json,2026-07-16,,0,4847deb0
https://raw.githubusercontent.com/Argimirodelpozo/puya-sol/HEAD/WIP/examples/openzeppelin/out/SimpleEscrowTest/SimpleEscrowTest.arc56.json,2026-07-16,,0,de5351eb
https://raw.githubusercontent.com/Argimirodelpozo/puya-sol/HEAD/WIP/examples/openzeppelin/out/SkillRegistryTest/SkillRegistryTest.arc56.json,2026-07-16,,0,45e53f0c
https://raw.githubusercontent.com/Argimirodelpozo/puya-sol/HEAD/WIP/examples/openzeppelin/out/SLATest/SLATest.arc56.json,2026-07-16,,0,11c0d088
https://raw.githubusercontent.com/Argimirodelpozo/puya-sol/HEAD/WIP/examples/openzeppelin/out/StakingTest/StakingTest.arc56.json,2026-07-16,,0,11a1896a
https://raw.githubusercontent.com/Argimirodelpozo/puya-sol/HEAD/WIP/examples/openzeppelin/out/StringsExpandedTest/StringsExpandedTest.arc56.json,2026-07-16,,0,e6ed8740
https://raw.githubusercontent.com/Argimirodelpozo/puya-sol/HEAD/WIP/examples/openzeppelin/out/SubscriptionTest/SubscriptionTest.arc56.json,2026-07-16,,0,53d0760e
https://raw.githubusercontent.com/Argimirodelpozo/puya-sol/HEAD/WIP/examples/openzeppelin/out/SupplyChainTest/SupplyChainTest.arc56.json,2026-07-16,,0,d4f0aa67
https://raw.githubusercontent.com/Argimirodelpozo/puya-sol/HEAD/WIP/examples/openzeppelin/out/TaskManagerTest/TaskManagerTest.arc56.json,2026-07-16,,0,291d9b73
https://raw.githubusercontent.com/Argimirodelpozo/puya-sol/HEAD/WIP/examples/openzeppelin/out/TimeLockTest/TimeLockTest.arc56.json,2026-07-16,,0,13aaf54f
https://raw.githubusercontent.com/Argimirodelpozo/puya-sol/HEAD/WIP/examples/openzeppelin/out/TimelockTest/TimelockTest.arc56.json,2026-07-16,,0,ac7c0c34
https://raw.githubusercontent.com/Argimirodelpozo/puya-sol/HEAD/WIP/examples/openzeppelin/out/TimesheetTest/TimesheetTest.arc56.json,2026-07-16,,0,0f43ae9e
https://raw.githubusercontent.com/Argimirodelpozo/puya-sol/HEAD/WIP/examples/openzeppelin/out/TokenBridgeTest/TokenBridgeTest.arc56.json,2026-07-16,,0,ed4dd798
https://raw.githubusercontent.com/Argimirodelpozo/puya-sol/HEAD/WIP/examples/openzeppelin/out/TokenLockTest/TokenLockTest.arc56.json,2026-07-16,,0,c86ea695
https://raw.githubusercontent.com/Argimirodelpozo/puya-sol/HEAD/WIP/examples/openzeppelin/out/TokenStakingV2/TokenStakingV2.arc56.json,2026-07-16,,0,369071de
https://raw.githubusercontent.com/Argimirodelpozo/puya-sol/HEAD/WIP/examples/openzeppelin/out/TokenSwapTest/TokenSwapTest.arc56.json,2026-07-16,,0,75b0f9eb
https://raw.githubusercontent.com/Argimirodelpozo/puya-sol/HEAD/WIP/examples/openzeppelin/out/TokenVaultV2/TokenVaultV2.arc56.json,2026-07-16,,0,a57d8643
https://raw.githubusercontent.com/Argimirodelpozo/puya-sol/HEAD/WIP/examples/openzeppelin/out/TokenVestingTest/TokenVestingTest.arc56.json,2026-07-16,,0,028c182d
https://raw.githubusercontent.com/Argimirodelpozo/puya-sol/HEAD/WIP/examples/openzeppelin/out/TreasuryTest/TreasuryTest.arc56.json,2026-07-16,,0,e9847aa0
https://raw.githubusercontent.com/Argimirodelpozo/puya-sol/HEAD/WIP/examples/openzeppelin/out/VaultTest/VaultTest.arc56.json,2026-07-16,,0,c4776bab
https://raw.githubusercontent.com/Argimirodelpozo/puya-sol/HEAD/WIP/examples/openzeppelin/out/Voting2Test/Voting2Test.arc56.json,2026-07-16,,0,986a324e
https://raw.githubusercontent.com/Argimirodelpozo/puya-sol/HEAD/WIP/examples/openzeppelin/out/Voting3Test/Voting3Test.arc56.json,2026-07-16,,0,b5810393
https://raw.githubusercontent.com/Argimirodelpozo/puya-sol/HEAD/WIP/examples/openzeppelin/out/VotingTest/VotingTest.arc56.json,2026-07-16,,0,a6cc6637
https://raw.githubusercontent.com/Argimirodelpozo/puya-sol/HEAD/WIP/examples/openzeppelin/out/VotingTokenTest/VotingTokenTest.arc56.json,2026-07-16,,0,7a9ffd96
https://raw.githubusercontent.com/Argimirodelpozo/puya-sol/HEAD/WIP/examples/openzeppelin/out/WarrantyTest/WarrantyTest.arc56.json,2026-07-16,,0,dfbbbf78
https://raw.githubusercontent.com/Argimirodelpozo/puya-sol/HEAD/WIP/examples/openzeppelin/out/WeightedVoting/WeightedVoting.arc56.json,2026-07-16,,0,de416f71
https://raw.githubusercontent.com/Argimirodelpozo/puya-sol/HEAD/WIP/examples/openzeppelin/out/WhitelistManagerTest/WhitelistManagerTest.arc56.json,2026-07-16,,0,a944aa56
https://raw.githubusercontent.com/Argimirodelpozo/puya-sol/HEAD/WIP/examples/openzeppelin/out/WhitelistTest/WhitelistTest.arc56.json,2026-07-16,,0,9ea81b93
https://raw.githubusercontent.com/Argimirodelpozo/puya-sol/HEAD/WIP/examples/poseidon/out/PoseidonT2Test/PoseidonT2Test.arc56.json,2026-07-16,,0,b875e526
https://raw.githubusercontent.com/Argimirodelpozo/puya-sol/HEAD/WIP/examples/poseidon/out/PoseidonT3Test/PoseidonT3Test.arc56.json,2026-07-16,,0,aa87acd7
https://raw.githubusercontent.com/Argimirodelpozo/puya-sol/HEAD/WIP/examples/poseidon/out/PoseidonT4Test/PoseidonT4Test.arc56.json,2026-07-17,,0,ff12863b
https://raw.githubusercontent.com/Argimirodelpozo/puya-sol/HEAD/WIP/examples/poseidon/out/PoseidonT5Test/PoseidonT5Test.arc56.json,2026-07-17,,0,55e43e22
https://raw.githubusercontent.com/Argimirodelpozo/puya-sol/HEAD/WIP/examples/poseidon/out/PoseidonT6Test/PoseidonT6Test.arc56.json,2026-07-17,,0,055a0f74
https://raw.githubusercontent.com/Argimirodelpozo/puya-sol/HEAD/WIP/examples/prb-math/out/UD60x18Wrapper/UD60x18Wrapper.arc56.json,2026-07-16,,0,0d533093
https://raw.githubusercontent.com/Argimirodelpozo/puya-sol/HEAD/WIP/examples/prb-math/out/UD60x18Wrapper/UD60x18Wrapper__Helper1.arc56.json,2026-07-16,,0,df832fb1
https://raw.githubusercontent.com/Argimirodelpozo/puya-sol/HEAD/WIP/examples/prb-math/out/UD60x18Wrapper/UD60x18Wrapper__Helper2.arc56.json,2026-07-16,,0,32b154c8
https://raw.githubusercontent.com/Argimirodelpozo/puya-sol/HEAD/WIP/examples/prb-math/out/UD60x18Wrapper/UD60x18Wrapper__Helper3.arc56.json,2026-07-16,,0,0fde0288
https://raw.githubusercontent.com/Argimirodelpozo/puya-sol/HEAD/WIP/examples/prb-math/out/UD60x18Wrapper/UD60x18Wrapper__Helper4.arc56.json,2026-07-16,,0,3b7e27f3
https://raw.githubusercontent.com/Argimirodelpozo/puya-sol/HEAD/WIP/examples/prb-math/out/UD60x18Wrapper/UD60x18Wrapper__Helper5.arc56.json,2026-07-16,,0,1854ace7
https://raw.githubusercontent.com/Argimirodelpozo/puya-sol/HEAD/WIP/examples/prb-math/test/examples/prb-math/out/UD60x18Wrapper/UD60x18Wrapper__Helper2.arc56.json,2026-07-16,,0,6910accb
https://raw.githubusercontent.com/Argimirodelpozo/puya-sol/HEAD/WIP/examples/rust-honk/out/ZKHonkVerifier/HonkVerifier.arc56.json,2026-07-16,,0,d596edcb
https://raw.githubusercontent.com/Argimirodelpozo/puya-sol/HEAD/WIP/examples/rust-honk/out/ZKHonkVerifier/HonkVerifier__Helper1.arc56.json,2026-07-16,,0,31ab4c2f
https://raw.githubusercontent.com/Argimirodelpozo/puya-sol/HEAD/WIP/examples/rust-honk/out/ZKHonkVerifier/HonkVerifier__Helper10.arc56.json,2026-07-16,,0,a1c15127
https://raw.githubusercontent.com/Argimirodelpozo/puya-sol/HEAD/WIP/examples/rust-honk/out/ZKHonkVerifier/HonkVerifier__Helper11.arc56.json,2026-07-16,,0,03d31df8
https://raw.githubusercontent.com/Argimirodelpozo/puya-sol/HEAD/WIP/examples/rust-honk/out/ZKHonkVerifier/HonkVerifier__Helper12.arc56.json,2026-07-16,,0,ff6e6d83
https://raw.githubusercontent.com/Argimirodelpozo/puya-sol/HEAD/WIP/examples/rust-honk/out/ZKHonkVerifier/HonkVerifier__Helper13.arc56.json,2026-07-16,,0,7109850d
https://raw.githubusercontent.com/Argimirodelpozo/puya-sol/HEAD/WIP/examples/rust-honk/out/ZKHonkVerifier/HonkVerifier__Helper14.arc56.json,2026-07-16,,0,ff02932c
https://raw.githubusercontent.com/Argimirodelpozo/puya-sol/HEAD/WIP/examples/rust-honk/out/ZKHonkVerifier/HonkVerifier__Helper15.arc56.json,2026-07-16,,0,8a942d72
https://raw.githubusercontent.com/Argimirodelpozo/puya-sol/HEAD/WIP/examples/rust-honk/out/ZKHonkVerifier/HonkVerifier__Helper16.arc56.json,2026-07-16,,0,94072e1b
https://raw.githubusercontent.com/Argimirodelpozo/puya-sol/HEAD/WIP/examples/rust-honk/out/ZKHonkVerifier/HonkVerifier__Helper17.arc56.json,2026-07-16,,0,f6fb5b86
https://raw.githubusercontent.com/Argimirodelpozo/puya-sol/HEAD/WIP/examples/rust-honk/out/ZKHonkVerifier/HonkVerifier__Helper18.arc56.json,2026-07-16,,0,303e4c17
https://raw.githubusercontent.com/Argimirodelpozo/puya-sol/HEAD/WIP/examples/rust-honk/out/ZKHonkVerifier/HonkVerifier__Helper19.arc56.json,2026-07-16,,0,cbe7a455
https://raw.githubusercontent.com/Argimirodelpozo/puya-sol/HEAD/WIP/examples/rust-honk/out/ZKHonkVerifier/HonkVerifier__Helper2.arc56.json,2026-07-16,,0,2de5a541
https://raw.githubusercontent.com/Argimirodelpozo/puya-sol/HEAD/WIP/examples/rust-honk/out/ZKHonkVerifier/HonkVerifier__Helper20.arc56.json,2026-07-16,,0,f20c001a
https://raw.githubusercontent.com/Argimirodelpozo/puya-sol/HEAD/WIP/examples/rust-honk/out/ZKHonkVerifier/HonkVerifier__Helper21.arc56.json,2026-07-16,,0,b3a06429
https://raw.githubusercontent.com/Argimirodelpozo/puya-sol/HEAD/WIP/examples/rust-honk/out/ZKHonkVerifier/HonkVerifier__Helper22.arc56.json,2026-07-16,,0,88812422
https://raw.githubusercontent.com/Argimirodelpozo/puya-sol/HEAD/WIP/examples/rust-honk/out/ZKHonkVerifier/HonkVerifier__Helper23.arc56.json,2026-07-16,,0,105357c3
https://raw.githubusercontent.com/Argimirodelpozo/puya-sol/HEAD/WIP/examples/rust-honk/out/ZKHonkVerifier/HonkVerifier__Helper24.arc56.json,2026-07-16,,0,afcbffad
https://raw.githubusercontent.com/Argimirodelpozo/puya-sol/HEAD/WIP/examples/rust-honk/out/ZKHonkVerifier/HonkVerifier__Helper25.arc56.json,2026-07-16,,0,84cf8450
https://raw.githubusercontent.com/Argimirodelpozo/puya-sol/HEAD/WIP/examples/rust-honk/out/ZKHonkVerifier/HonkVerifier__Helper26.arc56.json,2026-07-16,,0,02a8f84a
https://raw.githubusercontent.com/Argimirodelpozo/puya-sol/HEAD/WIP/examples/rust-honk/out/ZKHonkVerifier/HonkVerifier__Helper27.arc56.json,2026-07-16,,0,3142da62
https://raw.githubusercontent.com/Argimirodelpozo/puya-sol/HEAD/WIP/examples/rust-honk/out/ZKHonkVerifier/HonkVerifier__Helper28.arc56.json,2026-07-16,,0,ef3fdc73
https://raw.githubusercontent.com/Argimirodelpozo/puya-sol/HEAD/WIP/examples/rust-honk/out/ZKHonkVerifier/HonkVerifier__Helper29.arc56.json,2026-07-16,,0,814ec10f
https://raw.githubusercontent.com/Argimirodelpozo/puya-sol/HEAD/WIP/examples/rust-honk/out/ZKHonkVerifier/HonkVerifier__Helper3.arc56.json,2026-07-16,,0,a380bb86
https://raw.githubusercontent.com/Argimirodelpozo/puya-sol/HEAD/WIP/examples/rust-honk/out/ZKHonkVerifier/HonkVerifier__Helper30.arc56.json,2026-07-16,,0,d7fd88fa
https://raw.githubusercontent.com/Argimirodelpozo/puya-sol/HEAD/WIP/examples/rust-honk/out/ZKHonkVerifier/HonkVerifier__Helper31.arc56.json,2026-07-16,,0,42246dc5
https://raw.githubusercontent.com/Argimirodelpozo/puya-sol/HEAD/WIP/examples/rust-honk/out/ZKHonkVerifier/HonkVerifier__Helper32.arc56.json,2026-07-16,,0,aa54fba2
https://raw.githubusercontent.com/Argimirodelpozo/puya-sol/HEAD/WIP/examples/rust-honk/out/ZKHonkVerifier/HonkVerifier__Helper33.arc56.json,2026-07-16,,0,aee3f4a8
https://raw.githubusercontent.com/Argimirodelpozo/puya-sol/HEAD/WIP/examples/rust-honk/out/ZKHonkVerifier/HonkVerifier__Helper34.arc56.json,2026-07-16,,0,984357de
https://raw.githubusercontent.com/Argimirodelpozo/puya-sol/HEAD/WIP/examples/rust-honk/out/ZKHonkVerifier/HonkVerifier__Helper35.arc56.json,2026-07-16,,0,50daed80
https://raw.githubusercontent.com/Argimirodelpozo/puya-sol/HEAD/WIP/examples/rust-honk/out/ZKHonkVerifier/HonkVerifier__Helper36.arc56.json,2026-07-16,,0,89c987de
https://raw.githubusercontent.com/Argimirodelpozo/puya-sol/HEAD/WIP/examples/rust-honk/out/ZKHonkVerifier/HonkVerifier__Helper37.arc56.json,2026-07-16,,0,c38a9b97
https://raw.githubusercontent.com/Argimirodelpozo/puya-sol/HEAD/WIP/examples/rust-honk/out/ZKHonkVerifier/HonkVerifier__Helper38.arc56.json,2026-07-16,,0,6587d249
https://raw.githubusercontent.com/Argimirodelpozo/puya-sol/HEAD/WIP/examples/rust-honk/out/ZKHonkVerifier/HonkVerifier__Helper39.arc56.json,2026-07-16,,0,9d37ff19
https://raw.githubusercontent.com/Argimirodelpozo/puya-sol/HEAD/WIP/examples/rust-honk/out/ZKHonkVerifier/HonkVerifier__Helper4.arc56.json,2026-07-16,,0,00f81d6f
https://raw.githubusercontent.com/Argimirodelpozo/puya-sol/HEAD/WIP/examples/rust-honk/out/ZKHonkVerifier/HonkVerifier__Helper40.arc56.json,2026-07-16,,0,ea7b1139
https://raw.githubusercontent.com/Argimirodelpozo/puya-sol/HEAD/WIP/examples/rust-honk/out/ZKHonkVerifier/HonkVerifier__Helper41.arc56.json,2026-07-16,,0,148f9599
https://raw.githubusercontent.com/Argimirodelpozo/puya-sol/HEAD/WIP/examples/rust-honk/out/ZKHonkVerifier/HonkVerifier__Helper42.arc56.json,2026-07-16,,0,3aa642ef
https://raw.githubusercontent.com/Argimirodelpozo/puya-sol/HEAD/WIP/examples/rust-honk/out/ZKHonkVerifier/HonkVerifier__Helper43.arc56.json,2026-07-16,,0,d884b568
https://raw.githubusercontent.com/Argimirodelpozo/puya-sol/HEAD/WIP/examples/rust-honk/out/ZKHonkVerifier/HonkVerifier__Helper44.arc56.json,2026-07-16,,0,1e159d02
https://raw.githubusercontent.com/Argimirodelpozo/puya-sol/HEAD/WIP/examples/rust-honk/out/ZKHonkVerifier/HonkVerifier__Helper45.arc56.json,2026-07-16,,0,b21575ba
https://raw.githubusercontent.com/Argimirodelpozo/puya-sol/HEAD/WIP/examples/rust-honk/out/ZKHonkVerifier/HonkVerifier__Helper46.arc56.json,2026-07-16,,0,61d7e793
https://raw.githubusercontent.com/Argimirodelpozo/puya-sol/HEAD/WIP/examples/rust-honk/out/ZKHonkVerifier/HonkVerifier__Helper47.arc56.json,2026-07-16,,0,0575b844
https://raw.githubusercontent.com/Argimirodelpozo/puya-sol/HEAD/WIP/examples/rust-honk/out/ZKHonkVerifier/HonkVerifier__Helper48.arc56.json,2026-07-16,,0,8bd5f107
https://raw.githubusercontent.com/Argimirodelpozo/puya-sol/HEAD/WIP/examples/rust-honk/out/ZKHonkVerifier/HonkVerifier__Helper49.arc56.json,2026-07-16,,0,b0d68c91
https://raw.githubusercontent.com/Argimirodelpozo/puya-sol/HEAD/WIP/examples/rust-honk/out/ZKHonkVerifier/HonkVerifier__Helper5.arc56.json,2026-07-16,,0,a6a54f0b
https://raw.githubusercontent.com/Argimirodelpozo/puya-sol/HEAD/WIP/examples/rust-honk/out/ZKHonkVerifier/HonkVerifier__Helper50.arc56.json,2026-07-16,,0,dd1e077d
https://raw.githubusercontent.com/Argimirodelpozo/puya-sol/HEAD/WIP/examples/rust-honk/out/ZKHonkVerifier/HonkVerifier__Helper51.arc56.json,2026-07-16,,0,c98a7780
https://raw.githubusercontent.com/Argimirodelpozo/puya-sol/HEAD/WIP/examples/rust-honk/out/ZKHonkVerifier/HonkVerifier__Helper52.arc56.json,2026-07-16,,0,d453811c
https://raw.githubusercontent.com/Argimirodelpozo/puya-sol/HEAD/WIP/examples/rust-honk/out/ZKHonkVerifier/HonkVerifier__Helper53.arc56.json,2026-07-16,,0,520f99e8
https://raw.githubusercontent.com/Argimirodelpozo/puya-sol/HEAD/WIP/examples/rust-honk/out/ZKHonkVerifier/HonkVerifier__Helper54.arc56.json,2026-07-16,,0,aff9ba7f
https://raw.githubusercontent.com/Argimirodelpozo/puya-sol/HEAD/WIP/examples/rust-honk/out/ZKHonkVerifier/HonkVerifier__Helper55.arc56.json,2026-07-16,,0,e051f745
https://raw.githubusercontent.com/Argimirodelpozo/puya-sol/HEAD/WIP/examples/rust-honk/out/ZKHonkVerifier/HonkVerifier__Helper56.arc56.json,2026-07-16,,0,3d812d62
https://raw.githubusercontent.com/Argimirodelpozo/puya-sol/HEAD/WIP/examples/rust-honk/out/ZKHonkVerifier/HonkVerifier__Helper57.arc56.json,2026-07-16,,0,cab98e6a
https://raw.githubusercontent.com/Argimirodelpozo/puya-sol/HEAD/WIP/examples/rust-honk/out/ZKHonkVerifier/HonkVerifier__Helper58.arc56.json,2026-07-16,,0,be03cf3f
https://raw.githubusercontent.com/Argimirodelpozo/puya-sol/HEAD/WIP/examples/rust-honk/out/ZKHonkVerifier/HonkVerifier__Helper59.arc56.json,2026-07-16,,0,f6b2cc82
https://raw.githubusercontent.com/Argimirodelpozo/puya-sol/HEAD/WIP/examples/rust-honk/out/ZKHonkVerifier/HonkVerifier__Helper6.arc56.json,2026-07-16,,0,f4cd6d22
https://raw.githubusercontent.com/Argimirodelpozo/puya-sol/HEAD/WIP/examples/rust-honk/out/ZKHonkVerifier/HonkVerifier__Helper60.arc56.json,2026-07-16,,0,0299932e
https://raw.githubusercontent.com/Argimirodelpozo/puya-sol/HEAD/WIP/examples/rust-honk/out/ZKHonkVerifier/HonkVerifier__Helper61.arc56.json,2026-07-16,,0,1cd3206c
https://raw.githubusercontent.com/Argimirodelpozo/puya-sol/HEAD/WIP/examples/rust-honk/out/ZKHonkVerifier/HonkVerifier__Helper62.arc56.json,2026-07-16,,0,3da500d9
https://raw.githubusercontent.com/Argimirodelpozo/puya-sol/HEAD/WIP/examples/rust-honk/out/ZKHonkVerifier/HonkVerifier__Helper63.arc56.json,2026-07-16,,0,c385082b
https://raw.githubusercontent.com/Argimirodelpozo/puya-sol/HEAD/WIP/examples/rust-honk/out/ZKHonkVerifier/HonkVerifier__Helper7.arc56.json,2026-07-16,,0,a07ae7da
https://raw.githubusercontent.com/Argimirodelpozo/puya-sol/HEAD/WIP/examples/rust-honk/out/ZKHonkVerifier/HonkVerifier__Helper8.arc56.json,2026-07-16,,0,1cf0a1b7
https://raw.githubusercontent.com/Argimirodelpozo/puya-sol/HEAD/WIP/examples/rust-honk/out/ZKHonkVerifier/HonkVerifier__Helper9.arc56.json,2026-07-16,,0,fc155b11
https://raw.githubusercontent.com/Argimirodelpozo/puya-sol/HEAD/WIP/examples/self_features/out/AbiEncode/AbiEncode.arc56.json,2026-07-16,,0,59241be4
https://raw.githubusercontent.com/Argimirodelpozo/puya-sol/HEAD/WIP/examples/self_features/out/AdvancedFeatureTest/AdvancedFeatureTest.arc56.json,2026-07-16,,0,e9a153c4
https://raw.githubusercontent.com/Argimirodelpozo/puya-sol/HEAD/WIP/examples/self_features/out/Airdrop/Airdrop.arc56.json,2026-07-16,,0,64a1bfd4
https://raw.githubusercontent.com/Argimirodelpozo/puya-sol/HEAD/WIP/examples/self_features/out/AirdropPatternsTest/AirdropPatternsTest.arc56.json,2026-07-16,,0,edf94ff8
https://raw.githubusercontent.com/Argimirodelpozo/puya-sol/HEAD/WIP/examples/self_features/out/AttributeHandlerTest/AttributeHandlerTest.arc56.json,2026-07-16,,0,83387a92
https://raw.githubusercontent.com/Argimirodelpozo/puya-sol/HEAD/WIP/examples/self_features/out/BN254Test/BN254Test.arc56.json,2026-07-16,,0,4632a1d5
https://raw.githubusercontent.com/Argimirodelpozo/puya-sol/HEAD/WIP/examples/self_features/out/BN256Test/BN256Test.arc56.json,2026-07-16,,0,ecfd49b2
https://raw.githubusercontent.com/Argimirodelpozo/puya-sol/HEAD/WIP/examples/self_features/out/BytesLibTest/BytesLibTest.arc56.json,2026-07-16,,0,419166e9
https://raw.githubusercontent.com/Argimirodelpozo/puya-sol/HEAD/WIP/examples/self_features/out/Calculator/Calculator.arc56.json,2026-07-16,,0,87ab5491
https://raw.githubusercontent.com/Argimirodelpozo/puya-sol/HEAD/WIP/examples/self_features/out/CircuitConstantsTest/CircuitConstantsTest.arc56.json,2026-07-16,,0,6308a877
https://raw.githubusercontent.com/Argimirodelpozo/puya-sol/HEAD/WIP/examples/self_features/out/ConstructorParamsTest/ConstructorParamsTest.arc56.json,2026-07-16,,0,f04b6131
https://raw.githubusercontent.com/Argimirodelpozo/puya-sol/HEAD/WIP/examples/self_features/out/CubicVerifier/CubicVerifier.arc56.json,2026-07-16,,0,36de9dc0
https://raw.githubusercontent.com/Argimirodelpozo/puya-sol/HEAD/WIP/examples/self_features/out/CustomErrorsTest/CustomErrorsTest.arc56.json,2026-07-16,,0,2b3dc357
https://raw.githubusercontent.com/Argimirodelpozo/puya-sol/HEAD/WIP/examples/self_features/out/DeepMerkleVerifier/DeepMerkleVerifier.arc56.json,2026-07-16,,0,6ef20198
https://raw.githubusercontent.com/Argimirodelpozo/puya-sol/HEAD/WIP/examples/self_features/out/EasyWinsTest/EasyWinsTest.arc56.json,2026-07-16,,0,ba938402
https://raw.githubusercontent.com/Argimirodelpozo/puya-sol/HEAD/WIP/examples/self_features/out/EventsTest/EventsTest.arc56.json,2026-07-16,,0,5a2f0e39
https://raw.githubusercontent.com/Argimirodelpozo/puya-sol/HEAD/WIP/examples/self_features/out/examples/self_features/out/Verifier_vc_and_disclose.arc56.json,2026-07-16,,0,cdf00157
https://raw.githubusercontent.com/Argimirodelpozo/puya-sol/HEAD/WIP/examples/self_features/out/FeatureTest/FeatureTest.arc56.json,2026-07-16,,0,a9207dd9
https://raw.githubusercontent.com/Argimirodelpozo/puya-sol/HEAD/WIP/examples/self_features/out/FormatterTest/FormatterTest.arc56.json,2026-07-16,,0,46fdf48b
https://raw.githubusercontent.com/Argimirodelpozo/puya-sol/HEAD/WIP/examples/self_features/out/FullChainVerifier/FullChainVerifier.arc56.json,2026-07-16,,0,d90c922f
https://raw.githubusercontent.com/Argimirodelpozo/puya-sol/HEAD/WIP/examples/self_features/out/Groth16Verifier/Groth16Verifier.arc56.json,2026-07-16,,0,c8f5091e
https://raw.githubusercontent.com/Argimirodelpozo/puya-sol/HEAD/WIP/examples/self_features/out/HashChainVerifier/HashChainVerifier.arc56.json,2026-07-16,,0,f3b73715
https://raw.githubusercontent.com/Argimirodelpozo/puya-sol/HEAD/WIP/examples/self_features/out/HashTest/HashTest.arc56.json,2026-07-16,,0,db5c3d55
https://raw.githubusercontent.com/Argimirodelpozo/puya-sol/HEAD/WIP/examples/self_features/out/InterAppCallTest/InterAppCallTest.arc56.json,2026-07-16,,0,45904e50
https://raw.githubusercontent.com/Argimirodelpozo/puya-sol/HEAD/WIP/examples/self_features/out/M01_LibraryCall/MathLibTest.arc56.json,2026-07-16,,0,1e955dc3
https://raw.githubusercontent.com/Argimirodelpozo/puya-sol/HEAD/WIP/examples/self_features/out/M02_BytesLib/BytesLibTest.arc56.json,2026-07-16,,0,2c2b0579
https://raw.githubusercontent.com/Argimirodelpozo/puya-sol/HEAD/WIP/examples/self_features/out/M03_StructTest/StructTest.arc56.json,2026-07-16,,0,ce324dc6
https://raw.githubusercontent.com/Argimirodelpozo/puya-sol/HEAD/WIP/examples/self_features/out/M04_StructStorage/StructStorageTest.arc56.json,2026-07-16,,0,ae692b08
https://raw.githubusercontent.com/Argimirodelpozo/puya-sol/HEAD/WIP/examples/self_features/out/M05_CustomErrors/CustomErrorsTest.arc56.json,2026-07-16,,0,ba7325e8
https://raw.githubusercontent.com/Argimirodelpozo/puya-sol/HEAD/WIP/examples/self_features/out/M06_HashTest/HashTest.arc56.json,2026-07-16,,0,ef6ac930
https://raw.githubusercontent.com/Argimirodelpozo/puya-sol/HEAD/WIP/examples/self_features/out/M07_NestedMap/NestedMapTest.arc56.json,2026-07-16,,0,614ac336
https://raw.githubusercontent.com/Argimirodelpozo/puya-sol/HEAD/WIP/examples/self_features/out/M08_Events/EventsTest.arc56.json,2026-07-16,,0,16925d43
https://raw.githubusercontent.com/Argimirodelpozo/puya-sol/HEAD/WIP/examples/self_features/out/M09_BN256Test/BN256Test.arc56.json,2026-07-16,,0,50270c94
https://raw.githubusercontent.com/Argimirodelpozo/puya-sol/HEAD/WIP/examples/self_features/out/M15_ConstructorParamsTest/ConstructorParamsTest.arc56.json,2026-07-16,,0,8bf9685d
https://raw.githubusercontent.com/Argimirodelpozo/puya-sol/HEAD/WIP/examples/self_features/out/M16_Calculator/Calculator.arc56.json,2026-07-16,,0,a1d7aa2d
https://raw.githubusercontent.com/Argimirodelpozo/puya-sol/HEAD/WIP/examples/self_features/out/M16_InterAppCall/InterAppCallTest.arc56.json,2026-07-16,,0,419552b3
https://raw.githubusercontent.com/Argimirodelpozo/puya-sol/HEAD/WIP/examples/self_features/out/M17_BN254Test/BN254Test.arc56.json,2026-07-16,,0,adeb53a4
https://raw.githubusercontent.com/Argimirodelpozo/puya-sol/HEAD/WIP/examples/self_features/out/M28_ModExpTest/ModExpTest.arc56.json,2026-07-16,,0,f207afcd
https://raw.githubusercontent.com/Argimirodelpozo/puya-sol/HEAD/WIP/examples/self_features/out/M29_FeatureTest/FeatureTest.arc56.json,2026-07-16,,0,6cf2f33c
https://raw.githubusercontent.com/Argimirodelpozo/puya-sol/HEAD/WIP/examples/self_features/out/M30_AdvancedFeatureTest/AdvancedFeatureTest.arc56.json,2026-07-16,,0,50640adf
https://raw.githubusercontent.com/Argimirodelpozo/puya-sol/HEAD/WIP/examples/self_features/out/M31_EasyWins/EasyWinsTest.arc56.json,2026-07-16,,0,13ad3f59
https://raw.githubusercontent.com/Argimirodelpozo/puya-sol/HEAD/WIP/examples/self_features/out/M32_StructAdvanced/StructAdvancedTest.arc56.json,2026-07-16,,0,cdfd9f52
https://raw.githubusercontent.com/Argimirodelpozo/puya-sol/HEAD/WIP/examples/self_features/out/M33_CrossContractCall/SafeTransferCaller.arc56.json,2026-07-16,,0,79d7cf5f
https://raw.githubusercontent.com/Argimirodelpozo/puya-sol/HEAD/WIP/examples/self_features/out/M33_MockToken/MockToken.arc56.json,2026-07-16,,0,fe3ab5cf
https://raw.githubusercontent.com/Argimirodelpozo/puya-sol/HEAD/WIP/examples/self_features/out/M34_StructMapping/StructMappingTest.arc56.json,2026-07-16,,0,a7ab3db5
https://raw.githubusercontent.com/Argimirodelpozo/puya-sol/HEAD/WIP/examples/self_features/out/M35_MappingDefaults/MappingDefaultsTest.arc56.json,2026-07-16,,0,10446215
https://raw.githubusercontent.com/Argimirodelpozo/puya-sol/HEAD/WIP/examples/self_features/out/M36_ConstructorParams/TokenWithSupply.arc56.json,2026-07-16,,0,94d68e9f
https://raw.githubusercontent.com/Argimirodelpozo/puya-sol/HEAD/WIP/examples/self_features/out/M37_TupleReturns/TupleReturnsTest.arc56.json,2026-07-16,,0,de7826ff
https://raw.githubusercontent.com/Argimirodelpozo/puya-sol/HEAD/WIP/examples/self_features/out/M38_PublicGetters/PublicGettersTest.arc56.json,2026-07-16,,0,632e269e
https://raw.githubusercontent.com/Argimirodelpozo/puya-sol/HEAD/WIP/examples/self_features/out/M39_PostIncrement/PostIncrementTest.arc56.json,2026-07-16,,0,837490d6
https://raw.githubusercontent.com/Argimirodelpozo/puya-sol/HEAD/WIP/examples/self_features/out/M40_ReturnCallee/ReturnCallee.arc56.json,2026-07-16,,0,1b453397
https://raw.githubusercontent.com/Argimirodelpozo/puya-sol/HEAD/WIP/examples/self_features/out/M40_ReturnCaller/ReturnCaller.arc56.json,2026-07-16,,0,9cb61352
https://raw.githubusercontent.com/Argimirodelpozo/puya-sol/HEAD/WIP/examples/self_features/out/M41_StructCallee/StructCallee.arc56.json,2026-07-16,,0,e3253d18
https://raw.githubusercontent.com/Argimirodelpozo/puya-sol/HEAD/WIP/examples/self_features/out/M41_StructCaller/StructCaller.arc56.json,2026-07-16,,0,ac43d0db
https://raw.githubusercontent.com/Argimirodelpozo/puya-sol/HEAD/WIP/examples/self_features/out/M42_AbiEncode/AbiEncode.arc56.json,2026-07-16,,0,8be5da47
https://raw.githubusercontent.com/Argimirodelpozo/puya-sol/HEAD/WIP/examples/self_features/out/M43_MultiContract/TokenA.arc56.json,2026-07-16,,0,b0210624
https://raw.githubusercontent.com/Argimirodelpozo/puya-sol/HEAD/WIP/examples/self_features/out/M43_MultiContract/TokenB.arc56.json,2026-07-16,,0,6bd57b7c
https://raw.githubusercontent.com/Argimirodelpozo/puya-sol/HEAD/WIP/examples/self_features/out/MappingDefaultsTest/MappingDefaultsTest.arc56.json,2026-07-16,,0,0175a608
https://raw.githubusercontent.com/Argimirodelpozo/puya-sol/HEAD/WIP/examples/self_features/out/MathLibTest/MathLibTest.arc56.json,2026-07-16,,0,9b07b650
https://raw.githubusercontent.com/Argimirodelpozo/puya-sol/HEAD/WIP/examples/self_features/out/MerkleVerifier/MerkleVerifier.arc56.json,2026-07-16,,0,6bf32822
https://raw.githubusercontent.com/Argimirodelpozo/puya-sol/HEAD/WIP/examples/self_features/out/MockToken/MockToken.arc56.json,2026-07-16,,0,fcb495d2
https://raw.githubusercontent.com/Argimirodelpozo/puya-sol/HEAD/WIP/examples/self_features/out/ModExpTest/ModExpTest.arc56.json,2026-07-16,,0,0e0e3642
https://raw.githubusercontent.com/Argimirodelpozo/puya-sol/HEAD/WIP/examples/self_features/out/MultiContract/TokenA.arc56.json,2026-07-16,,0,6ea71ce6
https://raw.githubusercontent.com/Argimirodelpozo/puya-sol/HEAD/WIP/examples/self_features/out/MultiContract/TokenB.arc56.json,2026-07-16,,0,e986840b
https://raw.githubusercontent.com/Argimirodelpozo/puya-sol/HEAD/WIP/examples/self_features/out/NestedMapTest/NestedMapTest.arc56.json,2026-07-16,,0,f3deb815
https://raw.githubusercontent.com/Argimirodelpozo/puya-sol/HEAD/WIP/examples/self_features/out/PolynomialVerifier/PolynomialVerifier.arc56.json,2026-07-16,,0,f79ddab3
https://raw.githubusercontent.com/Argimirodelpozo/puya-sol/HEAD/WIP/examples/self_features/out/PoseidonVerifier/PoseidonVerifier.arc56.json,2026-07-16,,0,4503036e
https://raw.githubusercontent.com/Argimirodelpozo/puya-sol/HEAD/WIP/examples/self_features/out/PostIncrementTest/PostIncrementTest.arc56.json,2026-07-16,,0,cf984ad8
https://raw.githubusercontent.com/Argimirodelpozo/puya-sol/HEAD/WIP/examples/self_features/out/PublicGettersTest/PublicGettersTest.arc56.json,2026-07-16,,0,58e552f4
https://raw.githubusercontent.com/Argimirodelpozo/puya-sol/HEAD/WIP/examples/self_features/out/RangeProofVerifier/RangeProofVerifier.arc56.json,2026-07-16,,0,184bd776
https://raw.githubusercontent.com/Argimirodelpozo/puya-sol/HEAD/WIP/examples/self_features/out/ReturnCallee/ReturnCallee.arc56.json,2026-07-16,,0,39d3a952
https://raw.githubusercontent.com/Argimirodelpozo/puya-sol/HEAD/WIP/examples/self_features/out/ReturnCaller/ReturnCaller.arc56.json,2026-07-16,,0,05a66e8e
https://raw.githubusercontent.com/Argimirodelpozo/puya-sol/HEAD/WIP/examples/self_features/out/SafeTransferCaller/SafeTransferCaller.arc56.json,2026-07-16,,0,ac9780e5
https://raw.githubusercontent.com/Argimirodelpozo/puya-sol/HEAD/WIP/examples/self_features/out/SelfVerificationRootTest/SelfVerificationRootTest.arc56.json,2026-07-16,,0,da8e24d7
https://raw.githubusercontent.com/Argimirodelpozo/puya-sol/HEAD/WIP/examples/self_features/out/SemaphoreVerifier/SemaphoreVerifier.arc56.json,2026-07-16,,0,8a659c68
https://raw.githubusercontent.com/Argimirodelpozo/puya-sol/HEAD/WIP/examples/self_features/out/StructAdvancedTest/StructAdvancedTest.arc56.json,2026-07-16,,0,442ccefd
https://raw.githubusercontent.com/Argimirodelpozo/puya-sol/HEAD/WIP/examples/self_features/out/StructCallee/StructCallee.arc56.json,2026-07-16,,0,a6708e2f
https://raw.githubusercontent.com/Argimirodelpozo/puya-sol/HEAD/WIP/examples/self_features/out/StructCaller/StructCaller.arc56.json,2026-07-16,,0,e000e2ed
https://raw.githubusercontent.com/Argimirodelpozo/puya-sol/HEAD/WIP/examples/self_features/out/StructMappingTest/StructMappingTest.arc56.json,2026-07-16,,0,5ea232f0
https://raw.githubusercontent.com/Argimirodelpozo/puya-sol/HEAD/WIP/examples/self_features/out/StructStorageTest/StructStorageTest.arc56.json,2026-07-16,,0,4ce8c9c0
https://raw.githubusercontent.com/Argimirodelpozo/puya-sol/HEAD/WIP/examples/self_features/out/StructTest/StructTest.arc56.json,2026-07-16,,0,3aff559f
https://raw.githubusercontent.com/Argimirodelpozo/puya-sol/HEAD/WIP/examples/self_features/out/TokenA/TokenA.arc56.json,2026-07-16,,0,d48066b5
https://raw.githubusercontent.com/Argimirodelpozo/puya-sol/HEAD/WIP/examples/self_features/out/TokenA/TokenB.arc56.json,2026-07-16,,0,8e2d99bb
https://raw.githubusercontent.com/Argimirodelpozo/puya-sol/HEAD/WIP/examples/self_features/out/TokenWithSupply/TokenWithSupply.arc56.json,2026-07-16,,0,efe5aa18
https://raw.githubusercontent.com/Argimirodelpozo/puya-sol/HEAD/WIP/examples/self_features/out/TupleReturnsTest/TupleReturnsTest.arc56.json,2026-07-16,,0,73331d84
https://raw.githubusercontent.com/Argimirodelpozo/puya-sol/HEAD/WIP/examples/self_features/out/Verifier_vc_and_disclose.arc56.json,2026-07-16,,0,3e9d2bb8
https://raw.githubusercontent.com/Argimirodelpozo/puya-sol/HEAD/WIP/examples/self_features/out/Verifier_vc_and_disclose/Verifier_vc_and_disclose.arc56.json,2026-07-16,,0,db7dd71f
https://raw.githubusercontent.com/Argimirodelpozo/puya-sol/HEAD/WIP/examples/solady/out/CREATE3Wrapper/CREATE3Wrapper.arc56.json,2026-07-16,,0,fdb81b8c
https://raw.githubusercontent.com/Argimirodelpozo/puya-sol/HEAD/WIP/examples/solady/out/DateTimeWrapper/DateTimeWrapper.arc56.json,2026-07-16,,0,4b9db78b
https://raw.githubusercontent.com/Argimirodelpozo/puya-sol/HEAD/WIP/examples/solady/out/DateTimeWrapper/DateTimeWrapper__Helper1.arc56.json,2026-07-16,,0,06d46da2
https://raw.githubusercontent.com/Argimirodelpozo/puya-sol/HEAD/WIP/examples/solady/out/DateTimeWrapper/DateTimeWrapper__Helper2.arc56.json,2026-07-16,,0,4c7775ee
https://raw.githubusercontent.com/Argimirodelpozo/puya-sol/HEAD/WIP/examples/solady/out/DynamicBufferWrapper/DynamicBufferWrapper.arc56.json,2026-07-16,,0,527db8d4
https://raw.githubusercontent.com/Argimirodelpozo/puya-sol/HEAD/WIP/examples/solady/out/EIP712Wrapper/EIP712Wrapper.arc56.json,2026-07-16,,0,8ea74f76
https://raw.githubusercontent.com/Argimirodelpozo/puya-sol/HEAD/WIP/examples/solady/out/EnumerableMapWrapper/EnumerableMapWrapper.arc56.json,2026-07-16,,0,bf1ef6b1
https://raw.githubusercontent.com/Argimirodelpozo/puya-sol/HEAD/WIP/examples/solady/out/EnumerableSetWrapper/EnumerableSetWrapper.arc56.json,2026-07-16,,0,2ab4262a
https://raw.githubusercontent.com/Argimirodelpozo/puya-sol/HEAD/WIP/examples/solady/out/ERC2981Wrapper/ERC2981Wrapper.arc56.json,2026-07-16,,0,2143be81
https://raw.githubusercontent.com/Argimirodelpozo/puya-sol/HEAD/WIP/examples/solady/out/ERC4626Wrapper/ERC4626Wrapper__Helper1.arc56.json,2026-07-16,,0,50907779
https://raw.githubusercontent.com/Argimirodelpozo/puya-sol/HEAD/WIP/examples/solady/out/ERC4626Wrapper/ERC4626Wrapper__Helper2.arc56.json,2026-07-16,,0,3e021c30
https://raw.githubusercontent.com/Argimirodelpozo/puya-sol/HEAD/WIP/examples/solady/out/ERC6909Wrapper/ERC6909Wrapper.arc56.json,2026-07-16,,0,808a3ea7
https://raw.githubusercontent.com/Argimirodelpozo/puya-sol/HEAD/WIP/examples/solady/out/FixedPointMathWrapper/FixedPointMathWrapper.arc56.json,2026-07-16,,0,b28783ab
https://raw.githubusercontent.com/Argimirodelpozo/puya-sol/HEAD/WIP/examples/solady/out/FixedPointMathWrapper/FixedPointMathWrapper__Helper2.arc56.json,2026-07-16,,0,85a8490e
https://raw.githubusercontent.com/Argimirodelpozo/puya-sol/HEAD/WIP/examples/solady/out/FixedPointMathWrapper/FixedPointMathWrapper__Helper3.arc56.json,2026-07-16,,0,e5225262
https://raw.githubusercontent.com/Argimirodelpozo/puya-sol/HEAD/WIP/examples/solady/out/FixedPointMathWrapper/FixedPointMathWrapper__Helper4.arc56.json,2026-07-16,,0,c549d396
https://raw.githubusercontent.com/Argimirodelpozo/puya-sol/HEAD/WIP/examples/solady/out/GasBurnerWrapper/GasBurnerWrapper.arc56.json,2026-07-16,,0,6eafa56a
https://raw.githubusercontent.com/Argimirodelpozo/puya-sol/HEAD/WIP/examples/solady/out/LibBitWrapper/LibBitWrapper.arc56.json,2026-07-16,,0,82e18871
https://raw.githubusercontent.com/Argimirodelpozo/puya-sol/HEAD/WIP/examples/solady/out/LibCallWrapper/LibCallWrapper.arc56.json,2026-07-16,,0,dcf7c57e
https://raw.githubusercontent.com/Argimirodelpozo/puya-sol/HEAD/WIP/examples/solady/out/LibMapWrapper/LibMapWrapper.arc56.json,2026-07-16,,0,5cb9e8e9
https://raw.githubusercontent.com/Argimirodelpozo/puya-sol/HEAD/WIP/examples/solady/out/LibPRNGWrapper/LibPRNGWrapper.arc56.json,2026-07-16,,0,d827b39d
https://raw.githubusercontent.com/Argimirodelpozo/puya-sol/HEAD/WIP/examples/solady/out/LibRLPWrapper/LibRLPWrapper.arc56.json,2026-07-16,,0,8cec291d
https://raw.githubusercontent.com/Argimirodelpozo/puya-sol/HEAD/WIP/examples/solady/out/LibZipWrapper/LibZipWrapper.arc56.json,2026-07-16,,0,1abea0dd
https://raw.githubusercontent.com/Argimirodelpozo/puya-sol/HEAD/WIP/examples/solady/out/LibZipWrapper/LibZipWrapper__Helper1.arc56.json,2026-07-16,,0,a2b8ac33
https://raw.githubusercontent.com/Argimirodelpozo/puya-sol/HEAD/WIP/examples/solady/out/LibZipWrapper/LibZipWrapper__Helper3.arc56.json,2026-07-16,,0,0498b4c0
https://raw.githubusercontent.com/Argimirodelpozo/puya-sol/HEAD/WIP/examples/solady/out/LibZipWrapper/LibZipWrapper__Helper4.arc56.json,2026-07-16,,0,53204535
https://raw.githubusercontent.com/Argimirodelpozo/puya-sol/HEAD/WIP/examples/solady/out/LifebuoyWrapper/Lifebuoy.arc56.json,2026-07-16,,0,c9165c87
https://raw.githubusercontent.com/Argimirodelpozo/puya-sol/HEAD/WIP/examples/solady/out/LifebuoyWrapper/LifebuoyWrapper.arc56.json,2026-07-16,,0,92aafc7d
https://raw.githubusercontent.com/Argimirodelpozo/puya-sol/HEAD/WIP/examples/solady/out/MinHeapWrapper/MinHeapWrapper.arc56.json,2026-07-16,,0,d0d49290
https://raw.githubusercontent.com/Argimirodelpozo/puya-sol/HEAD/WIP/examples/solady/out/OwnableWrapper/OwnableWrapper.arc56.json,2026-07-16,,0,cf569d6e
https://raw.githubusercontent.com/Argimirodelpozo/puya-sol/HEAD/WIP/examples/solady/out/P256Wrapper/P256Wrapper.arc56.json,2026-07-16,,0,85883505
https://raw.githubusercontent.com/Argimirodelpozo/puya-sol/HEAD/WIP/examples/solady/out/ReceiverWrapper/ReceiverWrapper.arc56.json,2026-07-16,,0,79015ae6
https://raw.githubusercontent.com/Argimirodelpozo/puya-sol/HEAD/WIP/examples/solady/out/ReentrancyGuardWrapper/ReentrancyGuardWrapper.arc56.json,2026-07-16,,0,985bffa1
https://raw.githubusercontent.com/Argimirodelpozo/puya-sol/HEAD/WIP/examples/solady/out/SafeCastWrapper/SafeCastWrapper.arc56.json,2026-07-16,,0,1da62dc5
https://raw.githubusercontent.com/Argimirodelpozo/puya-sol/HEAD/WIP/examples/solady/out/SafeTransferWrapper/SafeTransferWrapper.arc56.json,2026-07-16,,0,15585a3f
https://raw.githubusercontent.com/Argimirodelpozo/puya-sol/HEAD/WIP/examples/solady/out/TimedRolesWrapper/TimedRolesWrapper.arc56.json,2026-07-16,,0,3c446380
https://raw.githubusercontent.com/Argimirodelpozo/puya-sol/HEAD/WIP/examples/solmate-erc1155/out/ERC1155/ERC1155.arc56.json,2026-07-16,,0,42da3659
https://raw.githubusercontent.com/Argimirodelpozo/puya-sol/HEAD/WIP/examples/solmate-erc20/out/ERC20/ERC20.arc56.json,2026-07-16,,0,0528c9c6
https://raw.githubusercontent.com/Argimirodelpozo/puya-sol/HEAD/WIP/examples/solmate-erc6909/out/ERC6909/ERC6909.arc56.json,2026-07-16,,0,6c69ad42
https://raw.githubusercontent.com/Argimirodelpozo/puya-sol/HEAD/WIP/examples/solmate-erc721/out/ERC721/ERC721.arc56.json,2026-07-16,,0,92ea5d7e
https://raw.githubusercontent.com/Argimirodelpozo/puya-sol/HEAD/WIP/examples/solmate-roles/out/RolesAuthority/RolesAuthority.arc56.json,2026-07-16,,0,4597d13d
https://raw.githubusercontent.com/Argimirodelpozo/puya-sol/HEAD/WIP/examples/staking/out/StakeToken/StakeToken.arc56.json,2026-07-16,,0,eec87962
https://raw.githubusercontent.com/Argimirodelpozo/puya-sol/HEAD/WIP/examples/staking/out/StakingRewards/StakingRewards.arc56.json,2026-07-16,,0,f1bfea8c
https://raw.githubusercontent.com/Argimirodelpozo/puya-sol/HEAD/WIP/examples/sushiswap-v2/out/ERC20MockTest/ERC20Mock.arc56.json,2026-07-16,,0,6f1e194e
https://raw.githubusercontent.com/Argimirodelpozo/puya-sol/HEAD/WIP/examples/sushiswap-v2/out/FactoryMockTest/FactoryMock.arc56.json,2026-07-16,,0,2248055e
https://raw.githubusercontent.com/Argimirodelpozo/puya-sol/HEAD/WIP/examples/sushiswap-v2/out/PairTestHelperTest/PairTestHelper.arc56.json,2026-07-16,,0,b4c72f33
https://raw.githubusercontent.com/Argimirodelpozo/puya-sol/HEAD/WIP/examples/sushiswap-v2/out/PairTestHelperTest/UniswapV2ERC20.arc56.json,2026-07-16,,0,fd6ef90b
https://raw.githubusercontent.com/Argimirodelpozo/puya-sol/HEAD/WIP/examples/sushiswap-v2/out/PairTestHelperTest/UniswapV2Pair.arc56.json,2026-07-16,,0,0cfc47b9
https://raw.githubusercontent.com/Argimirodelpozo/puya-sol/HEAD/WIP/examples/sushiswap-v2/out/UniswapV2ERC20Test/UniswapV2ERC20.arc56.json,2026-07-16,,0,eb7f2ec9
https://raw.githubusercontent.com/Argimirodelpozo/puya-sol/HEAD/WIP/examples/sushiswap-v2/out/UniswapV2PairTest/UniswapV2ERC20.arc56.json,2026-07-16,,0,4f47e258
https://raw.githubusercontent.com/Argimirodelpozo/puya-sol/HEAD/WIP/examples/sushiswap-v2/out/UniswapV2PairTest/UniswapV2Pair.arc56.json,2026-07-16,,0,e9ea371d
https://raw.githubusercontent.com/Argimirodelpozo/puya-sol/HEAD/WIP/examples/synthetix-staking/out/StakingRewards/StakingRewards.arc56.json,2026-07-16,,0,7319eef2
https://raw.githubusercontent.com/Argimirodelpozo/puya-sol/HEAD/WIP/examples/timelock/out/TimelockController/TimelockController.arc56.json,2026-07-16,,0,d43e8371
https://raw.githubusercontent.com/Argimirodelpozo/puya-sol/HEAD/WIP/examples/tornado-cash/out/ETHTornado/ETHTornado.arc56.json,2026-07-16,,0,1e3bccbe
https://raw.githubusercontent.com/Argimirodelpozo/puya-sol/HEAD/WIP/examples/tornado-cash/out/ETHTornado/MerkleTreeWithHistory.arc56.json,2026-07-16,,0,9825f82c
https://raw.githubusercontent.com/Argimirodelpozo/puya-sol/HEAD/WIP/examples/tornado-cash/out/HasherMock/HasherMock.arc56.json,2026-07-16,,0,43bc0209
https://raw.githubusercontent.com/Argimirodelpozo/puya-sol/HEAD/WIP/examples/tornado-cash/out/HasherMock/MerkleTreeWithHistory.arc56.json,2026-07-16,,0,d9d1862f
https://raw.githubusercontent.com/Argimirodelpozo/puya-sol/HEAD/WIP/examples/tornado-cash/out/MerkleTreeWithHistory/MerkleTreeWithHistory.arc56.json,2026-07-16,,0,c12036f1
https://raw.githubusercontent.com/Argimirodelpozo/puya-sol/HEAD/WIP/examples/tornado-cash/out/MerkleTreeWithHistoryMock/MerkleTreeWithHistory.arc56.json,2026-07-16,,0,41663c97
https://raw.githubusercontent.com/Argimirodelpozo/puya-sol/HEAD/WIP/examples/tornado-cash/out/MerkleTreeWithHistoryMock/MerkleTreeWithHistoryMock.arc56.json,2026-07-16,,0,9532a8e6
https://raw.githubusercontent.com/Argimirodelpozo/puya-sol/HEAD/WIP/examples/tornado-cash/out/Verifier/Verifier.arc56.json,2026-07-16,,0,384cf1bb
https://raw.githubusercontent.com/Argimirodelpozo/puya-sol/HEAD/WIP/examples/tornado-cash/out/VerifierMock/MerkleTreeWithHistory.arc56.json,2026-07-16,,0,b21abd99
https://raw.githubusercontent.com/Argimirodelpozo/puya-sol/HEAD/WIP/examples/tornado-cash/out/VerifierMock/VerifierMock.arc56.json,2026-07-16,,0,d3c49978
https://raw.githubusercontent.com/Argimirodelpozo/puya-sol/HEAD/WIP/examples/tornado-cash/out/VerifierUnsplit/Verifier.arc56.json,2026-07-16,,0,ed2ed103
https://raw.githubusercontent.com/Argimirodelpozo/puya-sol/HEAD/WIP/examples/uniswap-v2/out/UniswapV2ERC20/UniswapV2ERC20.arc56.json,2026-07-16,,0,4f71b228
https://raw.githubusercontent.com/Argimirodelpozo/puya-sol/HEAD/WIP/examples/uniswap-v2/out/UniswapV2Factory/UniswapV2Factory.arc56.json,2026-07-16,,0,cca1e81c
https://raw.githubusercontent.com/Argimirodelpozo/puya-sol/HEAD/WIP/examples/uniswap-v2/out/UniswapV2Pair/UniswapV2Pair.arc56.json,2026-07-16,,0,a805eaef
https://raw.githubusercontent.com/Argimirodelpozo/puya-sol/HEAD/WIP/examples/uniswap-v4/out/PoolManager/PoolManager.arc56.json,2026-07-16,,0,ce705f83
https://raw.githubusercontent.com/Argimirodelpozo/puya-sol/HEAD/WIP/examples/uniswap-v4/out/PoolManager/PoolManager__Helper1.arc56.json,2026-07-16,,0,77435eb5
https://raw.githubusercontent.com/Argimirodelpozo/puya-sol/HEAD/WIP/examples/uniswap-v4/out/PoolManager/PoolManager__Helper10.arc56.json,2026-07-16,,0,cc248830
https://raw.githubusercontent.com/Argimirodelpozo/puya-sol/HEAD/WIP/examples/uniswap-v4/out/PoolManager/PoolManager__Helper11.arc56.json,2026-07-16,,0,01339bfe
https://raw.githubusercontent.com/Argimirodelpozo/puya-sol/HEAD/WIP/examples/uniswap-v4/out/PoolManager/PoolManager__Helper12.arc56.json,2026-07-16,,0,d23440c3
https://raw.githubusercontent.com/Argimirodelpozo/puya-sol/HEAD/WIP/examples/uniswap-v4/out/PoolManager/PoolManager__Helper13.arc56.json,2026-07-16,,0,9b202a83
https://raw.githubusercontent.com/Argimirodelpozo/puya-sol/HEAD/WIP/examples/uniswap-v4/out/PoolManager/PoolManager__Helper14.arc56.json,2026-07-16,,0,da6a38f7
https://raw.githubusercontent.com/Argimirodelpozo/puya-sol/HEAD/WIP/examples/uniswap-v4/out/PoolManager/PoolManager__Helper15.arc56.json,2026-07-16,,0,0290d241
https://raw.githubusercontent.com/Argimirodelpozo/puya-sol/HEAD/WIP/examples/uniswap-v4/out/PoolManager/PoolManager__Helper16.arc56.json,2026-07-16,,0,5c9929a6
https://raw.githubusercontent.com/Argimirodelpozo/puya-sol/HEAD/WIP/examples/uniswap-v4/out/PoolManager/PoolManager__Helper17.arc56.json,2026-07-16,,0,e330ac76
https://raw.githubusercontent.com/Argimirodelpozo/puya-sol/HEAD/WIP/examples/uniswap-v4/out/PoolManager/PoolManager__Helper18.arc56.json,2026-07-16,,0,340de193
https://raw.githubusercontent.com/Argimirodelpozo/puya-sol/HEAD/WIP/examples/uniswap-v4/out/PoolManager/PoolManager__Helper19.arc56.json,2026-07-16,,0,e66a9eac
https://raw.githubusercontent.com/Argimirodelpozo/puya-sol/HEAD/WIP/examples/uniswap-v4/out/PoolManager/PoolManager__Helper2.arc56.json,2026-07-16,,0,78b62c67
https://raw.githubusercontent.com/Argimirodelpozo/puya-sol/HEAD/WIP/examples/uniswap-v4/out/PoolManager/PoolManager__Helper20.arc56.json,2026-07-16,,0,9d67fdb0
https://raw.githubusercontent.com/Argimirodelpozo/puya-sol/HEAD/WIP/examples/uniswap-v4/out/PoolManager/PoolManager__Helper21.arc56.json,2026-07-16,,0,e2dbfed4
https://raw.githubusercontent.com/Argimirodelpozo/puya-sol/HEAD/WIP/examples/uniswap-v4/out/PoolManager/PoolManager__Helper22.arc56.json,2026-07-16,,0,8153d3c2
https://raw.githubusercontent.com/Argimirodelpozo/puya-sol/HEAD/WIP/examples/uniswap-v4/out/PoolManager/PoolManager__Helper23.arc56.json,2026-07-16,,0,60400d96
https://raw.githubusercontent.com/Argimirodelpozo/puya-sol/HEAD/WIP/examples/uniswap-v4/out/PoolManager/PoolManager__Helper24.arc56.json,2026-07-16,,0,a508ace1
https://raw.githubusercontent.com/Argimirodelpozo/puya-sol/HEAD/WIP/examples/uniswap-v4/out/PoolManager/PoolManager__Helper25.arc56.json,2026-07-16,,0,f05a8a8d
https://raw.githubusercontent.com/Argimirodelpozo/puya-sol/HEAD/WIP/examples/uniswap-v4/out/PoolManager/PoolManager__Helper26.arc56.json,2026-07-16,,0,08c32411
https://raw.githubusercontent.com/Argimirodelpozo/puya-sol/HEAD/WIP/examples/uniswap-v4/out/PoolManager/PoolManager__Helper27.arc56.json,2026-07-16,,0,e264990f
https://raw.githubusercontent.com/Argimirodelpozo/puya-sol/HEAD/WIP/examples/uniswap-v4/out/PoolManager/PoolManager__Helper28.arc56.json,2026-07-16,,0,237ab7f2
https://raw.githubusercontent.com/Argimirodelpozo/puya-sol/HEAD/WIP/examples/uniswap-v4/out/PoolManager/PoolManager__Helper29.arc56.json,2026-07-16,,0,af369f19
https://raw.githubusercontent.com/Argimirodelpozo/puya-sol/HEAD/WIP/examples/uniswap-v4/out/PoolManager/PoolManager__Helper3.arc56.json,2026-07-16,,0,eeea2a76
https://raw.githubusercontent.com/Argimirodelpozo/puya-sol/HEAD/WIP/examples/uniswap-v4/out/PoolManager/PoolManager__Helper30.arc56.json,2026-07-16,,0,69f8f122
https://raw.githubusercontent.com/Argimirodelpozo/puya-sol/HEAD/WIP/examples/uniswap-v4/out/PoolManager/PoolManager__Helper31.arc56.json,2026-07-16,,0,feaeaf67
https://raw.githubusercontent.com/Argimirodelpozo/puya-sol/HEAD/WIP/examples/uniswap-v4/out/PoolManager/PoolManager__Helper32.arc56.json,2026-07-16,,0,82acc15c
https://raw.githubusercontent.com/Argimirodelpozo/puya-sol/HEAD/WIP/examples/uniswap-v4/out/PoolManager/PoolManager__Helper33.arc56.json,2026-07-16,,0,ecdf9f4c
https://raw.githubusercontent.com/Argimirodelpozo/puya-sol/HEAD/WIP/examples/uniswap-v4/out/PoolManager/PoolManager__Helper34.arc56.json,2026-07-16,,0,d0091ca2
https://raw.githubusercontent.com/Argimirodelpozo/puya-sol/HEAD/WIP/examples/uniswap-v4/out/PoolManager/PoolManager__Helper35.arc56.json,2026-07-16,,0,9a47f21c
https://raw.githubusercontent.com/Argimirodelpozo/puya-sol/HEAD/WIP/examples/uniswap-v4/out/PoolManager/PoolManager__Helper36.arc56.json,2026-07-16,,0,3188d62a
https://raw.githubusercontent.com/Argimirodelpozo/puya-sol/HEAD/WIP/examples/uniswap-v4/out/PoolManager/PoolManager__Helper37.arc56.json,2026-07-16,,0,8447761d
https://raw.githubusercontent.com/Argimirodelpozo/puya-sol/HEAD/WIP/examples/uniswap-v4/out/PoolManager/PoolManager__Helper38.arc56.json,2026-07-16,,0,8172defb
https://raw.githubusercontent.com/Argimirodelpozo/puya-sol/HEAD/WIP/examples/uniswap-v4/out/PoolManager/PoolManager__Helper39.arc56.json,2026-07-16,,0,9e7be486
https://raw.githubusercontent.com/Argimirodelpozo/puya-sol/HEAD/WIP/examples/uniswap-v4/out/PoolManager/PoolManager__Helper4.arc56.json,2026-07-16,,0,6029c305
https://raw.githubusercontent.com/Argimirodelpozo/puya-sol/HEAD/WIP/examples/uniswap-v4/out/PoolManager/PoolManager__Helper40.arc56.json,2026-07-16,,0,7fa7fc7a
https://raw.githubusercontent.com/Argimirodelpozo/puya-sol/HEAD/WIP/examples/uniswap-v4/out/PoolManager/PoolManager__Helper41.arc56.json,2026-07-16,,0,85bc39ad
https://raw.githubusercontent.com/Argimirodelpozo/puya-sol/HEAD/WIP/examples/uniswap-v4/out/PoolManager/PoolManager__Helper42.arc56.json,2026-07-16,,0,7419d991
https://raw.githubusercontent.com/Argimirodelpozo/puya-sol/HEAD/WIP/examples/uniswap-v4/out/PoolManager/PoolManager__Helper43.arc56.json,2026-07-16,,0,bf6e2341
https://raw.githubusercontent.com/Argimirodelpozo/puya-sol/HEAD/WIP/examples/uniswap-v4/out/PoolManager/PoolManager__Helper44.arc56.json,2026-07-16,,0,955443ae
https://raw.githubusercontent.com/Argimirodelpozo/puya-sol/HEAD/WIP/examples/uniswap-v4/out/PoolManager/PoolManager__Helper45.arc56.json,2026-07-16,,0,f3f32ada
https://raw.githubusercontent.com/Argimirodelpozo/puya-sol/HEAD/WIP/examples/uniswap-v4/out/PoolManager/PoolManager__Helper46.arc56.json,2026-07-16,,0,7dc2d596
https://raw.githubusercontent.com/Argimirodelpozo/puya-sol/HEAD/WIP/examples/uniswap-v4/out/PoolManager/PoolManager__Helper47.arc56.json,2026-07-16,,0,8128b07a
https://raw.githubusercontent.com/Argimirodelpozo/puya-sol/HEAD/WIP/examples/uniswap-v4/out/PoolManager/PoolManager__Helper48.arc56.json,2026-07-16,,0,27df18cb
https://raw.githubusercontent.com/Argimirodelpozo/puya-sol/HEAD/WIP/examples/uniswap-v4/out/PoolManager/PoolManager__Helper49.arc56.json,2026-07-16,,0,742c3dbd
https://raw.githubusercontent.com/Argimirodelpozo/puya-sol/HEAD/WIP/examples/uniswap-v4/out/PoolManager/PoolManager__Helper5.arc56.json,2026-07-16,,0,410afb7d
https://raw.githubusercontent.com/Argimirodelpozo/puya-sol/HEAD/WIP/examples/uniswap-v4/out/PoolManager/PoolManager__Helper50.arc56.json,2026-07-16,,0,e4accf80
https://raw.githubusercontent.com/Argimirodelpozo/puya-sol/HEAD/WIP/examples/uniswap-v4/out/PoolManager/PoolManager__Helper51.arc56.json,2026-07-16,,0,1e1c2eed
https://raw.githubusercontent.com/Argimirodelpozo/puya-sol/HEAD/WIP/examples/uniswap-v4/out/PoolManager/PoolManager__Helper52.arc56.json,2026-07-16,,0,ce8e1e01
https://raw.githubusercontent.com/Argimirodelpozo/puya-sol/HEAD/WIP/examples/uniswap-v4/out/PoolManager/PoolManager__Helper53.arc56.json,2026-07-16,,0,05f03d3c
https://raw.githubusercontent.com/Argimirodelpozo/puya-sol/HEAD/WIP/examples/uniswap-v4/out/PoolManager/PoolManager__Helper6.arc56.json,2026-07-16,,0,917162b7
https://raw.githubusercontent.com/Argimirodelpozo/puya-sol/HEAD/WIP/examples/uniswap-v4/out/PoolManager/PoolManager__Helper7.arc56.json,2026-07-16,,0,dc3e29bc
https://raw.githubusercontent.com/Argimirodelpozo/puya-sol/HEAD/WIP/examples/uniswap-v4/out/PoolManager/PoolManager__Helper8.arc56.json,2026-07-16,,0,e6ae01dc
https://raw.githubusercontent.com/Argimirodelpozo/puya-sol/HEAD/WIP/examples/uniswap-v4/out/PoolManager/PoolManager__Helper9.arc56.json,2026-07-16,,0,9456aafd
https://raw.githubusercontent.com/Argimirodelpozo/puya-sol/HEAD/WIP/examples/vesting/out/TokenVesting/TokenVesting.arc56.json,2026-07-16,,0,a7cc167d
https://raw.githubusercontent.com/Argimirodelpozo/puya-sol/HEAD/WIP/examples/vesting/out/VestingToken/TokenVesting.arc56.json,2026-07-16,,0,7d5669ad
https://raw.githubusercontent.com/Argimirodelpozo/puya-sol/HEAD/WIP/examples/vesting/out/VestingToken/VestingToken.arc56.json,2026-07-16,,0,cc040316
https://raw.githubusercontent.com/Argimirodelpozo/puya-sol/HEAD/WIP/examples/weth9/out/WETH9/WETH9.arc56.json,2026-07-16,,0,d6a468d2
https://raw.githubusercontent.com/Argimirodelpozo/puya-sol/HEAD/WIP/examples/zk-kit/out/BinaryIMTTest/BinaryIMTTest.arc56.json,2026-07-16,,0,c1082249
https://raw.githubusercontent.com/Argimirodelpozo/puya-sol/HEAD/WIP/examples/zk-kit/out/LazyIMTTest/LazyIMTTest.arc56.json,2026-07-16,,0,dfa052bd
https://raw.githubusercontent.com/Argimirodelpozo/puya-sol/HEAD/WIP/examples/zk-kit/out/LazyTowerHashChainTest/LazyTowerHashChainTest.arc56.json,2026-07-16,,0,9c9b3ccd
https://raw.githubusercontent.com/Argimirodelpozo/puya-sol/HEAD/WIP/examples/zk-kit/out/LeanIMTTest/LeanIMTTest.arc56.json,2026-07-16,,0,60b5b6ae
https://raw.githubusercontent.com/aryarahimi1/proof-of-handshake/HEAD/smart_contracts/artifacts/handshake/HandshakeContract.arc56.json,2026-07-16,,0,b06dfc88
https://raw.githubusercontent.com/aryarahimi1/proof-of-handshake/HEAD/smart_contracts/artifacts/hello_world/HelloWorld.arc56.json,2026-07-16,,0,84e62481
https://raw.githubusercontent.com/asastats/permission-dapp/HEAD/dapp/artifacts/PermissionDApp.arc56.json,2026-07-16,,0,c1c660a9
https://raw.githubusercontent.com/asastats/rewards-suite/HEAD/rewardsweb/contract/artifacts/Rewards.arc56.json,2026-07-16,,0,4c4a4ba4
https://raw.githubusercontent.com/Asthay97/zkp-kyc-verify/HEAD/projects/zkp-kyc-contracts/contracts/artifacts/AlgoDID.arc56.json,2026-07-16,,0,6a78ada8
https://raw.githubusercontent.com/Asthay97/zkp-kyc-verify/HEAD/projects/zkp-kyc-contracts/contracts/artifacts/HelloZKP.arc56.json,2026-07-16,,0,47c9fc40
https://raw.githubusercontent.com/Athiran-dev/DocChain/HEAD/projects/DocChain-contracts/smart_contracts/artifacts/validation/DocumentVerification.arc56.json,2026-07-16,,0,9bf244f4
https://raw.githubusercontent.com/Athiran-dev/DocChain/HEAD/projects/DocChain-contracts/smart_contracts/validation/smart_contracts/artifacts/validation/DocumentVerification.arc56.json,2026-07-16,,0,be7206e7
https://raw.githubusercontent.com/atsoc1993/Hot-Potato-Contract-AVM/HEAD/AlgoPotato.arc56.json,2026-07-16,,0,90bbe12c
https://raw.githubusercontent.com/atsoc1993/On-Chain-Petitions-V2/HEAD/python_implementations/contract/contract_files/Petition.arc56.json,2026-07-16,,0,f12fa825
https://raw.githubusercontent.com/atsoc1993/On-Chain-Petitions-V2/HEAD/python_implementations/contract/contract_files/PetitionMaster.arc56.json,2026-07-16,,0,1be627ff
https://raw.githubusercontent.com/atsoc1993/Populate-App-Resources-Bug-Example-algokit_utils-python-library/HEAD/contract_files/TestPopResources.arc56.json,2026-07-16,,0,95a87b69
https://raw.githubusercontent.com/atsoc1993/xGov-Proposals-Contracts/HEAD/Algofun Shares System Contract/generated_contract_files/AlgofunSharesSystem.arc56.json,2026-07-16,,0,7dfe8d61
https://raw.githubusercontent.com/atsoc1993/xGov-Proposals-Contracts/HEAD/Algofun%20Shares%20System%20Contract/generated_contract_files/AlgofunSharesSystem.arc56.json,2026-07-17,,0,07fc23e1
https://raw.githubusercontent.com/atsoc1993/xGov-Proposals-Contracts/HEAD/AVM Email Contracts/generated_contract_files/EmailContract.arc56.json,2026-07-16,,0,477e818e
https://raw.githubusercontent.com/atsoc1993/xGov-Proposals-Contracts/HEAD/AVM Email Contracts/generated_contract_files/EmailListings.arc56.json,2026-07-16,,0,5c264ca7
https://raw.githubusercontent.com/atsoc1993/xGov-Proposals-Contracts/HEAD/AVM Email Contracts/generated_contract_files/EmailRegistry.arc56.json,2026-07-16,,0,4e49033a
https://raw.githubusercontent.com/atsoc1993/xGov-Proposals-Contracts/HEAD/AVM Email Contracts/generated_contract_files/PrivateStakingPoolManager.arc56.json,2026-07-16,,0,018b9784
https://raw.githubusercontent.com/atsoc1993/xGov-Proposals-Contracts/HEAD/AVM Email Contracts/generated_contract_files/ServerContract.arc56.json,2026-07-16,,0,e5cb413b
https://raw.githubusercontent.com/atsoc1993/xGov-Proposals-Contracts/HEAD/AVM Email Contracts/generated_contract_files/SpamEmail.arc56.json,2026-07-16,,0,91181744
https://raw.githubusercontent.com/atsoc1993/xGov-Proposals-Contracts/HEAD/AVM Email Contracts/generated_contract_files/StakingPool.arc56.json,2026-07-16,,0,a01b9f68
https://raw.githubusercontent.com/atsoc1993/xGov-Proposals-Contracts/HEAD/AVM%20Email%20Contracts/generated_contract_files/EmailContract.arc56.json,2026-07-17,,0,e8c431b3
https://raw.githubusercontent.com/atsoc1993/xGov-Proposals-Contracts/HEAD/AVM%20Email%20Contracts/generated_contract_files/EmailListings.arc56.json,2026-07-17,,0,dc077506
https://raw.githubusercontent.com/atsoc1993/xGov-Proposals-Contracts/HEAD/AVM%20Email%20Contracts/generated_contract_files/EmailRegistry.arc56.json,2026-07-17,,0,4875f2c3
https://raw.githubusercontent.com/atsoc1993/xGov-Proposals-Contracts/HEAD/AVM%20Email%20Contracts/generated_contract_files/PrivateStakingPoolManager.arc56.json,2026-07-17,,0,44ccf00c
https://raw.githubusercontent.com/atsoc1993/xGov-Proposals-Contracts/HEAD/AVM%20Email%20Contracts/generated_contract_files/ServerContract.arc56.json,2026-07-17,,0,026f5d90
https://raw.githubusercontent.com/atsoc1993/xGov-Proposals-Contracts/HEAD/AVM%20Email%20Contracts/generated_contract_files/SpamEmail.arc56.json,2026-07-17,,0,491c0aca
https://raw.githubusercontent.com/atsoc1993/xGov-Proposals-Contracts/HEAD/AVM%20Email%20Contracts/generated_contract_files/StakingPool.arc56.json,2026-07-17,,0,24742090
https://raw.githubusercontent.com/atsoc1993/xGov-Proposals-Contracts/HEAD/Gainify Contracts/generated_contract_files/GainifyMasterApp.arc56.json,2026-07-16,,0,f29a6ca3
https://raw.githubusercontent.com/atsoc1993/xGov-Proposals-Contracts/HEAD/Gainify Contracts/generated_contract_files/GainifyStakingPool.arc56.json,2026-07-16,,0,fe0b7002
https://raw.githubusercontent.com/atsoc1993/xGov-Proposals-Contracts/HEAD/Gainify%20Contracts/generated_contract_files/GainifyMasterApp.arc56.json,2026-07-17,,0,a9e16b2a
https://raw.githubusercontent.com/atsoc1993/xGov-Proposals-Contracts/HEAD/Gainify%20Contracts/generated_contract_files/GainifyStakingPool.arc56.json,2026-07-17,,0,79c4315f
https://raw.githubusercontent.com/AutobookNft/fegi-marketplace/HEAD/Foundrising/projects/Foundrising/smart_contracts/artifacts/hello_world/HelloWorld.arc56.json,2026-07-16,,0,0f2da4c3
https://raw.githubusercontent.com/ayush-rudani/Percival/HEAD/projects/Percival-contracts/smart_contracts/artifacts/percival_sc/PercivalSc.arc56.json,2026-07-16,,0,409e83b5
https://raw.githubusercontent.com/BALAJIBHARGAV6/Algo-nodes/HEAD/projects/AlgoSphere-contracts/smart_contracts/artifacts/algosphere/AlgoSphere.arc56.json,2026-07-16,,0,eb4784cd
https://raw.githubusercontent.com/barbarosalagoz/Algorand_Project/HEAD/EventTicketing/projects/EventTicketing-contracts/smart_contracts/artifacts/event_ticketing/EventTicketing.arc56.json,2026-07-16,,0,362d8b60
https://raw.githubusercontent.com/barbarosalagoz/Algorand_Project/HEAD/EventTicketing/projects/EventTicketing-contracts/smart_contracts/event_ticketing/EventTicketing.arc56.json,2026-07-16,,0,ad11d344
https://raw.githubusercontent.com/bcloud7/algorand_fun/HEAD/algodice/projects/algodice-contracts/smart_contracts/artifacts/algodice/Algodice.arc56.json,2026-07-16,,0,0269a775
https://raw.githubusercontent.com/BeLorenzo/Game4Blockchain/HEAD/projects/gameContract/smart_contracts/artifacts/abstract_contract/GameContract.arc56.json,2026-07-16,,0,fdcf22fc
https://raw.githubusercontent.com/BeLorenzo/Game4Blockchain/HEAD/projects/gameContract/smart_contracts/artifacts/guessGame/GuessGame.arc56.json,2026-07-16,,0,c7b82bb9
https://raw.githubusercontent.com/BeLorenzo/Game4Blockchain/HEAD/projects/gameContract/smart_contracts/artifacts/pirateGame/PirateGame.arc56.json,2026-07-16,,0,f25a6f0e
https://raw.githubusercontent.com/BeLorenzo/Game4Blockchain/HEAD/projects/gameContract/smart_contracts/artifacts/RockPaperScissors/RockPaperScissors.arc56.json,2026-07-16,,0,e53ff60b
https://raw.githubusercontent.com/BeLorenzo/Game4Blockchain/HEAD/projects/gameContract/smart_contracts/artifacts/stagHunt/StagHunt.arc56.json,2026-07-16,,0,f9c350ad
https://raw.githubusercontent.com/BeLorenzo/Game4Blockchain/HEAD/projects/gameContract/smart_contracts/artifacts/weeklyGame/WeeklyGame.arc56.json,2026-07-16,,0,17dca3a0
https://raw.githubusercontent.com/Bhasyam-Meenamrutha/pulsefuture/HEAD/projects/pulsefuture-contracts/smart_contracts/artifacts/pulsefuture/Pulsefuture.arc56.json,2026-07-16,,0,865d268d
https://raw.githubusercontent.com/BhavyaPathik/Algoweb3/HEAD/projects/Algoweb3/smart_contracts/artifacts/hello_world/HelloWorld.arc56.json,2026-07-16,,0,fc8f57b7
https://raw.githubusercontent.com/blockmaker-ai/algorand-soft-staking/HEAD/contracts/puya/artifacts/StakingPool.arc56.json,2026-07-16,,0,e8fea172
https://raw.githubusercontent.com/bprobert97/algorand-test/HEAD/demo_sc/projects/demo_sc/smart_contracts/artifacts/hello_world/HelloWorld.arc56.json,2026-07-16,,0,74f47eaf
https://raw.githubusercontent.com/brandonjsellam-Releone/trelyan-falcon-inscription/HEAD/contracts/out/TrelyanInscription.arc56.json,2026-07-16,,0,6210053f
https://raw.githubusercontent.com/butlerjraines/algorand_personal_bank/HEAD/projects/personal_bank/smart_contracts/artifacts/personal_bank/PersonalBank.arc56.json,2026-07-16,,0,bf10db19
https://raw.githubusercontent.com/bwmx/algorand-casino-roulette/HEAD/projects/roulette/smart_contracts/artifacts/roulette/libs/Managable.arc56.json,2026-07-16,,0,b7173e42
https://raw.githubusercontent.com/bwmx/algorand-casino-roulette/HEAD/projects/roulette/smart_contracts/artifacts/roulette/libs/MockRandomnessBeacon.arc56.json,2026-07-16,,0,492271eb
https://raw.githubusercontent.com/bwmx/algorand-casino-roulette/HEAD/projects/roulette/smart_contracts/artifacts/roulette/libs/RandomnessBeaconReader.arc56.json,2026-07-16,,0,e668656f
https://raw.githubusercontent.com/bwmx/algorand-casino-roulette/HEAD/projects/roulette/smart_contracts/artifacts/roulette/Roulette.arc56.json,2026-07-16,,0,ad336fc3
https://raw.githubusercontent.com/bwmx/asset-staking/HEAD/projects/asset-staking/smart_contracts/artifacts/asset_staking/AssetStaking.arc56.json,2026-07-16,,0,8d218330
https://raw.githubusercontent.com/bwmx/asset-staking/HEAD/projects/asset-staking/smart_contracts/artifacts/asset_staking/Managable.arc56.json,2026-07-16,,0,b1769ebb
https://raw.githubusercontent.com/Caerlower/document-registry/HEAD/projects/document-registry/smart_contracts/artifacts/document_registry/DocumentRegistry.arc56.json,2026-07-16,,0,2b8aefae
https://raw.githubusercontent.com/caesar4321/Confio/HEAD/contracts/humanitarian/artifacts/ConfioAyudaHumanitaria.arc56.json,2026-07-16,,0,11722f10
https://raw.githubusercontent.com/captainRam1413/De-Shop-SDK/HEAD/de-shop-sdk/projects/de-shop-sdk-contracts/smart_contracts/artifacts/deshopsdk/Deshopsdk.arc56.json,2026-07-16,,0,c3d5b5d3
https://raw.githubusercontent.com/ch4itu/EternalBliss/HEAD/contract/out/UniversalStateMachine.arc56.json,2026-07-16,,0,1bcd90b3
https://raw.githubusercontent.com/chainaim3003/algoTITANV5/HEAD/algoranTITAN/atitans1-contracts/smart_contracts/artifacts/atomic_marketplace_escrow_v4/AtomicMarketplaceEscrowV4.arc56.json,2026-07-16,,0,981c1719
https://raw.githubusercontent.com/chainaim3003/algoTITANV5/HEAD/algoranTITAN/atitans1-contracts/smart_contracts/artifacts/atomic_marketplace_escrow_v4/AtomicMarketplaceEscrowV5.arc56.json,2026-07-16,,0,17c5799b
https://raw.githubusercontent.com/chainaim3003/algoTITANV5/HEAD/algoranTITAN/atitans1-contracts/smart_contracts/artifacts/atomic_marketplace_escrow_v5/AtomicMarketplaceEscrowV5.arc56.json,2026-07-16,,0,556bacc0
https://raw.githubusercontent.com/chainaim3003/algoTITANV5/HEAD/algoranTITAN/atitans1-contracts/smart_contracts/artifacts/atomic_marketplace_v2/AtomicMarketplaceV2.arc56.json,2026-07-16,,0,5ddc0125
https://raw.githubusercontent.com/chainaim3003/algoTITANV5/HEAD/algoranTITAN/atitans1-contracts/smart_contracts/artifacts/atomic_marketplace_v3/AtomicMarketplaceV3.arc56.json,2026-07-16,,0,94cdfa4c
https://raw.githubusercontent.com/chainaim3003/algoTITANV5/HEAD/algoranTITAN/atitans1-contracts/smart_contracts/artifacts/hello_world/HelloWorld.arc56.json,2026-07-16,,0,340e5a39
https://raw.githubusercontent.com/chainaim3003/algoTITANV5/HEAD/algoranTITAN/atitans1-contracts/smart_contracts/artifacts/negotiable_bl/NegotiableBL.arc56.json,2026-07-16,,0,fc572a3c
https://raw.githubusercontent.com/chainaim3003/algoTITANV5/HEAD/algoranTITAN/atitans1-contracts/smart_contracts/artifacts/negotiable_bl_trial/NegotiableBLTrial.arc56.json,2026-07-16,,0,0e720b1e
https://raw.githubusercontent.com/chainaim3003/algoTITANV5/HEAD/algoranTITAN/atitans1-contracts/smart_contracts/artifacts/negotiable_fin_bl_v1/NegotiableFinBLV1.arc56.json,2026-07-16,,0,abd0f652
https://raw.githubusercontent.com/chainaim3003/algoTITANV5/HEAD/algoranTITAN/atitans1-contracts/smart_contracts/artifacts/negotiable_fin_bl_v2/NegotiableFinBLV2.arc56.json,2026-07-16,,0,851870a7
https://raw.githubusercontent.com/chainaim3003/algoTITANV5/HEAD/algoranTITAN/atitans1-contracts/smart_contracts/artifacts/simple_collateral_lending/SimpleCollateralLending.arc56.json,2026-07-16,,0,51cd65a8
https://raw.githubusercontent.com/chainaim3003/algoTITANV5/HEAD/algoranTITAN/atitans1-contracts/smart_contracts/artifacts/trade_instrument_registry_v3/TradeInstrumentRegistryV3.arc56.json,2026-07-16,,0,a7967a85
https://raw.githubusercontent.com/chaitanyakartik/Hackathons-Algorand/HEAD/algo-project/projects/algo-project-contracts/smart_contracts/artifacts/hello_world/HelloWorld.arc56.json,2026-07-16,,0,43dcff6b
https://raw.githubusercontent.com/Chakradharkolipaka/TokenizerAlgo/HEAD/projects/TokenizeRWATemplate-contracts/smart_contracts/artifacts/hello_world/HelloWorld.arc56.json,2026-07-16,,0,bc7c5523
https://raw.githubusercontent.com/chaosoracleforall-agent/purecortexai/HEAD/contracts/smart_contracts/agent_factory/AgentFactory.arc56.json,2026-07-16,,0,7f3c546d
https://raw.githubusercontent.com/chaosoracleforall-agent/purecortexai/HEAD/contracts/smart_contracts/artifacts/agent_factory/AgentFactory.arc56.json,2026-07-16,,0,f2e07482
https://raw.githubusercontent.com/chaosoracleforall-agent/purecortexai/HEAD/contracts/smart_contracts/artifacts/governance/GovernanceContract.arc56.json,2026-07-16,,0,2ef30154
https://raw.githubusercontent.com/chaosoracleforall-agent/purecortexai/HEAD/contracts/smart_contracts/artifacts/hello_world/HelloWorld.arc56.json,2026-07-16,,0,cf44a021
https://raw.githubusercontent.com/chaosoracleforall-agent/purecortexai/HEAD/contracts/smart_contracts/artifacts/sovereign_treasury/SovereignTreasury.arc56.json,2026-07-16,,0,7899acdc
https://raw.githubusercontent.com/chaosoracleforall-agent/purecortexai/HEAD/contracts/smart_contracts/artifacts/staking/VeCortexStaking.arc56.json,2026-07-16,,0,fea508c5
https://raw.githubusercontent.com/chaosoracleforall-agent/purecortexai/HEAD/contracts/smart_contracts/governance/GovernanceContract.arc56.json,2026-07-16,,0,9c241e03
https://raw.githubusercontent.com/chaosoracleforall-agent/purecortexai/HEAD/contracts/smart_contracts/sovereign_treasury/SovereignTreasury.arc56.json,2026-07-16,,0,53e08601
https://raw.githubusercontent.com/chaosoracleforall-agent/purecortexai/HEAD/contracts/smart_contracts/staking/VeCortexStaking.arc56.json,2026-07-16,,0,dcdb9fab
https://raw.githubusercontent.com/charmi-reddy/credixa/HEAD/backend/backend/artifacts/InvoiceFinancing.arc56.json,2026-07-16,,0,ebae2a17
https://raw.githubusercontent.com/charmi-reddy/Fortuna/HEAD/backend/savings_vault/smart_contracts/artifacts/savings_vault/SavingsVault.arc56.json,2026-07-16,,0,0ac1d6f6
https://raw.githubusercontent.com/chinmayjoshi03/slytherin/HEAD/smart_contracts/artifacts/amm_dex/AmmDex.arc56.json,2026-07-16,,0,9c7a1ad0
https://raw.githubusercontent.com/chinmayjoshi03/slytherin/HEAD/smart_contracts/artifacts/hello_world/HelloWorld.arc56.json,2026-07-16,,0,b3a8bc59
https://raw.githubusercontent.com/chv-sneha/TenderVault/HEAD/tender-contract/projects/tender-contract/smart_contracts/hello_world/smart_contracts/artifacts/hello_world/HelloWorld.arc56.json,2026-07-16,,0,aba6b132
https://raw.githubusercontent.com/CiottiGiorgio/digital-marketplace/HEAD/projects/digital-marketplace-contracts/smart_contracts/artifacts/digital_marketplace/DigitalMarketplace.arc56.json,2026-07-16,,0,35481574
https://raw.githubusercontent.com/CiottiGiorgio/lib-pcg-avm/HEAD/projects/lib-pcg-algopy/smart_contracts/artifacts/lib_pcg128_test_harness/LibPCG128TestHarnessAlgoPy.arc56.json,2026-07-16,,0,a56c186b
https://raw.githubusercontent.com/CiottiGiorgio/lib-pcg-avm/HEAD/projects/lib-pcg-algopy/smart_contracts/artifacts/lib_pcg32_test_harness/LibPCG32TestHarnessAlgoPy.arc56.json,2026-07-16,,0,71772053
https://raw.githubusercontent.com/CiottiGiorgio/lib-pcg-avm/HEAD/projects/lib-pcg-algopy/smart_contracts/artifacts/lib_pcg64_test_harness/LibPCG64TestHarnessAlgoPy.arc56.json,2026-07-16,,0,ae4677ee
https://raw.githubusercontent.com/CiottiGiorgio/lib-pcg-avm/HEAD/projects/lib-pcg-algots/smart_contracts/artifacts/lib_pcg128_test_harness/LibPcg128TestHarnessAlgoTs.arc56.json,2026-07-16,,0,06b783e9
https://raw.githubusercontent.com/CiottiGiorgio/lib-pcg-avm/HEAD/projects/lib-pcg-algots/smart_contracts/artifacts/lib_pcg32_test_harness/LibPcg32TestHarnessAlgoTs.arc56.json,2026-07-16,,0,2fcc3e63
https://raw.githubusercontent.com/CiottiGiorgio/lib-pcg-avm/HEAD/projects/lib-pcg-algots/smart_contracts/artifacts/lib_pcg64_test_harness/LibPcg64TestHarnessAlgoTs.arc56.json,2026-07-16,,0,7ac6d039
https://raw.githubusercontent.com/CiottiGiorgio/lib-pcg-avm/HEAD/projects/lib-pcg-ts/contracts/artifacts/LibPcg128TestHarnessTs.arc56.json,2026-07-16,,0,26a126c7
https://raw.githubusercontent.com/CiottiGiorgio/lib-pcg-avm/HEAD/projects/lib-pcg-ts/contracts/artifacts/LibPcg32TestHarnessTs.arc56.json,2026-07-16,,0,cb0f0db3
https://raw.githubusercontent.com/CiottiGiorgio/lib-pcg-avm/HEAD/projects/lib-pcg-ts/contracts/artifacts/LibPcg64TestHarnessTs.arc56.json,2026-07-16,,0,9f5deedb
https://raw.githubusercontent.com/CiottiGiorgio/verifiable-shuffle/HEAD/projects/verifiable-shuffle/smart_contracts/artifacts/mock_randomness_beacon/MockRandomnessBeacon.arc56.json,2026-07-16,,0,3b3e254b
https://raw.githubusercontent.com/CiottiGiorgio/verifiable-shuffle/HEAD/projects/verifiable-shuffle/smart_contracts/artifacts/verifiable_shuffle/VerifiableShuffle.arc56.json,2026-07-16,,0,0d0f9fd5
https://raw.githubusercontent.com/CiottiGiorgio/verifiable-shuffle/HEAD/projects/verifiable-shuffle/smart_contracts/artifacts/verifiable_shuffle_opup/VerifiableShuffleOpup.arc56.json,2026-07-16,,0,7edae19e
https://raw.githubusercontent.com/code-alexander/algoku/HEAD/projects/algoku-contracts/smart_contracts/artifacts/algoku/Algoku.arc56.json,2026-07-16,,0,67bf79e1
https://raw.githubusercontent.com/codewithyuvi/VAttend-Blockchain/HEAD/algorand-contract/VAttend/projects/VAttend/smart_contracts/artifacts/attendence_tracker/AttendenceTracker.arc56.json,2026-07-16,,0,030235b2
https://raw.githubusercontent.com/CompsciiNikhil/GenMark-AI-Content-Origin-Misuse-Detection/HEAD/projects/contracts/smart_contracts/artifacts/genmark/GenMark.arc56.json,2026-07-16,,0,003b90ec
https://raw.githubusercontent.com/compx-labs/flux-access-controls/HEAD/projects/flux-access-controls/smart_contracts/artifacts/flux_gate/flux-gate.arc56.json,2026-07-16,,0,9fada13f
https://raw.githubusercontent.com/compx-labs/governance-contracts/HEAD/projects/compx-governance/contracts/artifacts/CompxGovernance.arc56.json,2026-07-16,,0,46f65b60
https://raw.githubusercontent.com/compx-labs/staking-contracts-typescript/HEAD/projects/staking-contracts-typescript/smart_contracts/artifacts/injected_rewards_pool_flux_gated/irpfg.arc56.json,2026-07-16,,0,147a38a1
https://raw.githubusercontent.com/compx-labs/staking-contracts/HEAD/contracts/projects/contracts/contracts/artifacts/InjectedRewardsPool.arc56.json,2026-07-16,,0,1b86a45d
https://raw.githubusercontent.com/compx-labs/staking-contracts/HEAD/contracts/projects/contracts/contracts/artifacts/InjectedRewardsPoolConsensus.arc56.json,2026-07-16,,0,8d4b8545
https://raw.githubusercontent.com/compx-labs/staking-contracts/HEAD/contracts/projects/contracts/contracts/artifacts/InjectedRewardsPoolFluxGated.arc56.json,2026-07-16,,0,985a71df
https://raw.githubusercontent.com/compx-labs/staking-contracts/HEAD/contracts/projects/contracts/contracts/artifacts/PermissionlessInjectedRewardsPool.arc56.json,2026-07-17,,0,1b1bec72
https://raw.githubusercontent.com/compx-labs/waypoint/HEAD/contracts/algorand/projects/algorand/smart_contracts/artifacts/waypoint_invoice/waypoint-invoice.arc56.json,2026-07-16,,0,22f15ae7
https://raw.githubusercontent.com/compx-labs/waypoint/HEAD/contracts/algorand/projects/algorand/smart_contracts/artifacts/waypoint_linear/waypoint-linear.arc56.json,2026-07-16,,0,01ae5917
https://raw.githubusercontent.com/compx-labs/waypoint/HEAD/contracts/algorand/projects/algorand/smart_contracts/artifacts/waypoint_registry/waypoint-registry.arc56.json,2026-07-16,,0,5e022675
https://raw.githubusercontent.com/CorvidLabs/flock-directory-contract/HEAD/artifacts/FlockDirectory.arc56.json,2026-07-16,,0,d15ead8d
https://raw.githubusercontent.com/CredChian/credchain_project/HEAD/projects/CredChain-contracts/smart_contracts/artifacts/credchain_contract/CredchainContract.arc56.json,2026-07-16,,0,23c62a1d
https://raw.githubusercontent.com/cultsicarias/algobit/HEAD/smart_contracts/artifacts/algobit/Algobit.arc56.json,2026-07-16,,0,490980e1
https://raw.githubusercontent.com/cusma/d-asa/HEAD/smart_contracts/artifacts/mock_module_rbac/MockRbacModule.arc56.json,2026-07-16,,0,a50dacd6
https://raw.githubusercontent.com/cusma/d-asa/HEAD/src/d_asa/artifacts/DASA.arc56.json,2026-07-17,,0,92841494
https://raw.githubusercontent.com/d13co/escreg/HEAD/projects/contract/smart_contracts/artifacts/escreg/Escreg.arc56.json,2026-07-16,,0,d6d2f950
https://raw.githubusercontent.com/d13co/escreg/HEAD/projects/contract/smart_contracts/artifacts/escreg/TestChild.arc56.json,2026-07-16,,0,fb6bbff1
https://raw.githubusercontent.com/d13co/escreg/HEAD/projects/contract/smart_contracts/artifacts/escreg/TestParent.arc56.json,2026-07-16,,0,5942ce38
https://raw.githubusercontent.com/d13co/escreg/HEAD/projects/contract/smart_contracts/artifacts/mbr-manager/MbrManager.arc56.json,2026-07-16,,0,3a1b34e8
https://raw.githubusercontent.com/d13co/ff-black/HEAD/projects/ff-black/smart_contracts/artifacts/ff_black/FfBlack.arc56.json,2026-07-16,,0,0c104fcf
https://raw.githubusercontent.com/d13co/ghostkit/HEAD/examples/Ghostofavm.arc56.json,2026-07-16,,0,a552bf7f
https://raw.githubusercontent.com/d13co/ghostofavm/HEAD/projects/ghostofavm/smart_contracts/artifacts/ghostofavm/Ghostofavm.arc56.json,2026-07-16,,0,e1e1bb27
https://raw.githubusercontent.com/d13co/reti-ghost-sdk/HEAD/projects/contracts/smart_contracts/artifacts/reti/Reti.arc56.json,2026-07-16,,0,46526a7d
https://raw.githubusercontent.com/d13co/reti-ghost-sdk/HEAD/projects/contracts/smart_contracts/artifacts/reti_reader/RetiReader.arc56.json,2026-07-16,,0,bc163321
https://raw.githubusercontent.com/d13co/xgov-delegator/HEAD/projects/contracts/smart_contracts/artifacts/base/EmptyContract.arc56.json,2026-07-16,,0,fda1e6aa
https://raw.githubusercontent.com/d13co/xgov-delegator/HEAD/projects/contracts/smart_contracts/artifacts/delegator/Delegator.arc56.json,2026-07-16,,0,9fea0c4a
https://raw.githubusercontent.com/d13co/xgov-delegator/HEAD/projects/contracts/smart_contracts/artifacts/oracle/CommitteeOracle.arc56.json,2026-07-16,,0,81782653
https://raw.githubusercontent.com/d13co/xgov-delegator/HEAD/projects/contracts/smart_contracts/artifacts/oracle/OracleAccountContract.arc56.json,2026-07-16,,0,af3c0c8d
https://raw.githubusercontent.com/d13co/xgov-delegator/HEAD/projects/contracts/smart_contracts/artifacts/xgov-proposal-mock/XGovProposalMock.arc56.json,2026-07-16,,0,7160d92a
https://raw.githubusercontent.com/d13co/xgov-delegator/HEAD/projects/contracts/smart_contracts/artifacts/xgov-registry-mock/XGovRegistryMock.arc56.json,2026-07-16,,0,be0568c8
https://raw.githubusercontent.com/Danish0703/AlgoEscrow/HEAD/projects/AlgoEscrow/smart_contracts/algo_escrow/out/AlgoEscrowContract.arc56.json,2026-07-16,,0,316b1430
https://raw.githubusercontent.com/Danish0703/AlgoEscrow/HEAD/projects/AlgoEscrow/smart_contracts/artifacts/algo_escrow/AlgoEscrowContract.arc56.json,2026-07-16,,0,997da9a9
https://raw.githubusercontent.com/Danish0703/AlgoEscrow/HEAD/projects/AlgoEscrow/smart_contracts/out/algo_escrow/AlgoEscrowContract.arc56.json,2026-07-16,,0,9dba9431
https://raw.githubusercontent.com/Danish0703/ComplianceAudit/HEAD/projects/contracts/smart_contracts/artifacts/alert_engine/AlertEngine.arc56.json,2026-07-16,,0,e2f08a22
https://raw.githubusercontent.com/Danish0703/ComplianceAudit/HEAD/projects/contracts/smart_contracts/artifacts/bank/Bank.arc56.json,2026-07-16,,0,0e850390
https://raw.githubusercontent.com/Danish0703/ComplianceAudit/HEAD/projects/contracts/smart_contracts/artifacts/blacklist_whitelist/BlacklistWhitelist.arc56.json,2026-07-16,,0,a53bafac
https://raw.githubusercontent.com/Danish0703/ComplianceAudit/HEAD/projects/contracts/smart_contracts/artifacts/certificate_manager/CertificateManager.arc56.json,2026-07-16,,0,f5a82a2e
https://raw.githubusercontent.com/Danish0703/ComplianceAudit/HEAD/projects/contracts/smart_contracts/artifacts/compliance_audit/ComplianceAudit.arc56.json,2026-07-16,,0,b6494acb
https://raw.githubusercontent.com/Danish0703/ComplianceAudit/HEAD/projects/contracts/smart_contracts/artifacts/counter/Counter.arc56.json,2026-07-16,,0,bf03150b
https://raw.githubusercontent.com/Danish0703/ComplianceAudit/HEAD/projects/contracts/smart_contracts/artifacts/txn_validator/TxnValidator.arc56.json,2026-07-16,,0,73ca990b
https://raw.githubusercontent.com/Danish0703/SplitChain/HEAD/projects/SplitChain-contracts/smart_contracts/artifacts/hello_world/HelloWorld.arc56.json,2026-07-16,,0,fd4c1c81
https://raw.githubusercontent.com/Danish0703/SplitChain/HEAD/projects/SplitChain-settlement-contracts/smart_contracts/artifacts/split_bill/SplitBill.arc56.json,2026-07-16,,0,e4892b08
https://raw.githubusercontent.com/Danish0703/SplitChain/HEAD/projects/SplitChain-settlement-contracts/smart_contracts/smart_contracts/artifacts/split_bill/SplitBill.arc56.json,2026-07-16,,0,b9b0e8c2
https://raw.githubusercontent.com/DaoWakanda/DaoWakanda-smart-contract-v2/HEAD/projects/daowakanda-bounty/contracts/artifacts/Bounty.arc56.json,2026-07-16,,0,619a29e1
https://raw.githubusercontent.com/DarshanKrishna-DK/CitadelAlgo/HEAD/projects/citadel-algo-contracts/smart_contracts/artifacts/hello_world/HelloWorld.arc56.json,2026-07-16,,0,44826edc
https://raw.githubusercontent.com/DarshanKrishna-DK/CitadelAlgo/HEAD/projects/citadel-algo-contracts/smart_contracts/artifacts/list_and_mint/CitadelListingContract.arc56.json,2026-07-16,,0,74624511
https://raw.githubusercontent.com/DarshanKrishna-DK/CitadelAlgo/HEAD/projects/citadel-algo-contracts/smart_contracts/artifacts/moderator_purchase/ModeratorPurchaseContract.arc56.json,2026-07-16,,0,ba9b4f65
https://raw.githubusercontent.com/DarshanKrishna-DK/CitadelAlgo/HEAD/projects/citadel-algo-contracts/smart_contracts/list_and_mint/CitadelListingContract.arc56.json,2026-07-16,,0,d7fa1419
https://raw.githubusercontent.com/DarshanKrishna-DK/CitadelAlgo/HEAD/projects/citadel-algo-contracts/smart_contracts/moderator_purchase/smart_contracts/artifacts/moderator_purchase/ModeratorPurchaseContract.arc56.json,2026-07-16,,0,969b8dbf
https://raw.githubusercontent.com/davidbonfim/CDTBRL/HEAD/out/projects/gold-duciello-group/smart_contracts/duciello_group_gold_asa/DucielloGroupGoldAsa.arc56.json,2026-07-16,,0,9ff4e6c0
https://raw.githubusercontent.com/davidbonfim/CDTBRL/HEAD/projects/CDTBRL/smart_contracts/algo_cdt_stable/AlgoCdtStable.arc56.json,2026-07-16,,0,67edc2dc
https://raw.githubusercontent.com/davidbonfim/CDTBRL/HEAD/projects/CDTBRL/smart_contracts/artifacts/algo_cdt_stable/AlgoCdtStable.arc56.json,2026-07-16,,0,9ad94f42
https://raw.githubusercontent.com/davidbonfim/CDTBRL/HEAD/projects/gold-duciello-group/smart_contracts/artifacts/duciello_group_gold_asa/DucielloGoldV2.arc56.json,2026-07-16,,0,9bf1c263
https://raw.githubusercontent.com/davidbonfim/CDTBRL/HEAD/projects/gold-duciello-group/smart_contracts/artifacts/duciello_group_gold_asa/DucielloGroupGoldAsa.arc56.json,2026-07-16,,0,9684ffae
https://raw.githubusercontent.com/davidbonfim/CDTBRL/HEAD/projects/gold-duciello-group/smart_contracts/duciello_group_gold_asa/out/DucielloGroupGoldAsa.arc56.json,2026-07-16,,0,e3510d07
https://raw.githubusercontent.com/Debanjannnn/algorand-test/HEAD/smart_contracts/artifacts/todo/Todo.arc56.json,2026-07-16,,0,bc642d26
https://raw.githubusercontent.com/Debanjannnn/blahabkad/HEAD/projects/wedoitagain-contracts/smart_contracts/artifacts/todo/Attendance.arc56.json,2026-07-16,,0,6c80d9f7
https://raw.githubusercontent.com/Debanjannnn/blahabkad/HEAD/projects/wedoitagain-contracts/smart_contracts/artifacts/todo/Todo.arc56.json,2026-07-16,,0,68c43459
https://raw.githubusercontent.com/debuuuuuu/pay-per-usage-ai-api-access-system-using-algorand/HEAD/contract/artifacts/SentinelContract.arc56.json,2026-07-16,,0,06dcacff
https://raw.githubusercontent.com/DedMoroz38/AI-assisted-NFT-deployment/HEAD/front/lib/NFTPromptRegistry.arc56.json,2026-07-16,,0,26752953
https://raw.githubusercontent.com/DedMoroz38/AI-assisted-NFT-deployment/HEAD/smar-contract/smart_contracts/nft_prompt_registry/NFTPromptRegistry.arc56.json,2026-07-16,,0,a25c5376
https://raw.githubusercontent.com/DeepanIsCool/Solyrix-Algorand/HEAD/Solyrix-Algorand/projects/Solyrix-Algorand-contracts/smart_contracts/artifacts/context_registry/ContextRegistry.arc56.json,2026-07-16,,0,420670ab
https://raw.githubusercontent.com/DeepanIsCool/Solyrix-Algorand/HEAD/Solyrix-Algorand/projects/Solyrix-Algorand-contracts/smart_contracts/artifacts/governance_token/GovernanceToken.arc56.json,2026-07-16,,0,4d3d4ca4
https://raw.githubusercontent.com/DeepanIsCool/Solyrix-Algorand/HEAD/Solyrix-Algorand/projects/Solyrix-Algorand-contracts/smart_contracts/artifacts/license_manager/LicenseManager.arc56.json,2026-07-16,,0,42df390c
https://raw.githubusercontent.com/DeepanIsCool/Solyrix-Algorand/HEAD/Solyrix-Algorand/projects/Solyrix-Algorand-contracts/smart_contracts/artifacts/solyrix_algorand/SolyrixAlgorand.arc56.json,2026-07-16,,0,b79a11ea
https://raw.githubusercontent.com/DeFruit/micro-amm-contract/HEAD/micro-amm/projects/micro-amm/contracts/artifacts/Mamm.arc56.json,2026-07-16,,0,4af3b47a
https://raw.githubusercontent.com/deshanashah17/Farmer-Blockchain/HEAD/farmer-pay-contract/projects/farmer-pay-contract/smart_contracts/artifacts/farmer_contract/FarmerContract.arc56.json,2026-07-16,,0,168bb96a
https://raw.githubusercontent.com/dev591/cleargrant/HEAD/projects/contracts/smart_contracts/artifacts/bank/Bank.arc56.json,2026-07-16,,0,7d9fbac7
https://raw.githubusercontent.com/dev591/cleargrant/HEAD/projects/contracts/smart_contracts/artifacts/counter/Counter.arc56.json,2026-07-16,,0,f11ee20e
https://raw.githubusercontent.com/devbugra/algocredit/HEAD/algo-contract/projects/algo-contract/smart_contracts/artifacts/algo_smartcontract/AlgoCreditPlatformTestNet.arc56.json,2026-07-16,,0,bd2ac49d
https://raw.githubusercontent.com/DevMaan707/escrow-blockchain/HEAD/projects/algorand-escrow-dapp-contracts/smart_contracts/artifacts/hello_world/HelloWorld.arc56.json,2026-07-16,,0,000577fb
https://raw.githubusercontent.com/devndesigner6/saveup/HEAD/smart_contracts/artifacts/SaveUpVault.arc56.json,2026-07-16,,0,5231858b
https://raw.githubusercontent.com/devndesigner6/unsubly/HEAD/smart_contracts/artifacts/AgentEscrowVault/AgentEscrowVault.arc56.json,2026-07-16,,0,ce7b1e31
https://raw.githubusercontent.com/devndesigner6/unsubly/HEAD/smart_contracts/artifacts/AgentEscrowVaultV2/AgentEscrowVaultV2.arc56.json,2026-07-16,,0,bcdd8e07
https://raw.githubusercontent.com/devndesigner6/unsubly/HEAD/smart_contracts/artifacts/ASAEscrow/ASAEscrow.arc56.json,2026-07-16,,0,2f46d130
https://raw.githubusercontent.com/devndesigner6/unsubly/HEAD/smart_contracts/artifacts/CancellationInsurance/CancellationInsurance.arc56.json,2026-07-16,,0,4f7185f4
https://raw.githubusercontent.com/devndesigner6/unsubly/HEAD/smart_contracts/artifacts/DisputeEscrow/DisputeEscrow.arc56.json,2026-07-16,,0,e80e5824
https://raw.githubusercontent.com/devndesigner6/unsubly/HEAD/smart_contracts/artifacts/EscrowVault/EscrowVault.arc56.json,2026-07-16,,0,00177d8e
https://raw.githubusercontent.com/devndesigner6/unsubly/HEAD/smart_contracts/artifacts/MultiSigEscrow/MultiSigEscrow.arc56.json,2026-07-16,,0,4953b6c9
https://raw.githubusercontent.com/devndesigner6/unsubly/HEAD/smart_contracts/artifacts/ServiceRegistry/ServiceRegistry.arc56.json,2026-07-16,,0,63db54b9
https://raw.githubusercontent.com/devndesigner6/unsubly/HEAD/smart_contracts/artifacts/TimeLockEscrow/TimeLockEscrow.arc56.json,2026-07-16,,0,ffb74d56
https://raw.githubusercontent.com/DhushyanthE/leviathancoin/HEAD/projects/leviathancoin-contracts/smart_contracts/artifacts/hello_world/HelloWorld.arc56.json,2026-07-16,,0,8f31980a
https://raw.githubusercontent.com/DhushyanthE/leviathancoin/HEAD/projects/leviathancoin-contracts/smart_contracts/artifacts/leviathan_token/LeviathanToken.arc56.json,2026-07-16,,0,f7ffa709
https://raw.githubusercontent.com/DhushyanthE/leviathancoin/HEAD/projects/leviathancoin-contracts/smart_contracts/leviathan_token/temp_output/LeviathanToken.arc56.json,2026-07-16,,0,240acd78
https://raw.githubusercontent.com/diegocalvetti/algo-balancer/HEAD/projects/amm/contracts/artifacts/AssetVault.arc56.json,2026-07-17,,0,c6a5aff1
https://raw.githubusercontent.com/diegocalvetti/algo-balancer/HEAD/projects/amm/contracts/artifacts/DexPool.arc56.json,2026-07-17,,0,d1eae45c
https://raw.githubusercontent.com/diegocalvetti/algo-balancer/HEAD/projects/amm/contracts/artifacts/Factory.arc56.json,2026-07-16,,0,45fe36a6
https://raw.githubusercontent.com/diegocalvetti/algo-balancer/HEAD/projects/amm/contracts/artifacts/Token.arc56.json,2026-07-16,,0,86e889c3
https://raw.githubusercontent.com/Digvijay-12345/Grant-Go-Hackspiration/HEAD/projects/contracts/smart_contracts/artifacts/bank/Bank.arc56.json,2026-07-16,,0,27c79ca4
https://raw.githubusercontent.com/Digvijay-12345/Grant-Go-Hackspiration/HEAD/projects/contracts/smart_contracts/artifacts/counter/Counter.arc56.json,2026-07-16,,0,07595a63
https://raw.githubusercontent.com/DivyanshuDX/Civitas/HEAD/projects/Civitas-contracts/smart_contracts/artifacts/dx/Dx.arc56.json,2026-07-16,,0,29465bbb
https://raw.githubusercontent.com/DivyanshuDX/Civitas/HEAD/projects/Civitas-contracts/smart_contracts/org/OrgConsent.arc56.json,2026-07-16,,0,93087168
https://raw.githubusercontent.com/donendosted/algo/HEAD/smart_contracts/artifacts/hello_world/HelloWorld.arc56.json,2026-07-16,,0,738984a2
https://raw.githubusercontent.com/donendosted/algo/HEAD/smart_contracts/artifacts/market_factory/MarketFactory.arc56.json,2026-07-16,,0,07e7f696
https://raw.githubusercontent.com/donendosted/algo/HEAD/smart_contracts/artifacts/market_pool/MarketPool.arc56.json,2026-07-16,,0,c8af143d
https://raw.githubusercontent.com/donendosted/algo/HEAD/smart_contracts/artifacts/oracle_aggregator/OracleAggregator.arc56.json,2026-07-16,,0,182e36ba
https://raw.githubusercontent.com/donendosted/algo/HEAD/smart_contracts/artifacts/platform_registry/PlatformRegistry.arc56.json,2026-07-16,,0,98a54d4d
https://raw.githubusercontent.com/donendosted/AlgoCrefi-hackseries/HEAD/algocrefi-contract/projects/algocrefi-contract/smart_contracts/artifacts/algocrefi_aura/AlgocrefiAura.arc56.json,2026-07-16,,0,4e66fbe2
https://raw.githubusercontent.com/donendosted/AlgoCrefi-hackseries/HEAD/algocrefi-contract/projects/algocrefi-contract/smart_contracts/artifacts/algocrefi_lending/AlgocrefiLending.arc56.json,2026-07-16,,0,b347f342
https://raw.githubusercontent.com/donendosted/AlgoCrefi-hackseries/HEAD/algocrefi-contract/projects/algocrefi-contract/smart_contracts/artifacts/algocrefi_pool/AlgoPool.arc56.json,2026-07-16,,0,5ee30461
https://raw.githubusercontent.com/donendosted/AlgoCrefi-hackseries/HEAD/algocrefi-contract/projects/algocrefi-contract/smart_contracts/artifacts/algocrefi_vault/AlgocrefiVault.arc56.json,2026-07-16,,0,500d33c1
https://raw.githubusercontent.com/donkena-saiteja/Saheli/HEAD/contracts/artifacts/dsbt_registry/DsbtRegistry.arc56.json,2026-08-01,,1785564846,3f074ad1
https://raw.githubusercontent.com/donkena-saiteja/Saheli/HEAD/contracts/artifacts/shg_treasury/ShgTreasury.arc56.json,2026-08-01,,1785564846,346d7252
https://raw.githubusercontent.com/donkena-saiteja/Saheli/HEAD/contracts/artifacts/x402_gateway/X402Gateway.arc56.json,2026-08-01,,1785563857,26df7f8b
https://raw.githubusercontent.com/DysenteryCrypto/staking/HEAD/projects/staking-contracts/smart_contracts/artifacts/staking/ASAStakingContract.arc56.json,2026-07-16,,0,5e56f62b
https://raw.githubusercontent.com/EggsLeggs/algobounty/HEAD/platform/projects/new-algobounty-contract/smart_contracts/artifacts/bounty_escrow/BountyEscrow.arc56.json,2026-07-16,,0,b97dfcf7
https://raw.githubusercontent.com/EggsLeggs/algobounty/HEAD/temporary/quickstart-template/QuickStartTemplate/projects/QuickStartTemplate-contracts/smart_contracts/artifacts/hello_world/HelloWorld.arc56.json,2026-07-17,,0,402e2c11
https://raw.githubusercontent.com/ericsharma/Algo-Potato-Frontend/HEAD/clients/mainnet/AlgoPotato.arc56.json,2026-07-16,,0,490222d3
https://raw.githubusercontent.com/ericsharma/Algo-Potato-Frontend/HEAD/clients/testnet/AlgoPotato.arc56.json,2026-07-16,,0,4baed668
https://raw.githubusercontent.com/ericsharma/toss-up/HEAD/projects/toss-up/contracts/artifacts/GameMaker.arc56.json,2026-07-16,,0,cbd5b454
https://raw.githubusercontent.com/ericsharma/toss-up/HEAD/projects/toss-up/contracts/artifacts/TossUp.arc56.json,2026-07-16,,0,54a87507
https://raw.githubusercontent.com/Faizankhan-cyber/bountyvault/HEAD/bountyvault/projects/bountyvault/smart_contracts/artifacts/bounty_escrow/BountyEscrow.arc56.json,2026-07-16,,0,92ee1ce1
https://raw.githubusercontent.com/Falcon0516/CleverFyre/HEAD/projects/cleverfyre/smart_contracts/artifacts/consensus_vault/ConsensusVault.arc56.json,2026-07-16,,0,c572f9ee
https://raw.githubusercontent.com/Falcon0516/CleverFyre/HEAD/projects/cleverfyre/smart_contracts/artifacts/intent_registry/IntentRegistry.arc56.json,2026-07-16,,0,23706911
https://raw.githubusercontent.com/Falcon0516/CleverFyre/HEAD/projects/cleverfyre/smart_contracts/artifacts/payment_dna_registry/PaymentDNARegistry.arc56.json,2026-07-16,,0,6d1255dd
https://raw.githubusercontent.com/Falcon0516/CleverFyre/HEAD/projects/cleverfyre/smart_contracts/artifacts/policy_vault/PolicyVault.arc56.json,2026-07-16,,0,ae4a3700
https://raw.githubusercontent.com/Falcon0516/CleverFyre/HEAD/projects/cleverfyre/smart_contracts/artifacts/reputation_ledger/ReputationLedger.arc56.json,2026-07-16,,0,1b15fb64
https://raw.githubusercontent.com/Falcon0516/CleverFyre/HEAD/projects/cleverfyre/smart_contracts/artifacts/sentinel_escrow/SentinelEscrow.arc56.json,2026-07-16,,0,113c1705
https://raw.githubusercontent.com/filippofalleroni/Trait-swap-and-Loot-Box/HEAD/contracts/lootbox-commit-reveal/artifacts/LootBoxCommitReveal.arc56.json,2026-07-16,,0,0ff11f56
https://raw.githubusercontent.com/Folks-Finance/algorand-wormhole-example/HEAD/avm/specs/arc56/PingPong.arc56.json,2026-07-16,,0,cdd0fc73
https://raw.githubusercontent.com/fullstackferris/algorand-python-workshop/HEAD/projects/algorand-python-workshop/smart_contracts/artifacts/personal_bank/PersonalBank.arc56.json,2026-07-16,,0,8563dea6
https://raw.githubusercontent.com/funk-af/zk-colorsort/HEAD/contracts/artifacts/PuzzleScores.arc56.json,2026-07-16,,0,083758b5
https://raw.githubusercontent.com/G30TR1X/Tracer/HEAD/projects/supply_chain_tracer-contracts/smart_contracts/artifacts/supply_chain_tracer/SupplyChainTracer.arc56.json,2026-07-16,,0,0f5ab3de
https://raw.githubusercontent.com/gabrielkuettel/algochi/HEAD/contracts/algochi/artifacts/Algochi.arc56.json,2026-07-16,,0,b6189680
https://raw.githubusercontent.com/gabrielkuettel/algochi/HEAD/contracts/beacon-stub/artifacts/BeaconStub.arc56.json,2026-07-16,,0,aa4dedba
https://raw.githubusercontent.com/gabrielkuettel/algochi/HEAD/contracts/hello-world/artifacts/HelloWorld.arc56.json,2026-07-16,,0,2d8ff674
https://raw.githubusercontent.com/gabrielkuettel/algorand-starter-templates/HEAD/algorand-starter-contracts/artifacts/HelloWorld.arc56.json,2026-07-16,,0,24ef5f9e
https://raw.githubusercontent.com/gabrielkuettel/algorand-starter-templates/HEAD/algorand-starter-fullstack/contracts/artifacts/HelloWorld.arc56.json,2026-07-16,,0,997a136d
https://raw.githubusercontent.com/gabrielkuettel/algorand-starter-templates/HEAD/algorand-starter-kitchensink/contracts/artifacts/HelloWorld.arc56.json,2026-07-16,,0,6d4f1008
https://raw.githubusercontent.com/gabrielkuettel/algorand-starter-templates/HEAD/hello-world/projects/hello-world-contracts/smart_contracts/artifacts/hello_world/HelloWorld.arc56.json,2026-07-16,,0,d3640f29
https://raw.githubusercontent.com/gabrielkuettel/create-child-with-box/HEAD/projects/boxes/smart_contracts/artifacts/test_factory/TestChild.arc56.json,2026-07-16,,0,6006ebc0
https://raw.githubusercontent.com/gabrielkuettel/create-child-with-box/HEAD/projects/boxes/smart_contracts/artifacts/test_factory/TestFactory.arc56.json,2026-07-16,,0,29741dde
https://raw.githubusercontent.com/gabrielkuettel/delfi/HEAD/smart_contracts/artifacts/oracle/Oracle.arc56.json,2026-07-16,,0,7046c6c4
https://raw.githubusercontent.com/gabrielkuettel/security-best-practice-guide/HEAD/smart-contract-examples/projects/smart-contract-examples/smart_contracts/artifacts/1-smart-contracts-vs-logic-signatures/SafePaymentManager.arc56.json,2026-07-16,,0,daf27721
https://raw.githubusercontent.com/gabrielkuettel/security-best-practice-guide/HEAD/smart-contract-examples/projects/smart-contract-examples/smart_contracts/artifacts/2-access-control/RoleBasedContract.arc56.json,2026-07-16,,0,cc589612
https://raw.githubusercontent.com/gabrielkuettel/security-best-practice-guide/HEAD/smart-contract-examples/projects/smart-contract-examples/smart_contracts/artifacts/2-access-control/SafeDefaultContract.arc56.json,2026-07-16,,0,c454b008
https://raw.githubusercontent.com/gabrielkuettel/security-best-practice-guide/HEAD/smart-contract-examples/projects/smart-contract-examples/smart_contracts/artifacts/2-access-control/SafeDeleteContract.arc56.json,2026-07-16,,0,80a384d5
https://raw.githubusercontent.com/gabrielkuettel/security-best-practice-guide/HEAD/smart-contract-examples/projects/smart-contract-examples/smart_contracts/artifacts/2-access-control/SecureContract.arc56.json,2026-07-16,,0,f3ef24b5
https://raw.githubusercontent.com/gabrielkuettel/security-best-practice-guide/HEAD/smart-contract-examples/projects/smart-contract-examples/smart_contracts/artifacts/2-access-control/VulnerableContract.arc56.json,2026-07-16,,0,ff887aa7
https://raw.githubusercontent.com/gabrielkuettel/security-best-practice-guide/HEAD/smart-contract-examples/projects/smart-contract-examples/smart_contracts/artifacts/4-transaction-input-validation/SecureDepositContract.arc56.json,2026-07-16,,0,87ca4faf
https://raw.githubusercontent.com/gabrielkuettel/security-best-practice-guide/HEAD/smart-contract-examples/projects/smart-contract-examples/smart_contracts/artifacts/4-transaction-input-validation/VulnerableAssetContract.arc56.json,2026-07-16,,0,52c92be9
https://raw.githubusercontent.com/gabrielkuettel/security-best-practice-guide/HEAD/smart-contract-examples/projects/smart-contract-examples/smart_contracts/artifacts/6-rekeying-draining/CloseFieldContract.arc56.json,2026-07-16,,0,7a49ae00
https://raw.githubusercontent.com/gabrielkuettel/security-best-practice-guide/HEAD/smart-contract-examples/projects/smart-contract-examples/smart_contracts/artifacts/7-group-transaction-security/SecureGroupContract.arc56.json,2026-07-16,,0,4bbdffc9
https://raw.githubusercontent.com/gabrielkuettel/security-best-practice-guide/HEAD/smart-contract-examples/projects/smart-contract-examples/smart_contracts/artifacts/7-group-transaction-security/VulnerableGroupContract.arc56.json,2026-07-16,,0,dfbf5a02
https://raw.githubusercontent.com/gabrielkuettel/security-best-practice-guide/HEAD/smart-contract-examples/projects/smart-contract-examples/smart_contracts/artifacts/arithmetic_safety/ArithmeticContract.arc56.json,2026-07-16,,0,36e4f711
https://raw.githubusercontent.com/gabrielkuettel/security-best-practice-guide/HEAD/smart-contract-examples/projects/smart-contract-examples/smart_contracts/artifacts/fee_verification_test/FeeExplicitZero.arc56.json,2026-07-16,,0,c6db62a9
https://raw.githubusercontent.com/gabrielkuettel/security-best-practice-guide/HEAD/smart-contract-examples/projects/smart-contract-examples/smart_contracts/artifacts/fee_verification_test/FeeOmitted.arc56.json,2026-07-16,,0,b175c918
https://raw.githubusercontent.com/gabrielkuettel/security-best-practice-guide/HEAD/smart-contract-examples/projects/smart-contract-examples/smart_contracts/artifacts/hello_world/HelloWorld.arc56.json,2026-07-16,,0,61b4ddd3
https://raw.githubusercontent.com/gabrielkuettel/security-best-practice-guide/HEAD/smart-contract-examples/projects/smart-contract-examples/smart_contracts/artifacts/pausable_contract/PausableContract.arc56.json,2026-07-16,,0,33fa44f4
https://raw.githubusercontent.com/gabrielkuettel/security-best-practice-guide/HEAD/smart-contract-examples/projects/smart-contract-examples/smart_contracts/artifacts/rekeying_draining/RekeyingDemoContract.arc56.json,2026-07-16,,0,7eacb18c
https://raw.githubusercontent.com/gabrielkuettel/security-best-practice-guide/HEAD/smart-contract-examples/projects/smart-contract-examples/smart_contracts/artifacts/state_management/PullPatternContract.arc56.json,2026-07-16,,0,15e6eb77
https://raw.githubusercontent.com/gabrielkuettel/security-best-practice-guide/HEAD/smart-contract-examples/projects/smart-contract-examples/smart_contracts/artifacts/state_management/SafeClearContract.arc56.json,2026-07-16,,0,ff2feabb
https://raw.githubusercontent.com/gabrielkuettel/security-best-practice-guide/HEAD/smart-contract-examples/projects/smart-contract-examples/smart_contracts/artifacts/upgradeable_contract/UpgradeableContract.arc56.json,2026-07-16,,0,9e208312
https://raw.githubusercontent.com/gabrielkuettel/turbokit/HEAD/contracts/hello-world/artifacts/HelloWorld.arc56.json,2026-07-16,,0,2a55adb2
https://raw.githubusercontent.com/gabrielkuettel/vibegallery/HEAD/nft-marketplace/NftMarketplace/smart_contracts/artifacts/hello_world/HelloWorld.arc56.json,2026-07-16,,0,5ab93f67
https://raw.githubusercontent.com/gabrielkuettel/vibegallery/HEAD/nft-marketplace/NftMarketplace/smart_contracts/artifacts/nft_marketplace/NftMarketplace.arc56.json,2026-07-16,,0,34d0222c
https://raw.githubusercontent.com/Ganainmtech/Algorand-dApp-Quick-Start-Template-TypeScript/HEAD/QuickStartTemplate/projects/QuickStartTemplate-contracts/smart_contracts/artifacts/hello_world/HelloWorld.arc56.json,2026-07-16,,0,4e3f05e8
https://raw.githubusercontent.com/Ganainmtech/RwaAdvancedTemplate/HEAD/projects/TokenizeRWATemplate-contracts/smart_contracts/artifacts/hello_world/HelloWorld.arc56.json,2026-07-16,,0,0a19044e
https://raw.githubusercontent.com/Ganainmtech/TokenizeRWATemplate/HEAD/projects/TokenizeRWATemplate-contracts/smart_contracts/artifacts/hello_world/HelloWorld.arc56.json,2026-07-16,,0,776d5c13
https://raw.githubusercontent.com/gegetxt/algorand/HEAD/my-smart-contract/projects/my-smart-contract/contracts/artifacts/HelloWorld.arc56.json,2026-07-16,,0,66b1cd42
https://raw.githubusercontent.com/Genith-Utkarsh/AlgoConnect/HEAD/projects/contracts/smart_contracts/artifacts/bank/Bank.arc56.json,2026-07-16,,0,327de8b9
https://raw.githubusercontent.com/Genith-Utkarsh/AlgoConnect/HEAD/projects/contracts/smart_contracts/artifacts/counter/Counter.arc56.json,2026-07-16,,0,ab3f98cb
https://raw.githubusercontent.com/ghoshvidip26/VoiceVaultAlgorand/HEAD/contracts/projects/VoiceVault/smart_contracts/artifacts/hello_world/HelloWorldContract.arc56.json,2026-07-16,,0,e4544ce8
https://raw.githubusercontent.com/ghoshvidip26/VoiceVaultAlgorand/HEAD/contracts/projects/VoiceVault/smart_contracts/artifacts/hello_world/PaymentApp.arc56.json,2026-07-16,,0,de5f9c0b
https://raw.githubusercontent.com/ghoshvidip26/VoiceVaultAlgorand/HEAD/contracts/projects/VoiceVault/smart_contracts/artifacts/payment/PaymentApp.arc56.json,2026-07-16,,0,64e9047a
https://raw.githubusercontent.com/ghoshvidip26/VoiceVaultAlgorand/HEAD/contracts/projects/VoiceVault/smart_contracts/artifacts/voice/VoiceApp.arc56.json,2026-07-16,,0,b18fcbb1
https://raw.githubusercontent.com/ghoshvidip26/VoiceVaultAlgorand/HEAD/frontend/src/contracts/PaymentApp.arc56.json,2026-07-16,,0,f0e3c66a
https://raw.githubusercontent.com/ghoshvidip26/VoiceVaultAlgorand/HEAD/frontend/src/contracts/Voice.arc56.json,2026-07-16,,0,a495d572
https://raw.githubusercontent.com/Ghynmo/decentralized-todo-list/HEAD/smart_contracts/artifacts/todo_app/TodoApp.arc56.json,2026-07-16,,0,f8e3fdb1
https://raw.githubusercontent.com/goktugtunc/BlockSign/HEAD/blockchain/blocksign/projects/blocksign/smart_contracts/artifacts/blocksign/Blocksign.arc56.json,2026-07-16,,0,6e825a15
https://raw.githubusercontent.com/greedyhippy/trust-car/HEAD/projects/trust-car-contracts/smart_contracts/artifacts/irish_vehicle_registry/IrishVehicleRegistry.arc56.json,2026-07-16,,0,31d46f86
https://raw.githubusercontent.com/Greeshma370/algorand-hackseries-factfunders/HEAD/projects/ff-contracts/smart_contracts/artifacts/ff/ProposalContract.arc56.json,2026-07-16,,0,81c12b63
https://raw.githubusercontent.com/gtathelegend/Aegis-Care/HEAD/projects/aegis-contracts/smart_contracts/artifacts/access_control/AccessControl.arc56.json,2026-07-16,,0,c04769ac
https://raw.githubusercontent.com/gtathelegend/Aegis-Care/HEAD/projects/aegis-contracts/smart_contracts/artifacts/audit_log/AuditLog.arc56.json,2026-07-16,,0,862bbeab
https://raw.githubusercontent.com/gtathelegend/Aegis-Care/HEAD/projects/aegis-contracts/smart_contracts/artifacts/consent_manager/ConsentManager.arc56.json,2026-07-16,,0,a37b1990
https://raw.githubusercontent.com/gtathelegend/Aegis-Care/HEAD/projects/aegis-contracts/smart_contracts/artifacts/data_access_manager/DataAccessManager.arc56.json,2026-07-16,,0,33703563
https://raw.githubusercontent.com/gtathelegend/Aegis-Care/HEAD/projects/aegis-contracts/smart_contracts/artifacts/data_fiduciary_registry/DataFiduciaryRegistry.arc56.json,2026-07-16,,0,41692ef3
https://raw.githubusercontent.com/gtathelegend/Aegis-Care/HEAD/projects/aegis-contracts/smart_contracts/artifacts/healthcare_r_b_a_c/HealthcareRBAC.arc56.json,2026-07-16,,0,b66cc6ce
https://raw.githubusercontent.com/gtathelegend/Aegis-Care/HEAD/projects/aegis-contracts/smart_contracts/artifacts/medical_records/MedicalRecords.arc56.json,2026-07-16,,0,9658bc50
https://raw.githubusercontent.com/gtathelegend/Aegis-Care/HEAD/projects/aegis-contracts/smart_contracts/artifacts/queue_manager/QueueManager.arc56.json,2026-07-16,,0,bfe33de4
https://raw.githubusercontent.com/gtathelegend/Aegis-Care/HEAD/projects/aegis-contracts/smart_contracts/artifacts/volunteer_registry/VolunteerRegistry.arc56.json,2026-07-16,,0,4895b8f2
https://raw.githubusercontent.com/gtathelegend/Aegis-Care/HEAD/projects/aegis-contracts/smart_contracts/artifacts/wallet_mapper/WalletMapper.arc56.json,2026-07-16,,0,e4941440
https://raw.githubusercontent.com/gtathelegend/Aegis-Care/HEAD/projects/aegis-contracts/smart_contracts/WalletMapper/WalletMapper.arc56.json,2026-07-16,,0,e979afa4
https://raw.githubusercontent.com/gtathelegend/Aegis-Care/HEAD/projects/aegis-frontend/src/contracts/HealthcareRBAC.arc56.json,2026-07-16,,0,d759439d
https://raw.githubusercontent.com/gtathelegend/Aegis-Care/HEAD/projects/aegis-frontend/src/contracts/MedicalRecords.arc56.json,2026-07-17,,0,6b97558d
https://raw.githubusercontent.com/gulzerr/payPerSecond/HEAD/projects/algoHack-contracts/smart_contracts/artifacts/paypersec/TapToStream.arc56.json,2026-07-16,,0,b2aebc82
https://raw.githubusercontent.com/gurubazawada/AgriGuard/HEAD/projects/App-contracts/smart_contracts/artifacts/dispute/AgriGuardDispute.arc56.json,2026-07-16,,0,21ec0d4e
https://raw.githubusercontent.com/gurubazawada/AgriGuard/HEAD/projects/App-contracts/smart_contracts/artifacts/insurance/AgriGuardInsurance.arc56.json,2026-07-16,,0,479d0631
https://raw.githubusercontent.com/hanumagoudabanakar5-hash/chatbot-for-daily-conversation/HEAD/contracts/contracts/artifacts/CounterfeitAlert.arc56.json,2026-07-16,,0,5fc6ba4f
https://raw.githubusercontent.com/hanumagoudabanakar5-hash/chatbot-for-daily-conversation/HEAD/contracts/contracts/artifacts/MediRegistry.arc56.json,2026-07-16,,0,c8d0f276
https://raw.githubusercontent.com/hanumagoudabanakar5-hash/chatbot-for-daily-conversation/HEAD/contracts/contracts/artifacts/ProcurementEscrow.arc56.json,2026-07-16,,0,72c36858
https://raw.githubusercontent.com/hanumagoudabanakar5-hash/pillproof/HEAD/contracts/artifacts/CounterfeitAlert.arc56.json,2026-07-16,,0,d18c5cd1
https://raw.githubusercontent.com/hanumagoudabanakar5-hash/pillproof/HEAD/contracts/artifacts/MediRegistry.arc56.json,2026-07-16,,0,832f3703
https://raw.githubusercontent.com/hanumagoudabanakar5-hash/pillproof/HEAD/contracts/artifacts/ProcurementEscrow.arc56.json,2026-07-16,,0,370cabab
https://raw.githubusercontent.com/Hardik174/Hackseries-Expense-Splitter/HEAD/projects/Hackseries-Expense-Splitter-contracts/smart_contracts/artifacts/contract_main/ExpensePoolContract.arc56.json,2026-07-16,,0,22752c29
https://raw.githubusercontent.com/hariomphulre/Escrow-Based-Transcation-System/HEAD/smart-contract/src/artifacts/EscrowContract.arc56.json,2026-07-16,,0,2c4fb5ae
https://raw.githubusercontent.com/hariomphulre/Escrow-Based-Transcation-System/HEAD/smart-contract/src/artifacts/EscrowFactory.arc56.json,2026-07-16,,0,151a8db4
https://raw.githubusercontent.com/hariomphulre/Escrow-Based-Transcation-System/HEAD/smart-contract/src/src/artifacts/EscrowContract.arc56.json,2026-07-16,,0,5955d50e
https://raw.githubusercontent.com/hariomphulre/Escrow-Based-Transcation-System/HEAD/smart-contract/src/src/artifacts/EscrowFactory.arc56.json,2026-07-16,,0,d2eda482
https://raw.githubusercontent.com/harjeetvs06/algorand/HEAD/projects/contracts/smart_contracts/artifacts/bank/Bank.arc56.json,2026-07-16,,0,3ac242b4
https://raw.githubusercontent.com/harjeetvs06/algorand/HEAD/projects/contracts/smart_contracts/artifacts/food_safety/FoodSafetyApp.arc56.json,2026-07-16,,0,00582175
https://raw.githubusercontent.com/harsh-a-parihar/Hackpay/HEAD/projects/algohack-contracts/smart_contracts/artifacts/batch_distribution/BatchDistributionContract.arc56.json,2026-07-16,,0,337398d1
https://raw.githubusercontent.com/harsh-a-parihar/Hackpay/HEAD/projects/algohack-contracts/smart_contracts/artifacts/compliance_oracle/ComplianceOracleContract.arc56.json,2026-07-16,,0,437d0a2e
https://raw.githubusercontent.com/harsh-a-parihar/Hackpay/HEAD/projects/algohack-contracts/smart_contracts/artifacts/emergency_recovery/EmergencyRecoveryContract.arc56.json,2026-07-16,,0,3ad7816e
https://raw.githubusercontent.com/harsh-a-parihar/Hackpay/HEAD/projects/algohack-contracts/smart_contracts/artifacts/multisig_wallet/MultiSigWalletContract.arc56.json,2026-07-16,,0,21df8993
https://raw.githubusercontent.com/harsh-a-parihar/Hackpay/HEAD/projects/algohack-contracts/smart_contracts/artifacts/platform_fee_manager/PlatformFeeManagerContract.arc56.json,2026-07-16,,0,322b43ec
https://raw.githubusercontent.com/harsh-a-parihar/Hackpay/HEAD/projects/algohack-contracts/smart_contracts/artifacts/reputation_system/ReputationSystemContract.arc56.json,2026-07-16,,0,0ecb1d6c
https://raw.githubusercontent.com/harsh-a-parihar/Hackpay/HEAD/projects/algohack-contracts/smart_contracts/artifacts/simple_prize_distribution/SimplePrizeDistribution.arc56.json,2026-07-16,,0,6048770e
https://raw.githubusercontent.com/harsh-a-parihar/Hackpay/HEAD/projects/algohack-contracts/smart_contracts/artifacts/tax_compliance/TaxComplianceContract.arc56.json,2026-07-16,,0,7adedc87
https://raw.githubusercontent.com/harsh-a-parihar/Hackpay/HEAD/projects/algohack-contracts/smart_contracts/simple_prize_distribution/out/SimplePrizeDistribution.arc56.json,2026-07-16,,0,3e6d91ef
https://raw.githubusercontent.com/harsh-mogalgiddikar/cadencia-platform/HEAD/cadencia-a2a-phases/artifacts/CadenciaEscrow.arc56.json,2026-07-16,,0,5c7908b1
https://raw.githubusercontent.com/harsh-mogalgiddikar/cadencia_lending_pool/HEAD/backend/contracts/cadencia/CreditScore/CreditScore.arc56.json,2026-07-16,,0,cc0b8b89
https://raw.githubusercontent.com/harsh-mogalgiddikar/cadencia_lending_pool/HEAD/backend/contracts/cadencia/KYCRegistry/KYCRegistry.arc56.json,2026-07-16,,0,12943ad2
https://raw.githubusercontent.com/harsh-mogalgiddikar/cadencia_lending_pool/HEAD/backend/contracts/cadencia/LendingPool/LendingPool.arc56.json,2026-07-16,,0,b03f539c
https://raw.githubusercontent.com/harsh-mogalgiddikar/cadencia_lending_pool/HEAD/backend/contracts/cadencia/LoanManager/LoanManager.arc56.json,2026-07-16,,0,35563b1b
https://raw.githubusercontent.com/harsh-mogalgiddikar/cadencia_lending_pool/HEAD/backend/contracts/cadencia/RepaymentEscrow/RepaymentEscrow.arc56.json,2026-07-16,,0,c1bce0d7
https://raw.githubusercontent.com/harsh-mogalgiddikar/credentia_v2/HEAD/backend/contracts/cadencia/CreditScore/CreditScore.arc56.json,2026-07-16,,0,dd65728b
https://raw.githubusercontent.com/harsh-mogalgiddikar/credentia_v2/HEAD/backend/contracts/cadencia/KYCRegistry/KYCRegistry.arc56.json,2026-07-16,,0,c5fceccb
https://raw.githubusercontent.com/harsh-mogalgiddikar/credentia_v2/HEAD/backend/contracts/cadencia/LendingPool/LendingPool.arc56.json,2026-07-16,,0,4e2b9b91
https://raw.githubusercontent.com/harsh-mogalgiddikar/credentia_v2/HEAD/backend/contracts/cadencia/LoanManager/LoanManager.arc56.json,2026-07-16,,0,fe39ce1a
https://raw.githubusercontent.com/harsh-mogalgiddikar/credentia_v2/HEAD/backend/contracts/cadencia/RepaymentEscrow/RepaymentEscrow.arc56.json,2026-07-16,,0,29a4e095
https://raw.githubusercontent.com/HashMapsData2Value/leakswap/HEAD/algorand/projects/algorand/smart_contracts/artifacts/leak_swap/LeakSwap.arc56.json,2026-07-16,,0,53ed141c
https://raw.githubusercontent.com/hongkian03/payday_algorand/HEAD/projects/algorand-proj-contracts/smart_contracts/artifacts/get_money/GetMoney.arc56.json,2026-07-16,,0,79b38c41
https://raw.githubusercontent.com/hongkian03/payday_algorand/HEAD/projects/algorand-proj-contracts/smart_contracts/artifacts/hello_world/HelloWorld.arc56.json,2026-07-16,,0,d18a75c8
https://raw.githubusercontent.com/iamterabro/on-chain-voting/HEAD/contracts/artifacts/OnChainVoting.arc56.json,2026-07-16,,0,b2cd70a9
https://raw.githubusercontent.com/IBHAGYESH/AlgoMintX/HEAD/AlgoKit/smart_contracts/artifacts/AlgoMintX/AlgoMintX.arc56.json,2026-07-16,,0,4f4f6ff7
https://raw.githubusercontent.com/IBHAGYESH/AlgoMintX/HEAD/AlgoKit/smart_contracts/artifacts/hello_world/HelloWorld.arc56.json,2026-07-16,,0,a87f3d67
https://raw.githubusercontent.com/IBHAGYESH/IndiaDataExchange/HEAD/backend/AlgoKit/smart_contracts/artifacts/BountyEscrow/BountyEscrow.arc56.json,2026-07-16,,0,414c307e
https://raw.githubusercontent.com/IBHAGYESH/IndiaDataExchange/HEAD/backend/AlgoKit/smart_contracts/artifacts/hello_world/HelloWorld.arc56.json,2026-07-16,,0,bf3c1ca5
https://raw.githubusercontent.com/IcanBENCHurCAT/algo-bounty/HEAD/artifacts/escrow_mainnet.arc56.json,2026-07-17,,0,6c2148cf
https://raw.githubusercontent.com/IcanBENCHurCAT/algo-bounty/HEAD/artifacts/escrow_testnet.arc56.json,2026-07-17,,0,d6e7ef38
https://raw.githubusercontent.com/IcanBENCHurCAT/algo-bounty/HEAD/artifacts/EscrowContract.arc56.json,2026-07-17,,0,55731572
https://raw.githubusercontent.com/IcanBENCHurCAT/algo-bounty/HEAD/EscrowContract.arc56.json,2026-07-17,,0,2bb5f156
https://raw.githubusercontent.com/IcanBENCHurCAT/algo-bounty/HEAD/TestContract.arc56.json,2026-07-17,,0,526d7fbc
https://raw.githubusercontent.com/IndieBits/personal-bank/HEAD/smart_contracts/artifacts/personal_bank/PersonalBank.arc56.json,2026-07-30,,1785391170,151dde7d
https://raw.githubusercontent.com/IrfanChairurrachman/RantaiAdil/HEAD/smart_contracts/artifacts/rantai_adil/RantaiAdil.arc56.json,2026-07-16,,0,c197d60f
https://raw.githubusercontent.com/Irion-Network/irion-contracts/HEAD/projects/irion-contracts/smart_contracts/artifacts/hello_world/HelloWorld.arc56.json,2026-07-16,,0,3941998f
https://raw.githubusercontent.com/ISHAAN-KKR/algorand/HEAD/projects/algorand-contract/smart_contracts/artifacts/hello_world/IdeaVotingApp.arc56.json,2026-07-16,,0,d2d36444
https://raw.githubusercontent.com/ishanKulkarni13/studentia/HEAD/algo/Studentia/projects/Studentia-contracts/smart_contracts/artifacts/consent_app/ConsentApp.arc56.json,2026-07-16,,0,3033df3d
https://raw.githubusercontent.com/iskysun96/algokit-utils-personal-bank/HEAD/projects/algokit-utils-demo-retreat-2025-contracts/smart_contracts/artifacts/personal_bank/PersonalBank.arc56.json,2026-07-16,,0,2d4c66da
https://raw.githubusercontent.com/iskysun96/fractional-realestate/HEAD/projects/fractional-realestate/smart_contracts/artifacts/fractional_realestate/FractionalRealestate.arc56.json,2026-07-16,,0,33e7c027
https://raw.githubusercontent.com/jackoske/0ktopus_ProofOfConcept_hackaton/HEAD/projects/python-hello-world-contracts/smart_contracts/artifacts/weather_marketplace/WeatherMarketplace.arc56.json,2026-07-16,,0,9b586b5a
https://raw.githubusercontent.com/Jake-loranger/AlgoDevShop/HEAD/backend/AlgoDevShop/projects/AlgoDevShop/contracts/artifacts/BetOnAlgoPrice.arc56.json,2026-07-16,,0,20946e07
https://raw.githubusercontent.com/jayaveerR/Algorand_Student/HEAD/projects/student-contracts/smart_contracts/artifacts/student/Student.arc56.json,2026-07-16,,0,6fa68a37
https://raw.githubusercontent.com/jayaveerR/IPFS-Algorand-Student-Certificate-NFT-System/HEAD/projects/backend-contracts/smart_contracts/artifacts/student/Student.arc56.json,2026-07-16,,0,c6341a2b
https://raw.githubusercontent.com/jc-kirthi/RapidAuth/HEAD/contracts/artifacts/PlacementVerify.arc56.json,2026-07-16,,0,8f2f85c7
https://raw.githubusercontent.com/joe-p/algorand-phala-oracle/HEAD/oracle/contracts/out/CatFactsOracle.arc56.json,2026-07-16,,0,3875cad1
https://raw.githubusercontent.com/joe-p/algorand-phala-oracle/HEAD/oracle/contracts/out/PhalaTdxOracle.arc56.json,2026-07-16,,0,b3e65480
https://raw.githubusercontent.com/joe-p/arc58/HEAD/contracts/artifacts/AbstractedAccount.arc56.json,2026-07-16,,0,9616adf0
https://raw.githubusercontent.com/joe-p/arc58/HEAD/contracts/artifacts/OptInPlugin.arc56.json,2026-07-16,,0,7581b53a
https://raw.githubusercontent.com/joe-p/arc58/HEAD/contracts/artifacts/SubscriptionPlugin.arc56.json,2026-07-16,,0,667e888f
https://raw.githubusercontent.com/joe-p/arc84_poc/HEAD/projects/arc84_poc/contracts/artifacts/ApprovalApp.arc56.json,2026-07-16,,0,76449f1c
https://raw.githubusercontent.com/joe-p/arc84_poc/HEAD/projects/arc84_poc/contracts/artifacts/ARC200.arc56.json,2026-07-16,,0,c5980383
https://raw.githubusercontent.com/joe-p/arc84_poc/HEAD/projects/arc84_poc/contracts/artifacts/ARC200Bridge.arc56.json,2026-07-16,,0,f21f44c9
https://raw.githubusercontent.com/joe-p/arc84_poc/HEAD/projects/arc84_poc/contracts/artifacts/ARC84Bridge.arc56.json,2026-07-16,,0,4c17a6b8
https://raw.githubusercontent.com/joe-p/arc84_poc/HEAD/projects/arc84_poc/contracts/artifacts/ARC84Data.arc56.json,2026-07-16,,0,b921e400
https://raw.githubusercontent.com/joe-p/arc84_poc/HEAD/projects/arc84_poc/contracts/artifacts/ARC84Transfer.arc56.json,2026-07-16,,0,70edfc7d
https://raw.githubusercontent.com/joe-p/arc84_poc/HEAD/projects/arc84_poc/contracts/artifacts/ARC84TransferHook.arc56.json,2026-07-16,,0,2b785a08
https://raw.githubusercontent.com/joe-p/arc84_poc/HEAD/projects/arc84_poc/contracts/artifacts/DeclarationRegistry.arc56.json,2026-07-16,,0,d9dc4608
https://raw.githubusercontent.com/joe-p/arc84_poc/HEAD/projects/arc84_poc/contracts/artifacts/TempApp.arc56.json,2026-07-16,,0,f2ae0445
https://raw.githubusercontent.com/joe-p/closed_loop_payments/HEAD/contracts/out/Payments.arc56.json,2026-07-16,,0,6654a7c3
https://raw.githubusercontent.com/joe-p/Mithras-Protocol/HEAD/packages/mithras-contracts-and-circuits/contracts/out/Mithras.arc56.json,2026-07-16,,0,e3b8ed3e
https://raw.githubusercontent.com/joe-p/snarkjs-algorand/HEAD/contracts/out/Groth16Bls12381SignalsAndProof.arc56.json,2026-07-16,,0,28247371
https://raw.githubusercontent.com/joe-p/snarkjs-algorand/HEAD/contracts/out/Groth16Bls12381Verifier.arc56.json,2026-07-16,,0,6ba23b50
https://raw.githubusercontent.com/joe-p/snarkjs-algorand/HEAD/contracts/out/Groth16Bls12381VerifierWithLogs.arc56.json,2026-07-16,,0,c683c126
https://raw.githubusercontent.com/joe-p/snarkjs-algorand/HEAD/contracts/out/Groth16Bn254SignalsAndProof.arc56.json,2026-07-16,,0,b5794f5b
https://raw.githubusercontent.com/joe-p/snarkjs-algorand/HEAD/contracts/out/Groth16Bn254Verifier.arc56.json,2026-07-16,,0,79ac47c5
https://raw.githubusercontent.com/joe-p/snarkjs-algorand/HEAD/contracts/out/Groth16Bn254VerifierWithLogs.arc56.json,2026-07-16,,0,05b3a664
https://raw.githubusercontent.com/joe-p/snarkjs-algorand/HEAD/contracts/out/PlonkSignalsAndProof.arc56.json,2026-07-16,,0,8f611b56
https://raw.githubusercontent.com/joe-p/snarkjs-algorand/HEAD/contracts/out/PlonkVerifier.arc56.json,2026-07-16,,0,eefa58ff
https://raw.githubusercontent.com/joe-p/snarkjs-algorand/HEAD/contracts/out/PlonkVerifierWithLogs.arc56.json,2026-07-16,,0,6f324d2c
https://raw.githubusercontent.com/joe-p/tealscript_migration/HEAD/smart_contracts/artifacts/arc58/AbstractedAccount.arc56.json,2026-07-16,,0,0ba1b52b
https://raw.githubusercontent.com/joe-p/tealscript_migration/HEAD/smart_contracts/artifacts/calculator/Calculator.arc56.json,2026-07-16,,0,c06abc56
https://raw.githubusercontent.com/joe-p/tealscript_migration/HEAD/smart_contracts/artifacts/hello_world/HelloWorld.arc56.json,2026-07-16,,0,deafd109
https://raw.githubusercontent.com/joe-p/tealscript_migration/HEAD/smart_contracts/artifacts/merkle/MerkleTree.arc56.json,2026-07-16,,0,da8fc34e
https://raw.githubusercontent.com/joe-p/tealscript_migration/HEAD/smart_contracts/artifacts/reti/StakingPool.arc56.json,2026-07-16,,0,7c690082
https://raw.githubusercontent.com/joe-p/tealscript_migration/HEAD/smart_contracts/artifacts/reti/ValidatorRegistry.arc56.json,2026-07-16,,0,d1a137cc
https://raw.githubusercontent.com/joe-p/tealscript_migration/HEAD/smart_contracts/artifacts/reti_prod/StakingPool.arc56.json,2026-07-16,,0,770e45ce
https://raw.githubusercontent.com/joe-p/tealscript_migration/HEAD/smart_contracts/artifacts/reti_prod/ValidatorRegistry.arc56.json,2026-07-16,,0,007bcae2
https://raw.githubusercontent.com/joe-p/tealscript_migration/HEAD/smart_contracts/artifacts/reti_staking_pool/StakingPool.arc56.json,2026-07-16,,0,4ce62317
https://raw.githubusercontent.com/joe-p/tealscript_migration/HEAD/smart_contracts/artifacts/reti_validator_registry/ValidatorRegistry.arc56.json,2026-07-16,,0,2d146d89
https://raw.githubusercontent.com/joe-p/tealscript_migration/HEAD/tealscript/reti_prod/StakingPool.arc56.json,2026-07-17,,0,1c867583
https://raw.githubusercontent.com/joe-p/tealscript_migration/HEAD/tealscript/reti_prod/ValidatorRegistry.arc56.json,2026-07-17,,0,5a54bbd2
https://raw.githubusercontent.com/joeesteves/algorand-typescript-workshop/HEAD/projects/personal-bank/smart_contracts/artifacts/personal_bank/PersonalBank.arc56.json,2026-07-16,,0,9553664b
https://raw.githubusercontent.com/JoseLili/registro-empresarial-blockchain/HEAD/projects/registro-empresarial/smart_contracts/artifacts/registro_empresarial/RegistroEmpresarial.arc56.json,2026-07-16,,0,a1e559cd
https://raw.githubusercontent.com/jvanyom/demochain/HEAD/client/src/algorand/Demochain.arc56.json,2026-07-16,,0,d81a46aa
https://raw.githubusercontent.com/kanishkarathore/mosspay-project/HEAD/carbon_engine/projects/carbon_engine/smart_contracts/artifacts/carbon_engine/CarbonEngine.arc56.json,2026-07-16,,0,42ee811c
https://raw.githubusercontent.com/karangoraniya/agent-budget/HEAD/agent-budget/projects/agent-budget/smart_contracts/artifacts/agent_budget/AgentBudget.arc56.json,2026-07-25,,0,8ae32a63
https://raw.githubusercontent.com/karangoraniya/agent-budget/HEAD/agent-sdk/AgentBudget.arc56.json,2026-07-25,,0,7ceef877
https://raw.githubusercontent.com/karangoraniya/agent-budget/HEAD/dashboard/src/lib/AgentBudget.v3.arc56.json,2026-07-25,,0,10266231
https://raw.githubusercontent.com/karthikreddy358/Student_MS/HEAD/projects/Student_mgmt_sys-contracts/smart_contracts/artifacts/hello_world/HelloWorld.arc56.json,2026-07-16,,0,329b7cdb
https://raw.githubusercontent.com/kartikeyan-sudo/triviapay_v3/HEAD/trivia-pay-ts/smart_contracts/trivia_pay/artifacts/TriviaPay.arc56.json,2026-07-16,,0,85859da7
https://raw.githubusercontent.com/kartikeyan-sudo/triviapay_v3/HEAD/trivia-pay-ts/smart_contracts/trivia_pay/smart_contracts/artifacts/TriviaPay.arc56.json,2026-07-16,,0,498b8bfe
https://raw.githubusercontent.com/KartikSharma4448/Aegiscare/HEAD/projects/aegis-contracts/smart_contracts/artifacts/access_control/AccessControl.arc56.json,2026-07-16,,0,93d892a0
https://raw.githubusercontent.com/KartikSharma4448/Aegiscare/HEAD/projects/aegis-contracts/smart_contracts/artifacts/audit_log/AuditLog.arc56.json,2026-07-16,,0,f7f3d86d
https://raw.githubusercontent.com/KartikSharma4448/Aegiscare/HEAD/projects/aegis-contracts/smart_contracts/artifacts/consent_manager/ConsentManager.arc56.json,2026-07-16,,0,4cdee31b
https://raw.githubusercontent.com/KartikSharma4448/Aegiscare/HEAD/projects/aegis-contracts/smart_contracts/artifacts/data_access_manager/DataAccessManager.arc56.json,2026-07-16,,0,aea947e7
https://raw.githubusercontent.com/KartikSharma4448/Aegiscare/HEAD/projects/aegis-contracts/smart_contracts/artifacts/data_fiduciary_registry/DataFiduciaryRegistry.arc56.json,2026-07-16,,0,2612b327
https://raw.githubusercontent.com/KartikSharma4448/Aegiscare/HEAD/projects/aegis-contracts/smart_contracts/artifacts/healthcare_r_b_a_c/HealthcareRBAC.arc56.json,2026-07-16,,0,2cf64c9b
https://raw.githubusercontent.com/KartikSharma4448/Aegiscare/HEAD/projects/aegis-contracts/smart_contracts/artifacts/medical_records/MedicalRecords.arc56.json,2026-07-16,,0,036143f4
https://raw.githubusercontent.com/KartikSharma4448/Aegiscare/HEAD/projects/aegis-contracts/smart_contracts/artifacts/queue_manager/QueueManager.arc56.json,2026-07-16,,0,ed415771
https://raw.githubusercontent.com/KartikSharma4448/Aegiscare/HEAD/projects/aegis-contracts/smart_contracts/artifacts/volunteer_registry/VolunteerRegistry.arc56.json,2026-07-16,,0,5a67ea4c
https://raw.githubusercontent.com/KartikSharma4448/Aegiscare/HEAD/projects/aegis-contracts/smart_contracts/artifacts/wallet_mapper/WalletMapper.arc56.json,2026-07-16,,0,747c7d1f
https://raw.githubusercontent.com/KartikSharma4448/Aegiscare/HEAD/projects/aegis-contracts/smart_contracts/WalletMapper/WalletMapper.arc56.json,2026-07-16,,0,f1060e4c
https://raw.githubusercontent.com/KartikSharma4448/Aegiscare/HEAD/projects/aegis-frontend/src/contracts/HealthcareRBAC.arc56.json,2026-07-16,,0,79b81a67
https://raw.githubusercontent.com/KartikSharma4448/Aegiscare/HEAD/projects/aegis-frontend/src/contracts/MedicalRecords.arc56.json,2026-07-17,,0,c959c370
https://raw.githubusercontent.com/kastedo/personal-bank/HEAD/smart_contracts/artifacts/personal_bank/PersonalBank.arc56.json,2026-07-16,,0,a9bb20a9
https://raw.githubusercontent.com/Kaushik2003/algorand101/HEAD/projects/algorand101/smart_contracts/artifacts/hello_world/MedicalReport.arc56.json,2026-07-16,,0,95d39662
https://raw.githubusercontent.com/Kaushik2003/taurusSwap/HEAD/contracts/smart_contracts/artifacts/orbital_pool/OrbitalPool.arc56.json,2026-07-16,,0,7e7ced89
https://raw.githubusercontent.com/Kaushik2003/taurusSwap/HEAD/contracts/smart_contracts/orbital_pool/artifacts/OrbitalPool.arc56.json,2026-07-16,,0,4e90fb9b
https://raw.githubusercontent.com/kautilyadevaraj/algorand_hackathon/HEAD/project_name/uwu/projects/uwu-contracts/smart_contracts/artifacts/trsut_me_bro/TrustMeBro.arc56.json,2026-07-16,,0,1583801d
https://raw.githubusercontent.com/KDvenkatesh/Gigo_Dapp/HEAD/Gigo/projects/contracts/smart_contracts/artifacts/hello_world/RideContract.arc56.json,2026-07-16,,0,dcd64bf2
https://raw.githubusercontent.com/KDvenkatesh/myGameshub/HEAD/gameshub-contracts/smart_contracts/artifacts/gameshub/GamesHub.arc56.json,2026-07-16,,0,3579016c
https://raw.githubusercontent.com/Keerthan-17/Algo-lancer/HEAD/projects/Algo-lancer-contracts/smart_contracts/artifacts/hello_world/HelloWorld.arc56.json,2026-07-16,,0,797c2481
https://raw.githubusercontent.com/Keshabkjha/LotteryContract/HEAD/smart_contracts/artifacts/lottery/Lottery.arc56.json,2026-07-16,,0,c0f62695
https://raw.githubusercontent.com/knokvik/uniledger/HEAD/projects/contracts/smart_contracts/artifacts/bank/Bank.arc56.json,2026-07-16,,0,8ec742ea
https://raw.githubusercontent.com/knokvik/uniledger/HEAD/projects/contracts/smart_contracts/artifacts/counter/Counter.arc56.json,2026-07-16,,0,a78c8590
https://raw.githubusercontent.com/knonode/algokit3-ts-workshop-personal-bank/HEAD/projects/personal-bank/smart_contracts/artifacts/personal_bank/PersonalBank.arc56.json,2026-07-16,,0,df1c21c0
https://raw.githubusercontent.com/knonode/algokit3-ts-workshop-personal-bank/HEAD/projects/ts-workshop/smart_contracts/artifacts/hello_world/HelloWorld.arc56.json,2026-07-16,,0,f7a953ca
https://raw.githubusercontent.com/knonode/SignZero/HEAD/signzero/projects/signzero/smart_contracts/artifacts/sign_zero/SignZero.arc56.json,2026-07-16,,0,18b1e02b
https://raw.githubusercontent.com/kranthi1306/Carbonfootprint/HEAD/projects/carbonfootprint-contracts/smart_contracts/artifacts/carbonfootprint/CarbonFootprintContract.arc56.json,2026-07-16,,0,e78b7b91
https://raw.githubusercontent.com/kranthi1306/guess_number/HEAD/guess_number/projects/guess_number-contracts/smart_contracts/artifacts/guess_number/GuessNumber.arc56.json,2026-07-16,,0,218075de
https://raw.githubusercontent.com/krish-9347/ALGO_HACKERS_ALGO---BOUNTY/HEAD/projects/task_bountys-contracts/smart_contracts/artifacts/task_bountys/TaskBounty.arc56.json,2026-07-16,,0,13b9f12c
https://raw.githubusercontent.com/Krishna-AGG18/workshopAlgo/HEAD/projects/workshopAlgo/smart_contracts/artifacts/hello_world/HelloWorld.arc56.json,2026-07-16,,0,52a310ae
https://raw.githubusercontent.com/Krishna-AGG18/workshopAlgo/HEAD/projects/workshopAlgo/smart_contracts/artifacts/hello_world/StudentRecord.arc56.json,2026-07-16,,0,f3614402
https://raw.githubusercontent.com/Krishna050305/parity_squad/HEAD/projects/lendpool-contracts/smart_contracts/artifacts/loan_contract/LoanContract.arc56.json,2026-07-16,,0,99100af0
https://raw.githubusercontent.com/Krishna050305/parity_squad/HEAD/smart_contracts/artifacts/loan_contract/LoanContract.arc56.json,2026-07-16,,0,958c243f
https://raw.githubusercontent.com/Krishna050305/parity_squad/HEAD/smart_contracts/loan_contract/smart_contracts/artifacts/debug/LoanContract.arc56.json,2026-07-16,,0,73ad0083
https://raw.githubusercontent.com/Krishna050305/parity_squad/HEAD/smart_contracts/loan_contract/smart_contracts/artifacts/test32/LoanContract.arc56.json,2026-07-16,,0,1ce6cb3e
https://raw.githubusercontent.com/Krishna050305/parity_squad/HEAD/smart_contracts/loan_contract/smart_contracts/artifacts/test_output/LoanContract.arc56.json,2026-07-16,,0,11c82784
https://raw.githubusercontent.com/Krishna050305/parity_squad/HEAD/smart_contracts/TestContract.arc56.json,2026-07-16,,0,7c71d4bd
https://raw.githubusercontent.com/krittikabiswas/Durga-Puja-2025/HEAD/projects/DurgaDao-contracts/smart_contracts/anjoli_dao/AnjoliDAO.arc56.json,2026-07-16,,0,4032bf59
https://raw.githubusercontent.com/krittikabiswas/Durga-Puja-2025/HEAD/projects/DurgaDao-contracts/smart_contracts/artifacts/anjoli_dao/AnjoliDao.arc56.json,2026-07-16,,0,f9422c4d
https://raw.githubusercontent.com/KudbeeZero/Algo-Unify-Dev/HEAD/smart_contracts/projects/smart_contracts/smart_contracts/artifacts/growpod/GrowPodEmpire.arc56.json,2026-07-16,,0,55e75d8c
https://raw.githubusercontent.com/KudbeeZero/frintier-on-solana/HEAD/smart_contracts/projects/smart_contracts/smart_contracts/artifacts/growpod/GrowPodEmpire.arc56.json,2026-07-16,,0,9de6e076
https://raw.githubusercontent.com/KudbeeZero/GrowPodEmpirev1.0/HEAD/contracts/artifacts/GrowPodEmpire.arc56.json,2026-07-16,,0,a6359ac5
https://raw.githubusercontent.com/kvrancic/DeFacto/HEAD/de-news/projects/de-news-contracts/smart_contracts/artifacts/hello_world/HelloWorld.arc56.json,2026-07-16,,0,b1f9fb8b
https://raw.githubusercontent.com/LachTTT/ClaimCap/HEAD/claimcap/projects/claimcap/smart_contracts/artifacts/claimcap/ClaimCap.arc56.json,2026-07-16,,0,2de92bf9
https://raw.githubusercontent.com/LakshmiHasini/sai_ram/HEAD/campus-voting-dapp/projects/campus-voting-dapp-contracts/smart_contracts/artifacts/campus_voting/CampusVoting.arc56.json,2026-07-16,,0,354b687f
https://raw.githubusercontent.com/LakshmiHasini/sai_ram/HEAD/smart_contracts/artifacts/campus_voting_dapp/CampusVotingDapp.arc56.json,2026-07-16,,0,2313e9b6
https://raw.githubusercontent.com/lathi-aayush/pay-per-usage-ai-api-access-system-using-algorand/HEAD/contract/artifacts/SentinelContract.arc56.json,2026-07-16,,0,677d7a81
https://raw.githubusercontent.com/lempira/utils-ts-371/HEAD/projects/utils-ts-371/smart_contracts/artifacts/caller_contract/CalledContract.arc56.json,2026-07-16,,0,9b72cfbe
https://raw.githubusercontent.com/lempira/utils-ts-371/HEAD/projects/utils-ts-371/smart_contracts/artifacts/caller_contract/CallerContract.arc56.json,2026-07-16,,0,74c328df
https://raw.githubusercontent.com/LogiqueClergyman/uwu-contracts/HEAD/projects/uwu-contracts/smart_contracts/artifacts/registry/UwUPolymorphicRegistry.arc56.json,2026-07-16,,0,8b9dac3b
https://raw.githubusercontent.com/loicdrbx/eclair/HEAD/projects/eclair-contracts/smart_contracts/artifacts/hello_eclair/HelloEclair.arc56.json,2026-07-16,,0,24f15ddd
https://raw.githubusercontent.com/LokoAnas/Algorand/HEAD/agentid/contracts/artifacts/AgentIDContract.arc56.json,2026-07-16,,0,44547838
https://raw.githubusercontent.com/LokoAnas/Algorand/HEAD/agentid/contracts/contracts/artifacts/AgentIDContract.arc56.json,2026-07-16,,0,2fbd1157
https://raw.githubusercontent.com/lucasucal/event-organiser-scanner/HEAD/QuickStartTemplate/projects/QuickStartTemplate-contracts/smart_contracts/artifacts/hello_world/HelloWorld.arc56.json,2026-07-16,,0,e9ae8d43
https://raw.githubusercontent.com/lucasucal/event-organiser-scanner/HEAD/QuickStartTemplate/projects/QuickStartTemplate-contracts/smart_contracts/artifacts/one_asa_transfer/OneAsaTransfer.arc56.json,2026-07-16,,0,6af43f86
https://raw.githubusercontent.com/ludovit-scholtz/algo-safe/HEAD/projects/algo-safe-contracts/clients/0ec5f00067169dae3414cffd9f2e04d8e2a91884d7fd0eb903c31aa409da6ead/AlgoSafe.arc56.json,2026-07-16,,2000000001,52bdb175
https://raw.githubusercontent.com/ludovit-scholtz/algo-safe/HEAD/projects/algo-safe-contracts/clients/0f44ee7b45b2b85adc8bef13d4e66715df3caed1129258e2657ce6a2f038b5d3/AlgoSafe.arc56.json,2026-07-16,,2000000001,68d1101a
https://raw.githubusercontent.com/ludovit-scholtz/algo-safe/HEAD/projects/algo-safe-contracts/clients/1a77ba21f289ff35d2d54b732cc2e66e4bdba6ac820e7f25e381f58bea41b5fc/AlgoSafe.arc56.json,2026-07-16,,2000000001,cee66e6c
https://raw.githubusercontent.com/ludovit-scholtz/algo-safe/HEAD/projects/algo-safe-contracts/clients/1bf721b12654a8a63ccb8ea5040b79948c9dd0d34406032b84007fedf32ac727/AlgoSafe.arc56.json,2026-07-16,,2000000001,0800a975
https://raw.githubusercontent.com/ludovit-scholtz/algo-safe/HEAD/projects/algo-safe-contracts/clients/210e1f9f1ab8f1d1fdd019441f2fe351f033e51176abd0bb329d3529652f34ba/AlgoSafe.arc56.json,2026-07-16,,2000000001,67fbb4c2
https://raw.githubusercontent.com/ludovit-scholtz/algo-safe/HEAD/projects/algo-safe-contracts/clients/27bf717e5729c3e66009c526e92b8137c1773b6259f651c5fc69dcafa38f3e47/AlgoSafe.arc56.json,2026-07-16,,2000000001,635abdeb
https://raw.githubusercontent.com/ludovit-scholtz/algo-safe/HEAD/projects/algo-safe-contracts/clients/3f8d0cb07960bf2c8af42fb41b7d7fc2673dd831d987e80ee0e0c43fcefaa0ec/AlgoSafe.arc56.json,2026-07-16,,2000000001,dd31e887
https://raw.githubusercontent.com/ludovit-scholtz/algo-safe/HEAD/projects/algo-safe-contracts/clients/562dab8a2d92d57665e928ceb3b1b4db350f74449c645f805f6e8227004140fc/AlgoSafe.arc56.json,2026-07-16,,2000000001,ab264999
https://raw.githubusercontent.com/ludovit-scholtz/algo-safe/HEAD/projects/algo-safe-contracts/clients/5e990dc32389d1e858570d22be22b068b646dcd8823dcc154ce95c5042b2b50c/AlgoSafe.arc56.json,2026-07-16,,2000000001,af7bfabe
https://raw.githubusercontent.com/ludovit-scholtz/algo-safe/HEAD/projects/algo-safe-contracts/clients/799f2571dccd9497da99663041299dd62927e55a19e31b5aac4b3876dd2a7f5f/AlgoSafe.arc56.json,2026-07-16,,2000000001,4d9a2318
https://raw.githubusercontent.com/ludovit-scholtz/algo-safe/HEAD/projects/algo-safe-contracts/clients/7e9528e198e8827f7acbd54acdf41c3ed9ca41622936d449f4574580401c33cf/AlgoSafe.arc56.json,2026-07-16,,2000000001,78f748a1
https://raw.githubusercontent.com/ludovit-scholtz/algo-safe/HEAD/projects/algo-safe-contracts/clients/8a9073ec02dd208e4757e57180a96b452e074c1731c7ecccdabdbe8dc7f3acee/AlgoSafe.arc56.json,2026-07-16,,2000000001,25bebab6
https://raw.githubusercontent.com/ludovit-scholtz/algo-safe/HEAD/projects/algo-safe-contracts/clients/8f0e3a34c916ca3dee51f5ce496651261114c3e7da762bb6296435b3ebb028dd/AlgoSafe.arc56.json,2026-07-17,,2000000001,a33acdef
https://raw.githubusercontent.com/ludovit-scholtz/algo-safe/HEAD/projects/algo-safe-contracts/clients/9d99b70d5e2d56b0b4f24b17987f0a0307ebc819440036a511de710fc8d91df5/AlgoSafe.arc56.json,2026-07-17,,2000000001,66536465
https://raw.githubusercontent.com/ludovit-scholtz/algo-safe/HEAD/projects/algo-safe-contracts/clients/d66a4b63aab9d09dab6db4b0babb2d2a0931c46a612c7e59e29591722a107d10/AlgoSafe.arc56.json,2026-07-17,,2000000001,ae7b7246
https://raw.githubusercontent.com/ludovit-scholtz/algo-safe/HEAD/projects/algo-safe-contracts/clients/e3892f8ccd5dc96059f48bf6f5cfaa59b1f224701217279e634f690248156784/AlgoSafe.arc56.json,2026-07-16,,2000000001,8748af06
https://raw.githubusercontent.com/ludovit-scholtz/algo-safe/HEAD/projects/algo-safe-contracts/clients/ebd1cf101b997b6a914caa195aa7d3eb050d557dc823edab438cc30cbf156b1e/AlgoSafe.arc56.json,2026-07-16,,2000000001,2eaf3ea5
https://raw.githubusercontent.com/ludovit-scholtz/algo-safe/HEAD/projects/algo-safe-contracts/clients/f555578cc56c739b26fa53d4a2fdef26b9a0dca278b1ed93600c9ce5aa2301c1/AlgoSafe.arc56.json,2026-07-16,,2000000001,344ae1ba
https://raw.githubusercontent.com/ludovit-scholtz/algo-safe/HEAD/projects/algo-safe-contracts/smart_contracts/artifacts/algo_safe/AlgoSafe.arc56.json,2026-07-16,,2000000001,6c5a1ef0
https://raw.githubusercontent.com/ludovit-scholtz/algo-safe/HEAD/projects/algo-safe-contracts/smart_contracts/artifacts/algo_safe_validator/AlgoSafeTxnValidator.arc56.json,2026-07-16,,2000000001,8a48eb95
https://raw.githubusercontent.com/m-faran/trust-vault/HEAD/smart_contracts/artifacts/trust_vault/TrustVault.arc56.json,2026-07-16,,0,3ccf51b1
https://raw.githubusercontent.com/m1o1/building-on-algo/HEAD/projects/simple-vesting/smart_contracts/artifacts/simple_vesting/SimpleVesting.arc56.json,2026-08-01,,1785564846,7c4c4243
https://raw.githubusercontent.com/m1o1/building-on-algo/HEAD/projects/token-vesting/smart_contracts/artifacts/token_vesting/TokenVesting.arc56.json,2026-08-01,,1785564886,1551a9f2
https://raw.githubusercontent.com/M3xplosi0n/eterleaves-backend/HEAD/smart_contracts/artifacts/eterleaves/EterLeaves.arc56.json,2026-07-16,,0,c610a05e
https://raw.githubusercontent.com/maikoll120/algokit_workshop/HEAD/python-workshop/projects/python-workshop/smart_contracts/artifacts/hello_world/HelloWorld.arc56.json,2026-07-16,,0,f5d2a864
https://raw.githubusercontent.com/manne1086/savingstracker/HEAD/prediction_market/projects/prediction_market/smart_contracts/artifacts/savings_wallet/SavingsVault.arc56.json,2026-07-16,,0,9ab2601e
https://raw.githubusercontent.com/manu-2213/Algorand/HEAD/projects/hello-algorand-contracts/smart_contracts/artifacts/hello_world/HelloWorld.arc56.json,2026-07-16,,0,1fd7b9b8
https://raw.githubusercontent.com/manuelmauro/algonaut/HEAD/algonaut_abi_model/tests/fixtures/full.arc56.json,2026-07-16,,0,5eb64ee7
https://raw.githubusercontent.com/manuelmauro/algonaut/HEAD/algonaut_abi_model/tests/fixtures/nfd.arc56.json,2026-07-17,,0,6f70faa6
https://raw.githubusercontent.com/manuelmauro/algonaut/HEAD/algonaut_abi_model/tests/fixtures/reti.arc56.json,2026-07-17,,0,1d9b19e6
https://raw.githubusercontent.com/manuelmauro/algonaut/HEAD/algonaut_abi_model/tests/fixtures/structs.arc56.json,2026-07-16,,0,36f57c68
https://raw.githubusercontent.com/manuelmauro/algonaut/HEAD/algonaut_abi_model/tests/fixtures/zero_coupon_bond.arc56.json,2026-07-16,,0,2542f7a1
https://raw.githubusercontent.com/manuelmauro/algonaut/HEAD/tests/fixtures/arc56_test.arc56.json,2026-07-16,,0,1ff6d903
https://raw.githubusercontent.com/manuelmauro/algonaut/HEAD/tests/fixtures/bytecode_bare.arc56.json,2026-07-16,,0,076df92f
https://raw.githubusercontent.com/manuelmauro/algonaut/HEAD/tests/fixtures/bytecode_deploy.arc56.json,2026-07-16,,0,5542f6b6
https://raw.githubusercontent.com/manuelmauro/algonaut/HEAD/tests/fixtures/vault.arc56.json,2026-07-16,,0,f0b47496
https://raw.githubusercontent.com/marissashey/dCharity/HEAD/projects/reactive-altruism-contracts/smart_contracts/artifacts/responsive_donation/ResponsiveDonation.arc56.json,2026-07-16,,0,1394e2ca
https://raw.githubusercontent.com/marotipatre/AuctionX/HEAD/projects/AuctionX-contracts/smart_contracts/artifacts/auction_x/AuctionX.arc56.json,2026-07-16,,0,d2d913bd
https://raw.githubusercontent.com/marotipatre/Bidding_Marketplace-on-Algorand/HEAD/projects/bidding_market/smart_contracts/artifacts/bidding_contract/BiddingMarket.arc56.json,2026-07-16,,0,79cc5bf2
https://raw.githubusercontent.com/marotipatre/Escrow-Mechanism-on-Algorand/HEAD/projects/escrow_mechanism/smart_contracts/artifacts/escrow_contract/Escrow.arc56.json,2026-07-16,,0,3db50017
https://raw.githubusercontent.com/marotipatre/Hackathon-QuickStart-template/HEAD/projects/contracts/smart_contracts/artifacts/bank/Bank.arc56.json,2026-07-16,,0,3ad81aea
https://raw.githubusercontent.com/marotipatre/Hackathon-QuickStart-template/HEAD/projects/contracts/smart_contracts/artifacts/counter/Counter.arc56.json,2026-07-16,,0,71f2c81c
https://raw.githubusercontent.com/marotipatre/Vibekit-project/HEAD/projects/vibekit_template-contracts/smart_contracts/artifacts/amm/ConstantProductAMM.arc56.json,2026-07-16,,0,743d4385
https://raw.githubusercontent.com/MBhatti26/algorand_carbon_wallet/HEAD/projects/carbon-aquarian-contracts/smart_contracts/artifacts/backend/Backend.arc56.json,2026-07-16,,0,e57055c5
https://raw.githubusercontent.com/MekalaKaveri18/Medi_Setu/HEAD/smart_contracts/artifacts/lend_borrow/MedicineLendingPlatform.arc56.json,2026-07-16,,0,41c1041a
https://raw.githubusercontent.com/MekalaKaveri18/Project-2/HEAD/Krishna/medicine/projects/medicine/smart_contracts/artifacts/lend_borrow/MedicineLendingPlatform.arc56.json,2026-07-16,,0,33e367c1
https://raw.githubusercontent.com/mericcintosun/alvion-algorand/HEAD/QuickStartTemplate/projects/QuickStartTemplate-contracts/smart_contracts/artifacts/hello_world/HelloWorld.arc56.json,2026-07-16,,0,4b0c5a62
https://raw.githubusercontent.com/mericcintosun/alvion-algorand/HEAD/QuickStartTemplate/projects/QuickStartTemplate-contracts/smart_contracts/artifacts/policy_guard/PolicyGuard.arc56.json,2026-07-16,,0,d46a8816
https://raw.githubusercontent.com/mericcintosun/alvion/HEAD/QuickStartTemplate/projects/QuickStartTemplate-contracts/smart_contracts/artifacts/hello_world/HelloWorld.arc56.json,2026-07-16,,0,eb9e2ad2
https://raw.githubusercontent.com/michaeltchuangllc/algokit-walletsdk-kmp/HEAD/wallet-sdk-core/src/commonMain/kotlin/com/michaeltchuang/walletsdk/core/railmpp/smartcontract/EscrowSessionVaultManager.arc56.json,2026-07-16,,0,0d4ce45b
https://raw.githubusercontent.com/mitchhall16/2birds-open/HEAD/contracts/artifacts/ConfidentialAsset.arc56.json,2026-07-16,,0,bb1d9d0f
https://raw.githubusercontent.com/mitchhall16/2birds-open/HEAD/contracts/artifacts/PrivacyPool.arc56.json,2026-07-16,,0,93eafbe0
https://raw.githubusercontent.com/mitchhall16/2birds-open/HEAD/contracts/artifacts/ShieldedPool.arc56.json,2026-07-16,,0,c5c5c724
https://raw.githubusercontent.com/mitchhall16/2birds-open/HEAD/contracts/artifacts/StealthRegistry.arc56.json,2026-07-16,,0,0cc51ab4
https://raw.githubusercontent.com/MitudruDutta/Marlin/HEAD/projects/marlin-contracts/smart_contracts/artifacts/price_oracle/PriceOracle.arc56.json,2026-07-16,,0,0cb23800
https://raw.githubusercontent.com/MitudruDutta/Marlin/HEAD/projects/marlin-contracts/smart_contracts/artifacts/pt_token/PTToken.arc56.json,2026-07-16,,0,2fa06b5c
https://raw.githubusercontent.com/MitudruDutta/Marlin/HEAD/projects/marlin-contracts/smart_contracts/artifacts/simple_amm/SimpleAMM.arc56.json,2026-07-16,,0,00d41d17
https://raw.githubusercontent.com/MitudruDutta/Marlin/HEAD/projects/marlin-contracts/smart_contracts/artifacts/staking_dapp/StakingDapp.arc56.json,2026-07-16,,0,255c1b87
https://raw.githubusercontent.com/MitudruDutta/Marlin/HEAD/projects/marlin-contracts/smart_contracts/artifacts/standardized_wrapper/StandardizedWrapper.arc56.json,2026-07-16,,0,287bd3e8
https://raw.githubusercontent.com/MitudruDutta/Marlin/HEAD/projects/marlin-contracts/smart_contracts/artifacts/yield_tokenization/YieldTokenization.arc56.json,2026-07-16,,0,f337d911
https://raw.githubusercontent.com/MitudruDutta/Marlin/HEAD/projects/marlin-contracts/smart_contracts/artifacts/yt_auto_converter/YTAutoConverter.arc56.json,2026-07-16,,0,6396b203
https://raw.githubusercontent.com/MitudruDutta/Marlin/HEAD/projects/marlin-contracts/smart_contracts/artifacts/yt_token/YTToken.arc56.json,2026-07-16,,0,031cf738
https://raw.githubusercontent.com/MitudruDutta/Marlin/HEAD/projects/marlin-frontend/lib/abis/PriceOracle.arc56.json,2026-07-16,,0,9fb9fed7
https://raw.githubusercontent.com/MitudruDutta/Marlin/HEAD/projects/marlin-frontend/lib/abis/PTToken.arc56.json,2026-07-16,,0,f35bcc7e
https://raw.githubusercontent.com/MitudruDutta/Marlin/HEAD/projects/marlin-frontend/lib/abis/SimpleAMM.arc56.json,2026-07-16,,0,ed980acf
https://raw.githubusercontent.com/MitudruDutta/Marlin/HEAD/projects/marlin-frontend/lib/abis/StakingDapp.arc56.json,2026-07-16,,0,8b186026
https://raw.githubusercontent.com/MitudruDutta/Marlin/HEAD/projects/marlin-frontend/lib/abis/StandardizedWrapper.arc56.json,2026-07-16,,0,cc203fc1
https://raw.githubusercontent.com/MitudruDutta/Marlin/HEAD/projects/marlin-frontend/lib/abis/YieldTokenization.arc56.json,2026-07-16,,0,5d4d595c
https://raw.githubusercontent.com/MitudruDutta/Marlin/HEAD/projects/marlin-frontend/lib/abis/YTAutoConverter.arc56.json,2026-07-16,,0,2b516018
https://raw.githubusercontent.com/MitudruDutta/Marlin/HEAD/projects/marlin-frontend/lib/abis/YTToken.arc56.json,2026-07-16,,0,c7b5a809
https://raw.githubusercontent.com/Moch-Iqbaal/E-voting_DApp/HEAD/smart_contracts/artifacts/evoting/EVoting.arc56.json,2026-07-16,,0,a90800dd
https://raw.githubusercontent.com/mohamedevweb/hackathon-trustai/HEAD/smart-contract/out/projects/smart-contract/smart_contracts/hello_world/HelloWorld.arc56.json,2026-07-16,,0,70cfb3cb
https://raw.githubusercontent.com/mohamedevweb/hackathon-trustai/HEAD/smart-contract/out/projects/smart-contract/smart_contracts/trustai/TrustAI.arc56.json,2026-07-16,,0,caea6799
https://raw.githubusercontent.com/mohamedevweb/hackathon-trustai/HEAD/smart-contract/projects/smart-contract/smart_contracts/artifacts/hello_world/HelloWorld.arc56.json,2026-07-16,,0,89a4e9ec
https://raw.githubusercontent.com/mohamedevweb/hackathon-trustai/HEAD/smart-contract/projects/smart-contract/smart_contracts/artifacts/trustai/TrustAI.arc56.json,2026-07-16,,0,d751c144
https://raw.githubusercontent.com/mohit-1710/AlgoArena/HEAD/contracts/smart_contracts/artifacts/polymarket_contract/PredictionMarketContract.arc56.json,2026-07-16,,0,0d5736c1
https://raw.githubusercontent.com/mohit-1710/AlgoArena/HEAD/frontend/src/contracts/PredictionMarketContract.arc56.json,2026-07-16,,0,7dc203a7
https://raw.githubusercontent.com/mohit-1710/algorand_smart_contract/HEAD/smart_contracts/artifacts/polymarket_contract/PredictionMarketContract.arc56.json,2026-07-16,,0,5c16b5a2
https://raw.githubusercontent.com/mohit230723/EggsFor02/HEAD/smart_contracts/artifacts/AgentRegistry.arc56.json,2026-07-16,,0,3394d73b
https://raw.githubusercontent.com/mohit230723/EggsFor02/HEAD/smart_contracts/artifacts/SkillMarketplace.arc56.json,2026-07-16,,0,a5ea5f33
https://raw.githubusercontent.com/mohith257/Ozark-sentinental/HEAD/projects/aml-registry-contracts/smart_contracts/artifacts/aml_registry/AmlRegistry.arc56.json,2026-07-16,,0,67840691
https://raw.githubusercontent.com/monojitgoswami69/FundMySkill/HEAD/contracts/out/EducateChainVault.arc56.json,2026-07-16,,0,d973b16d
https://raw.githubusercontent.com/mrcointreau/algokit-utils-luca-py/HEAD/tests/artifacts/amm_arc56_example/amm.arc56.json,2026-07-16,,0,a6050fdc
https://raw.githubusercontent.com/mrcointreau/algokit-utils-luca-py/HEAD/tests/artifacts/bare_create_abi_delete/app_spec.arc56.json,2026-07-16,,0,1391b445
https://raw.githubusercontent.com/mrcointreau/algokit-utils-luca-py/HEAD/tests/artifacts/extra_pages_test/large.arc56.json,2026-07-16,,0,3596cc8f
https://raw.githubusercontent.com/mrcointreau/algokit-utils-luca-py/HEAD/tests/artifacts/extra_pages_test/small.arc56.json,2026-07-16,,0,9ccd4d1c
https://raw.githubusercontent.com/mrcointreau/algokit-utils-luca-py/HEAD/tests/artifacts/nested_struct/nested_struct.arc56.json,2026-07-16,,0,9a6989f0
https://raw.githubusercontent.com/mrcointreau/algokit-utils-luca-py/HEAD/tests/artifacts/state_contract/State.arc56.json,2026-07-16,,0,aa78165e
https://raw.githubusercontent.com/mrcointreau/algokit-utils-luca-py/HEAD/tests/artifacts/testing_app_arc56/app_spec.arc56.json,2026-07-16,,0,ade5de49
https://raw.githubusercontent.com/mtank0205/Money-Muling-Detection/HEAD/projects/aml-registry-contracts/smart_contracts/artifacts/aml_registry/AmlRegistry.arc56.json,2026-07-16,,0,6cd150d1
https://raw.githubusercontent.com/munavathvijay00-spec/TokenizeRWATemplate-main/HEAD/projects/TokenizeRWATemplate-contracts/smart_contracts/artifacts/hello_world/HelloWorld.arc56.json,2026-07-16,,0,8193a295
https://raw.githubusercontent.com/murat48/AlgoRiver/HEAD/algoas-contracts/smart_contracts/artifacts/hello_world/HelloWorld.arc56.json,2026-07-16,,0,1b92e8d5
https://raw.githubusercontent.com/murat48/AlgoRiver/HEAD/algoas-contracts/smart_contracts/artifacts/predictive_liquidity_mining/PredictiveLiquidityMining.arc56.json,2026-07-16,,0,2bb4e290
https://raw.githubusercontent.com/murat48/AlgoRiver/HEAD/algoas-contracts/smart_contracts/artifacts/predictive_liquidity_mining/PredictiveLiquidityMiningV2.arc56.json,2026-07-16,,0,2a33ed1b
https://raw.githubusercontent.com/murat48/AlgoRiver/HEAD/algoas-contracts/smart_contracts/artifacts/predictive_liquidity_mining/PredictiveLiquidityMiningV3.arc56.json,2026-07-16,,0,471a6a58
https://raw.githubusercontent.com/murat48/AlgoRiver/HEAD/algoas-contracts/smart_contracts/artifacts/predictive_liquidity_mining/PredictiveLiquidityMiningV4Dynamic.arc56.json,2026-07-16,,0,40e60cc5
https://raw.githubusercontent.com/murat48/AlgoRiver/HEAD/algoas-contracts/smart_contracts/artifacts/predictive_liquidity_mining/RealPredictiveLiquidityMining.arc56.json,2026-07-16,,0,5cc56b83
https://raw.githubusercontent.com/murat48/AlgoRiver/HEAD/algoas-contracts/smart_contracts/artifacts/trailing_stop_loss/TrailingStopLoss.arc56.json,2026-07-16,,0,f9db7b19
https://raw.githubusercontent.com/murat48/PayLinkAlgo/HEAD/projects/Algofirstproject-contracts/smart_contracts/artifacts/counter/Counter.arc56.json,2026-07-16,,0,a54e2e66
https://raw.githubusercontent.com/murat48/PayLinkAlgo/HEAD/projects/Algofirstproject-contracts/smart_contracts/artifacts/hello_world/HelloWorld.arc56.json,2026-07-16,,0,6bb63ab9
https://raw.githubusercontent.com/murat48/PayLinkAlgo/HEAD/projects/Algofirstproject-contracts/smart_contracts/artifacts/instant_checkout/InstantCheckout.arc56.json,2026-07-16,,0,ab849a0c
https://raw.githubusercontent.com/MusabYK/OwnershipTransfer/HEAD/projects/OwnershipTransfer/contracts/artifacts/OwnershipTransfer.arc56.json,2026-07-16,,0,6322dfb3
https://raw.githubusercontent.com/mzf11125/algorand-workshop-jkt/HEAD/session1/projects/session1-contracts/smart_contracts/artifacts/session/SimpleNFT.arc56.json,2026-07-16,,0,5a368d22
https://raw.githubusercontent.com/mzf11125/algorand-workshop/HEAD/testing/numero1/projects/numero1/smart_contracts/artifacts/hello_world/HelloWorld.arc56.json,2026-07-16,,0,79929168
https://raw.githubusercontent.com/mzf11125/NFT_marketplace_on_algorand/HEAD/projects/session1-contracts/smart_contracts/artifacts/session/SimpleNFT.arc56.json,2026-07-16,,0,fd38a302
https://raw.githubusercontent.com/mzf11125/stake_sharia_on_algorand/HEAD/projects/tawf_sharia-contracts/smart_contracts/artifacts/tawf_sharia/tawf_sharia.arc56.json,2026-07-16,,0,3da97503
https://raw.githubusercontent.com/n-a-n-d-a-n/crypto-talks/HEAD/Hackspiration-main/scholar-frontend/src/contracts/ScholarStream.arc56.json,2026-07-16,,0,f618c1eb
https://raw.githubusercontent.com/NagasivaKumari/Algokit-Installation/HEAD/smart_contracts/artifacts/calculator/Calculator.arc56.json,2026-07-28,,1785218370,cf9a3b6a
https://raw.githubusercontent.com/NagasivaKumari/PolicyTrace/HEAD/projects/blockd-contracts/smart_contracts/artifacts/blockd_audit/BlockdAudit.arc56.json,2026-07-16,,0,ccac5944
https://raw.githubusercontent.com/NagasivaKumari/PolicyTrace/HEAD/projects/blockd-contracts/smart_contracts/artifacts/blockd_certificate/BlockdCertificate.arc56.json,2026-07-16,,0,95632736
https://raw.githubusercontent.com/NautilusOSS/AlgoVoi/HEAD/contracts/SpendingCapVault.arc56.json,2026-07-16,,0,0325c2ba
https://raw.githubusercontent.com/naveen-2111-dev/algod/HEAD/projects/calculator/smart_contracts/artifacts/hello_world/HelloWorld.arc56.json,2026-07-16,,0,e3769621
https://raw.githubusercontent.com/naveen-2111-dev/PeerZero-Contract-AlgoHack/HEAD/projects/PeerZero/smart_contracts/artifacts/peer_zero/MechanicRegistry.arc56.json,2026-07-16,,0,bf706c12
https://raw.githubusercontent.com/naveen-2111-dev/PeerZero-Contract-AlgoHack/HEAD/projects/PeerZero/smart_contracts/artifacts/peer_zero/PeerZero.arc56.json,2026-07-16,,0,55c604a9
https://raw.githubusercontent.com/naveen-2111-dev/PeerZero-Contract-AlgoHack/HEAD/projects/PeerZero/smart_contracts/artifacts/peer_zero/TipContract.arc56.json,2026-07-16,,0,075b0619
https://raw.githubusercontent.com/nickthelegend/algorand-rock-paper-scissors-smart-contracts/HEAD/rock-paper-scissors/projects/rock-paper-scissors/contracts/artifacts/Fight.arc56.json,2026-07-16,,0,361bb204
https://raw.githubusercontent.com/nickthelegend/algorand-rock-paper-scissors-smart-contracts/HEAD/rock-paper-scissors/projects/rock-paper-scissors/contracts/artifacts/HelloWorld.arc56.json,2026-07-16,,0,ddd6e317
https://raw.githubusercontent.com/nickthelegend/irion-contracts/HEAD/projects/irion-contracts/smart_contracts/artifacts/bnpl_credit/BNPLCredit.arc56.json,2026-07-16,,0,cc37b6a9
https://raw.githubusercontent.com/nickthelegend/irion-contracts/HEAD/projects/irion-contracts/smart_contracts/artifacts/credit_score/CreditScore.arc56.json,2026-07-16,,0,829f8322
https://raw.githubusercontent.com/nickthelegend/irion-contracts/HEAD/projects/irion-contracts/smart_contracts/artifacts/hello_world/HelloWorld.arc56.json,2026-07-16,,0,5eab1128
https://raw.githubusercontent.com/nickthelegend/irion-contracts/HEAD/projects/irion-contracts/smart_contracts/artifacts/lending_pool/LendingPool.arc56.json,2026-07-16,,0,62d54b98
https://raw.githubusercontent.com/nickthelegend/irion-contracts/HEAD/projects/irion-contracts/smart_contracts/artifacts/merchant_escrow/MerchantEscrow.arc56.json,2026-07-16,,0,6cb33bfe
https://raw.githubusercontent.com/nickthelegend/irion-network/HEAD/contracts/src/out/MainSmartContract.arc56.json,2026-07-16,,0,7c408b51
https://raw.githubusercontent.com/nickthelegend/meridian-bnpl/HEAD/contracts/src/out/MainSmartContract.arc56.json,2026-07-16,,0,e705d2f7
https://raw.githubusercontent.com/nickthelegend/polaris-initia/HEAD/contracts/src/out/MainSmartContract.arc56.json,2026-07-16,,0,313d0ec7
https://raw.githubusercontent.com/nickthelegend/Polaris-Pay/HEAD/contracts/src/out/MainSmartContract.arc56.json,2026-07-16,,0,fdd5b6f9
https://raw.githubusercontent.com/nickthelegend/puya-algo-ts-smartcontracts/HEAD/out/smart_contracts/AgentsContract.arc56.json,2026-07-16,,0,d8e5ebed
https://raw.githubusercontent.com/nickthelegend/puya-algo-ts-smartcontracts/HEAD/out/smart_contracts/LoggingContract.arc56.json,2026-07-16,,0,80972add
https://raw.githubusercontent.com/nickthelegend/puya-algo-ts-smartcontracts/HEAD/out/smart_contracts/MainSmartContract.arc56.json,2026-07-16,,0,5d7dc1d8
https://raw.githubusercontent.com/nickthelegend/puya-algo-ts-smartcontracts/HEAD/out/smart_contracts/SingleAgentContract.arc56.json,2026-07-16,,0,262dc54b
https://raw.githubusercontent.com/nickthelegend/puya-algo-ts-smartcontracts/HEAD/out/smart_contracts/UserAccountContract.arc56.json,2026-07-16,,0,8a3c83e9
https://raw.githubusercontent.com/nickthelegend/puya-algo-ts-smartcontracts/HEAD/smart_contracts/out/SingleAgentContract.arc56.json,2026-07-16,,0,4aa690d6
https://raw.githubusercontent.com/nickthelegend/sakhi-lend-contracts/HEAD/smart_contracts/artifacts/hello_world/HelloWorld.arc56.json,2026-07-16,,0,559cabd2
https://raw.githubusercontent.com/nickthelegend/sakhi-lend-contracts/HEAD/smart_contracts/artifacts/loan_pool/LoanPool.arc56.json,2026-07-16,,0,f5d630b8
https://raw.githubusercontent.com/nickthelegend/sakhi-lend-contracts/HEAD/smart_contracts/artifacts/trust_oracle/TrustOracle.arc56.json,2026-07-16,,0,f5bfdf71
https://raw.githubusercontent.com/nickthelegend/sakhi-lend-contracts/HEAD/smart_contracts/artifacts/yield_vault/YieldVault.arc56.json,2026-07-16,,0,f11f672a
https://raw.githubusercontent.com/nickthelegend/sakhi-lend-contracts/HEAD/smart_contracts/smart_contracts/artifacts/hello_world/HelloWorld.arc56.json,2026-07-16,,0,97c58beb
https://raw.githubusercontent.com/nickthelegend/sakhi-lend-contracts/HEAD/smart_contracts/smart_contracts/artifacts/loan_pool/LoanPool.arc56.json,2026-07-16,,0,ff5e9512
https://raw.githubusercontent.com/nickthelegend/sakhi-lend-contracts/HEAD/smart_contracts/smart_contracts/artifacts/trust_oracle/TrustOracle.arc56.json,2026-07-16,,0,f8c36f1a
https://raw.githubusercontent.com/nickthelegend/sakhi-lend-contracts/HEAD/smart_contracts/smart_contracts/artifacts/yield_vault/YieldVault.arc56.json,2026-07-16,,0,a02a762a
https://raw.githubusercontent.com/nickthelegend/zk-digi/HEAD/zk-digi/src/contracts/Vault.arc56.json,2026-07-16,,0,6da31009
https://raw.githubusercontent.com/nickthelegend/zk-digi/HEAD/zk-digi/src/contracts/ZkVerifier.arc56.json,2026-07-16,,0,d9294c0c
https://raw.githubusercontent.com/nikhil-r0/checklist/HEAD/projects/checklist/smart_contracts/artifacts/checklist/Checklist.arc56.json,2026-07-16,,0,2783ced4
https://raw.githubusercontent.com/NotIncorecc/AlgoBharat/HEAD/consent-ledger/smart_contracts/artifacts/consent_ledger/ConsentLedger.arc56.json,2026-07-16,,0,14bd519c
https://raw.githubusercontent.com/NotIncorecc/AlgoBharat/HEAD/consent-ledger/smart_contracts/artifacts/hello_world/HelloWorld.arc56.json,2026-07-16,,0,4b648490
https://raw.githubusercontent.com/NotIncorecc/AlgoBharat/HEAD/consent-ledger/smart_contracts/artifacts/org_registry/OrgRegistryContract.arc56.json,2026-07-16,,0,b9e87c2d
https://raw.githubusercontent.com/NotIncorecc/AlgoBharat/HEAD/consent-ledger/smart_contracts/artifacts/plonk_verifier/PlonkZKVerifierContract.arc56.json,2026-07-16,,0,1142cb62
https://raw.githubusercontent.com/NotIncorecc/AlgoBharat/HEAD/consent-ledger/smart_contracts/artifacts/zk_verifier/ZKVerifierContract.arc56.json,2026-07-16,,0,cf4b9890
https://raw.githubusercontent.com/NotIncorecc/AlgoBharat/HEAD/consent-ledger/smart_contracts/consent_ledger/smart_contracts/artifacts/consent_ledger/ConsentLedger.arc56.json,2026-07-16,,0,5d76e5bc
https://raw.githubusercontent.com/NotIncorecc/ConsentLedger/HEAD/consent-ledger/smart_contracts/artifacts/consent_ledger/ConsentLedger.arc56.json,2026-07-16,,0,d0bcb7dc
https://raw.githubusercontent.com/NotIncorecc/ConsentLedger/HEAD/consent-ledger/smart_contracts/artifacts/hello_world/HelloWorld.arc56.json,2026-07-16,,0,89433abb
https://raw.githubusercontent.com/NotIncorecc/ConsentLedger/HEAD/consent-ledger/smart_contracts/artifacts/org_registry/OrgRegistryContract.arc56.json,2026-07-16,,0,ca97ff7b
https://raw.githubusercontent.com/NotIncorecc/ConsentLedger/HEAD/consent-ledger/smart_contracts/artifacts/zk_verifier/ZKVerifierContract.arc56.json,2026-07-16,,0,0081420c
https://raw.githubusercontent.com/NotIncorecc/ConsentLedger/HEAD/consent-ledger/smart_contracts/consent_ledger/smart_contracts/artifacts/consent_ledger/ConsentLedger.arc56.json,2026-07-16,,0,30fa9655
https://raw.githubusercontent.com/nvds888/RareFiAlphaContracts/HEAD/contracts/artifacts/MockTinymanPool.arc56.json,2026-07-16,,0,8671b734
https://raw.githubusercontent.com/nvds888/RareFiAlphaContracts/HEAD/contracts/artifacts/RareFiAlphaCompoundingVault.arc56.json,2026-07-16,,0,a882c610
https://raw.githubusercontent.com/nvds888/RareFiAlphaContracts/HEAD/contracts/artifacts/RareFiVault.arc56.json,2026-07-16,,0,c25f8644
https://raw.githubusercontent.com/ogsamrat/a2a-ecommerce/HEAD/contracts/artifacts/agent_registry/AgentRegistry.arc56.json,2026-07-16,,0,56247b56
https://raw.githubusercontent.com/ogsamrat/a2a-ecommerce/HEAD/contracts/artifacts/agent_reputation/AgentReputation.arc56.json,2026-07-16,,0,06576aa6
https://raw.githubusercontent.com/ogsamrat/a2a-ecommerce/HEAD/contracts/artifacts/zk_commitment/ZKCommitment.arc56.json,2026-07-16,,0,1fe29404
https://raw.githubusercontent.com/Omairdev/aiagentmarketplace/HEAD/projects/aiagentmarketplace-contracts/src/contracts/artifacts/AiApiMarketplace.arc56.json,2026-07-16,,0,db7e6ebe
https://raw.githubusercontent.com/Omairdev/aiagentmarketplace/HEAD/projects/aiagentmarketplace-frontend/public/contracts/ai-api-marketplace.arc56.json,2026-07-16,,0,5f0e0364
https://raw.githubusercontent.com/Open-Science-Blockchain-Economics/bx-hive/HEAD/projects/bx-hive-contracts/smart_contracts/artifacts/registry/BxHiveRegistry.arc56.json,2026-07-16,,0,f2f3efda
https://raw.githubusercontent.com/Open-Science-Blockchain-Economics/bx-hive/HEAD/projects/bx-hive-contracts/smart_contracts/artifacts/trust_experiments/TrustExperiments.arc56.json,2026-07-16,,0,05de51dc
https://raw.githubusercontent.com/Open-Science-Blockchain-Economics/bx-hive/HEAD/projects/bx-hive-contracts/smart_contracts/artifacts/trust_variation/TrustVariation.arc56.json,2026-07-16,,0,bd302f53
https://raw.githubusercontent.com/orinx-org/orinx-contracts-algorand/HEAD/projects/contracts-algorand/smart_contracts/artifacts/orinx_announcer/OrinxAnnouncer.arc56.json,2026-07-16,,0,ca02e89d
https://raw.githubusercontent.com/orinx-org/orinx-contracts-algorand/HEAD/projects/contracts-algorand/smart_contracts/artifacts/orinx_registry/OrinxRegistry.arc56.json,2026-07-16,,0,78de42d1
https://raw.githubusercontent.com/osmndotdev/AlgorandPollsDapp/HEAD/projects/polls-dapp-contracts/smart_contracts/artifacts/poll_manager/PollManager.arc56.json,2026-07-16,,0,a58643e6
https://raw.githubusercontent.com/p2arthur/governance_test/HEAD/projects/compx-governance/contracts/artifacts/CompxGovernance.arc56.json,2026-07-16,,0,83d92bf5
https://raw.githubusercontent.com/p2arthur/kingdom-dapp-contracts/HEAD/projects/kingdom_dapp_contracts/smart_contracts/artifacts/kingdom/Kingdom.arc56.json,2026-07-16,,0,5d7e696b
https://raw.githubusercontent.com/p2arthur/kingdom-dapp-contracts/HEAD/projects/kingdom_dapp_contracts/smart_contracts/artifacts/microdapps/citizens_dao/CitizensDao.arc56.json,2026-07-16,,0,4f5e84c7
https://raw.githubusercontent.com/p2arthur/kingdom-dapp-contracts/HEAD/projects/kingdom_dapp_contracts/smart_contracts/artifacts/microdapps/kingdom_treasury/KingdomTreasury.arc56.json,2026-07-16,,0,fbf44391
https://raw.githubusercontent.com/p2arthur/kingdom-dapp-contracts/HEAD/projects/kingdom_dapp_contracts/smart_contracts/artifacts/realm/Realm.arc56.json,2026-07-16,,0,db775b89
https://raw.githubusercontent.com/p2arthur/kingdom-dapp-contracts/HEAD/projects/kingdom_dapp_contracts/smart_contracts/artifacts/realm_treasury/RealmTreasury.arc56.json,2026-07-16,,0,e7e46a34
https://raw.githubusercontent.com/p2arthur/weDev/HEAD/we_dao/smart-contracts/we_dao/smart_contracts/artifacts/we_dao/yes_no_dao/YesNoDao.arc56.json,2026-07-16,,0,668dd90b
https://raw.githubusercontent.com/p2arthur/weDev/HEAD/we_dao/smart-contracts/we_dao/smart_contracts/artifacts/we_dao/yes_no_rewards_dao/WeDao.arc56.json,2026-07-16,,0,003027bc
https://raw.githubusercontent.com/p2arthur/weDev/HEAD/we_dao/smart-contracts/we_dao/smart_contracts/artifacts/we_dao/yes_no_rewards_dao/YesNoReward.arc56.json,2026-07-16,,0,8f783c51
https://raw.githubusercontent.com/p2arthur/weDev/HEAD/we_repo/projects/we_repo/smart_contracts/artifacts/we_repo/WeRepo.arc56.json,2026-07-16,,0,2804b5af
https://raw.githubusercontent.com/p2arthur/wesource-test-bounties/HEAD/contracts/smart_contracts/artifacts/source_factory/SourceFactory.arc56.json,2026-07-16,,0,843cef72
https://raw.githubusercontent.com/palakaggarwal27/algorandSmartContract/HEAD/smart_contracts/artifacts/hello_world/GroceryList.arc56.json,2026-07-16,,0,522ad1a4
https://raw.githubusercontent.com/palakaggarwal27/algorandSmartContract/HEAD/smart_contracts/artifacts/hello_world/HelloWorld.arc56.json,2026-07-16,,0,99060735
https://raw.githubusercontent.com/panacea-icono/PANAS-TOKEN/HEAD/projects/panas_token-contracts/smart_contracts/artifacts/hello_world/HelloWorld.arc56.json,2026-07-16,,0,141f8c51
https://raw.githubusercontent.com/Parthiv307/aura-escrow-protocal/HEAD/algokit_project/smart_contracts/artifacts/hello_world/HelloWorld.arc56.json,2026-07-16,,0,e0204eeb
https://raw.githubusercontent.com/Parthkk90/Algorand-cresca/HEAD/algorand-contracts/artifacts/CrescaCalendarPayments.arc56.json,2026-07-16,,0,0ce9dad7
https://raw.githubusercontent.com/Parthkk90/Algorand-cresca/HEAD/algorand-contracts/artifacts/CrescaDartSwap.arc56.json,2026-07-16,,0,f036b728
https://raw.githubusercontent.com/Parthkk90/Algorand-cresca/HEAD/algorand-contracts/artifacts/CrescaPayments.arc56.json,2026-07-16,,0,e7019d81
https://raw.githubusercontent.com/Parthkk90/Algorand-cresca/HEAD/algorand-contracts/CrescaBucketProtocol.arc56.json,2026-07-16,,0,0a6dae35
https://raw.githubusercontent.com/Parthkk90/Algorand-cresca/HEAD/contracts/algorand/artifacts/CrescaCalendarPayments.arc56.json,2026-07-16,,0,4bb43709
https://raw.githubusercontent.com/Parthkk90/Algorand-cresca/HEAD/contracts/algorand/artifacts/CrescaDartSwap.arc56.json,2026-07-16,,0,165bd637
https://raw.githubusercontent.com/Parthkk90/Algorand-cresca/HEAD/contracts/algorand/artifacts/CrescaPayments.arc56.json,2026-07-16,,0,53da71d5
https://raw.githubusercontent.com/Parthkk90/Algorand-cresca/HEAD/contracts/algorand/CrescaBucketProtocol.arc56.json,2026-07-16,,0,d0cfd82b
https://raw.githubusercontent.com/Paul-Jonathan2005/BountyBoard/HEAD/Bounty_smart_contract/projects/Bounty_smart_contract/smart_contracts/artifacts/bounty_contract_app/TaskBountyContract.arc56.json,2026-07-16,,0,aca3b7cf
https://raw.githubusercontent.com/pauldebanshu19/Algobady/HEAD/projects/algobady/smart_contracts/artifacts/hello_world/HelloWorld.arc56.json,2026-07-16,,0,0c9894d2
https://raw.githubusercontent.com/Pavan-Hosatti/VeriChain/HEAD/contracts/artifacts/PlacementVerify.arc56.json,2026-07-16,,0,9acd1ce1
https://raw.githubusercontent.com/pomgcardoso/Algorand_Projects/HEAD/projects/algorand-python-workshop/smart_contracts/artifacts/personal_bank/PersonalBank.arc56.json,2026-07-16,,0,e629f4cf
https://raw.githubusercontent.com/Potti1234/PottiSwap/HEAD/algorandContracts/projects/algorandContracts/smart_contracts/artifacts/htlc/Auction.arc56.json,2026-07-16,,0,b45a3265
https://raw.githubusercontent.com/Potti1234/PottiSwap/HEAD/algorandContracts/projects/algorandContracts/smart_contracts/artifacts/htlc/Escrow.arc56.json,2026-07-16,,0,a34e1865
https://raw.githubusercontent.com/Potti1234/PottiSwap/HEAD/algorandContracts/projects/algorandContracts/smart_contracts/artifacts/htlc/Resolver.arc56.json,2026-07-16,,0,e87aaede
https://raw.githubusercontent.com/Potti1234/PottiSwap/HEAD/algorandContracts/projects/algorandContracts/smart_contracts/artifacts/htlc/Whitelist.arc56.json,2026-07-16,,0,c4015260
https://raw.githubusercontent.com/praharika26/promptly-contracts/HEAD/projects/promptly-contracts/out/smart_contracts/agent_registry/AgentExecutor.arc56.json,2026-07-16,,0,dd027db2
https://raw.githubusercontent.com/praharika26/promptly-contracts/HEAD/projects/promptly-contracts/out/smart_contracts/agent_registry/AgentRegistry.arc56.json,2026-07-16,,0,537930cf
https://raw.githubusercontent.com/praharika26/promptly-contracts/HEAD/projects/promptly-contracts/out/smart_contracts/agent_registry/AgentReputation.arc56.json,2026-07-16,,0,2fc08cca
https://raw.githubusercontent.com/praharika26/promptly-contracts/HEAD/projects/promptly-contracts/out/smart_contracts/hello_world/HelloWorld.arc56.json,2026-07-16,,0,ce26e5d3
https://raw.githubusercontent.com/praharika26/promptly-contracts/HEAD/projects/promptly-contracts/smart_contracts/artifacts/agent_registry/AgentExecutor.arc56.json,2026-07-16,,0,114bcbcd
https://raw.githubusercontent.com/praharika26/promptly-contracts/HEAD/projects/promptly-contracts/smart_contracts/artifacts/agent_registry/AgentRegistry.arc56.json,2026-07-16,,0,fd6eacca
https://raw.githubusercontent.com/praharika26/promptly-contracts/HEAD/projects/promptly-contracts/smart_contracts/artifacts/agent_registry/AgentReputation.arc56.json,2026-07-16,,0,12c0082a
https://raw.githubusercontent.com/praharika26/promptly-contracts/HEAD/projects/promptly-contracts/smart_contracts/artifacts/hello_world/HelloWorld.arc56.json,2026-07-16,,0,f36f0030
https://raw.githubusercontent.com/Prajjwaldevops/ALgoRand-Frontend/HEAD/public/BountyEscrow.arc56.json,2026-07-16,,0,e42785bd
https://raw.githubusercontent.com/PrajwalGraj/BountyHub/HEAD/projects/contracts/smart_contracts/artifacts/bank/Bank.arc56.json,2026-07-16,,0,1e335dc2
https://raw.githubusercontent.com/PrajwalGraj/BountyHub/HEAD/projects/contracts/smart_contracts/artifacts/bounty/Bounty.arc56.json,2026-07-16,,0,73a77b0f
https://raw.githubusercontent.com/PrajwalGraj/BountyHub/HEAD/projects/contracts/smart_contracts/artifacts/counter/Counter.arc56.json,2026-07-16,,0,fd24474f
https://raw.githubusercontent.com/pranay-spec/CertiTrust-AI-Algorand/HEAD/projects/contracts/smart_contracts/artifacts/bank/Bank.arc56.json,2026-07-16,,0,4e714736
https://raw.githubusercontent.com/pranay-spec/CertiTrust-AI-Algorand/HEAD/projects/contracts/smart_contracts/artifacts/counter/Counter.arc56.json,2026-07-16,,0,e98800dc
https://raw.githubusercontent.com/pranayvaddanam/algoflow/HEAD/frontend/src/lib/PayrollStream.arc56.json,2026-07-16,,0,3e195b38
https://raw.githubusercontent.com/pranayvaddanam/algoflow/HEAD/smart_contracts/payroll_stream/PayrollStream.arc56.json,2026-07-16,,0,f5f7418d
https://raw.githubusercontent.com/prasanna-kuracha/FractalVault/HEAD/projects/reallestate-contracts/smart_contracts/artifacts/realestate/PropertyRegistry.arc56.json,2026-07-16,,0,e04c0649
https://raw.githubusercontent.com/prasanna9701/EcoTrack/HEAD/contracts/smart_contracts/out/carbon_credit/CarbonCreditToken.arc56.json,2026-07-16,,0,d3280b6d
https://raw.githubusercontent.com/prasanna9701/EcoTrack/HEAD/contracts/smart_contracts/out/emission_attestation/EmissionAttestation.arc56.json,2026-07-16,,0,71a93ccf
https://raw.githubusercontent.com/prasanna9701/EcoTrack/HEAD/contracts/smart_contracts/out/offset_marketplace/OffsetMarketplace.arc56.json,2026-07-16,,0,ea2affed
https://raw.githubusercontent.com/prasanna9701/EcoTrack/HEAD/contracts/smart_contracts/out/sustainability_nft/SustainabilityReportNFT.arc56.json,2026-07-16,,0,d3f1be71
https://raw.githubusercontent.com/prasun151/Certichain/HEAD/contracts/contracts/projects/contracts/smart_contracts/artifacts/credential_verifier/CredentialVerifier.arc56.json,2026-07-16,,0,98517b28
https://raw.githubusercontent.com/Prathamesh-chougale-17/algo-dapp/HEAD/projects/app-contracts/smart_contracts/algorealm/AlgoRealmGameManager.arc56.json,2026-07-16,,0,72381719
https://raw.githubusercontent.com/Prathamesh-chougale-17/algo-dapp/HEAD/projects/app-contracts/smart_contracts/artifacts/algorealm/AlgoRealmGameManager.arc56.json,2026-07-16,,0,121d6ec3
https://raw.githubusercontent.com/Prathamesh-chougale-17/algo-dapp/HEAD/projects/app-contracts/smart_contracts/artifacts/hello_world/HelloWorld.arc56.json,2026-07-16,,0,0a17c432
https://raw.githubusercontent.com/Prathamesh-chougale-17/strategy-builder/HEAD/projects/typescript-hello-world-contracts/smart_contracts/artifacts/hello_world/HelloWorld.arc56.json,2026-07-16,,0,a9af6b0f
https://raw.githubusercontent.com/prathamesh-mutkure/agent-pass-algorand/HEAD/projects/algorand-agent-pass-contracts/smart_contracts/artifacts/agent_pass/AgentPass.arc56.json,2026-07-16,,0,f3e11c19
https://raw.githubusercontent.com/Preethesh16/Accord/HEAD/contract/smart_contracts/deal_escrow/artifacts/DealEscrow.arc56.json,2026-07-16,,0,340a8b00
https://raw.githubusercontent.com/Preethesh16/Accord/HEAD/contract/smart_contracts/deal_escrow/DealEscrow.arc56.json,2026-07-16,,0,9ffba5a9
https://raw.githubusercontent.com/Preethesh16/BlockchainFraudDetection/HEAD/contract/smart_contracts/deal_escrow/artifacts/DealEscrow.arc56.json,2026-07-16,,0,7b236120
https://raw.githubusercontent.com/Preethesh16/BlockchainFraudDetection/HEAD/contract/smart_contracts/deal_escrow/DealEscrow.arc56.json,2026-07-16,,0,f48f45fb
https://raw.githubusercontent.com/Preethesh16/Trigger/HEAD/accord/contract/smart_contracts/deal_escrow/artifacts/DealEscrow.arc56.json,2026-07-16,,0,0b101fba
https://raw.githubusercontent.com/Preethesh16/Trigger/HEAD/accord/contract/smart_contracts/deal_escrow/DealEscrow.arc56.json,2026-07-16,,0,b527b78b
https://raw.githubusercontent.com/Premkumar1845/CipherTrust/HEAD/contracts/arc56/CipherTrustComplianceCert.arc56.json,2026-07-16,,0,992c5630
https://raw.githubusercontent.com/Premkumar1845/CipherTrust/HEAD/contracts/arc56/CipherTrustConsentRegistry.arc56.json,2026-07-16,,0,36c01792
https://raw.githubusercontent.com/Premkumar1845/CipherTrust/HEAD/contracts/arc56/CipherTrustIdentity.arc56.json,2026-07-16,,0,fa609a43
https://raw.githubusercontent.com/Premkumar1845/CipherTrust/HEAD/contracts/arc56/CipherTrustProofVerifier.arc56.json,2026-07-16,,0,6f793f5a
https://raw.githubusercontent.com/Premkumar1845/ProBex/HEAD/ProBex/projects/ProBex-contracts/smart_contracts/artifacts/probex_contract/ProbexContract.arc56.json,2026-07-16,,0,636a865c
https://raw.githubusercontent.com/prithvirajjadhav2266/lumaaaa/HEAD/projects/contracts/smart_contracts/artifacts/event_ticketing/EventTicketing.arc56.json,2026-07-16,,0,948fa82c
https://raw.githubusercontent.com/prithvirajjadhav2266/prithvi_AlgoTop/HEAD/projects/contracts/smart_contracts/artifacts/algosphere/TicketingPlatform.arc56.json,2026-07-16,,0,46202f52
https://raw.githubusercontent.com/PriyanshuXPRT/BLISS/HEAD/smart_contracts/artifacts/AgentEscrowVault/AgentEscrowVault.arc56.json,2026-07-16,,0,b250dfbf
https://raw.githubusercontent.com/PriyanshuXPRT/BLISS/HEAD/smart_contracts/artifacts/AgentEscrowVaultV2/AgentEscrowVaultV2.arc56.json,2026-07-16,,0,1a1677c1
https://raw.githubusercontent.com/PriyanshuXPRT/BLISS/HEAD/smart_contracts/artifacts/ASAEscrow/ASAEscrow.arc56.json,2026-07-16,,0,57588a3e
https://raw.githubusercontent.com/PriyanshuXPRT/BLISS/HEAD/smart_contracts/artifacts/CancellationInsurance/CancellationInsurance.arc56.json,2026-07-16,,0,c8e0aa3f
https://raw.githubusercontent.com/PriyanshuXPRT/BLISS/HEAD/smart_contracts/artifacts/DisputeEscrow/DisputeEscrow.arc56.json,2026-07-16,,0,a73924fa
https://raw.githubusercontent.com/PriyanshuXPRT/BLISS/HEAD/smart_contracts/artifacts/EscrowVault/EscrowVault.arc56.json,2026-07-16,,0,4a364c4f
https://raw.githubusercontent.com/PriyanshuXPRT/BLISS/HEAD/smart_contracts/artifacts/MultiSigEscrow/MultiSigEscrow.arc56.json,2026-07-16,,0,5b7a38a9
https://raw.githubusercontent.com/PriyanshuXPRT/BLISS/HEAD/smart_contracts/artifacts/ServiceRegistry/ServiceRegistry.arc56.json,2026-07-16,,0,4a4b84c8
https://raw.githubusercontent.com/PriyanshuXPRT/BLISS/HEAD/smart_contracts/artifacts/TimeLockEscrow/TimeLockEscrow.arc56.json,2026-07-16,,0,394a92f3
https://raw.githubusercontent.com/prof7turtle/AnthroGravity_PS0305/HEAD/smart-contract/src/artifacts/EscrowContract.arc56.json,2026-07-16,,0,cce34cb9
https://raw.githubusercontent.com/prof7turtle/AnthroGravity_PS0305/HEAD/smart-contract/src/artifacts/EscrowFactory.arc56.json,2026-07-16,,0,a10eaf3a
https://raw.githubusercontent.com/prof7turtle/AnthroGravity_PS0305/HEAD/smart-contract/src/src/artifacts/EscrowContract.arc56.json,2026-07-16,,0,af69f8ae
https://raw.githubusercontent.com/prof7turtle/AnthroGravity_PS0305/HEAD/smart-contract/src/src/artifacts/EscrowFactory.arc56.json,2026-07-16,,0,777c4f33
https://raw.githubusercontent.com/ProtiusProtocol/Augurion-Predictive-Markets/HEAD/projects/hello-world-contracts/smart_contracts/project_registry/artifacts/project_registry/ProjectRegistry.arc56.json,2026-07-16,,0,fc0d6c45
https://raw.githubusercontent.com/ProtiusProtocol/pulse-africa-neon/HEAD/src/contracts/AugurionMarketV4.arc56.json,2026-07-16,,0,d967d5b9
https://raw.githubusercontent.com/ProtiusProtocol/pulse-africa-neon/HEAD/supabase/functions/deploy-market/AugurionMarketV4.arc56.json,2026-07-16,,0,ed187e58
https://raw.githubusercontent.com/purvacode-80/IntegriKey-Algorand/HEAD/projects/zkp_vault-contracts/smart_contracts/artifacts/zkp_vault/ZKPVault.arc56.json,2026-07-16,,0,92eec5ab
https://raw.githubusercontent.com/qmrkt/contracts/HEAD/smart_contracts/artifacts/market_app/QuestionMarket.arc56.json,2026-07-17,,0,b6ffac13
https://raw.githubusercontent.com/qmrkt/contracts/HEAD/smart_contracts/artifacts/market_factory/MarketFactory.arc56.json,2026-07-16,,0,b54b6f78
https://raw.githubusercontent.com/qmrkt/contracts/HEAD/smart_contracts/artifacts/protocol_config/ProtocolConfig.arc56.json,2026-07-16,,0,39f385e6
https://raw.githubusercontent.com/qmrkt/ts-sdk/HEAD/src/clients/specs/MarketFactory.arc56.json,2026-07-16,,0,e688c11b
https://raw.githubusercontent.com/qmrkt/ts-sdk/HEAD/src/clients/specs/ProtocolConfig.arc56.json,2026-07-16,,0,f7dc51aa
https://raw.githubusercontent.com/qmrkt/ts-sdk/HEAD/src/clients/specs/QuestionMarket.arc56.json,2026-07-17,,0,d4acf059
https://raw.githubusercontent.com/RahulScripts/LiveHack/HEAD/Project/Tokenisation/projects/Tokenisation-contracts/smart_contracts/artifacts/tokens/CarbonCreditContract.arc56.json,2026-07-16,,0,155ab92e
https://raw.githubusercontent.com/rajshekar1206/algosplit/HEAD/contract/projects/algosplit/smart_contracts/artifacts/algosplit/Algosplit.arc56.json,2026-07-16,,0,20064be4
https://raw.githubusercontent.com/rakhargo/event_ticket/HEAD/projects/event_ticket-contracts/smart_contracts/artifacts/event_ticket/EventTicket.arc56.json,2026-07-16,,0,bfb88a10
https://raw.githubusercontent.com/Ramcharan1706/Chainproof/HEAD/projects/ledgerseal-contracts/smart_contracts/artifacts/ledger_seal/LedgerSeal.arc56.json,2026-07-28,,1785218682,26624ccf
https://raw.githubusercontent.com/Ramcharan1706/LedgerSeal/HEAD/projects/ledgerseal-contracts/smart_contracts/artifacts/ledger_seal/LedgerSeal.arc56.json,2026-07-16,,0,24c95049
https://raw.githubusercontent.com/Ramcharan1706/Pit-Crew/HEAD/projects/Pitcrew-contracts/smart_contracts/artifacts/intent/Intent.arc56.json,2026-07-16,,0,88ae61ca
https://raw.githubusercontent.com/Ramcharan1706/Trust-Ai/HEAD/projects/trustai-contracts/smart_contracts/artifacts/agent_registry/AgentRegistryContract.arc56.json,2026-08-01,,1785564791,bfa1a28a
https://raw.githubusercontent.com/Ramcharan1706/Trust-Ai/HEAD/projects/trustai-contracts/smart_contracts/artifacts/escrow/EscrowContract.arc56.json,2026-08-01,,1785564846,b2f7a7e4
https://raw.githubusercontent.com/Ramcharan1706/Trust-Ai/HEAD/projects/trustai-contracts/smart_contracts/artifacts/reputation/ReputationContract.arc56.json,2026-08-01,,1785564846,bf66cf70
https://raw.githubusercontent.com/ranadebsaha/algorand-risein/HEAD/algo-contracts/smart_contracts/certificate_registry/CertificateRegistry.arc56.json,2026-07-16,,0,8e25c8ba
https://raw.githubusercontent.com/rbeyzas/payroll-cross-border-microlending/HEAD/projects/algorand-contracts/smart_contracts/artifacts/file_sharing_app/FileSharingApp.arc56.json,2026-07-16,,0,6c5cd344
https://raw.githubusercontent.com/rbeyzas/payroll-cross-border-microlending/HEAD/projects/algorand-contracts/smart_contracts/artifacts/payroll_app/PayrollApp.arc56.json,2026-07-16,,0,1c14c271
https://raw.githubusercontent.com/rcd-env/TrueRoots/HEAD/contract/projects/contract/smart_contracts/artifacts/true_roots/TrueRoots.arc56.json,2026-07-16,,0,cdf321b4
https://raw.githubusercontent.com/rehan2599/Algorand_LendingSystem/HEAD/projects/lending-platform-contracts/smart_contracts/artifacts/lending_contract/LendingContract.arc56.json,2026-07-16,,0,4b3d63a7
https://raw.githubusercontent.com/RgbGuy-Yx/Kudos/HEAD/contracts/artifacts/KudosEscrowContract.arc56.json,2026-07-16,,0,f747ce88
https://raw.githubusercontent.com/riagma/voto3/HEAD/algorand/smart_contracts/artifacts/voto3/Voto3.arc56.json,2026-07-16,,0,abb9c5e8
https://raw.githubusercontent.com/rkdev19/InvoiceChain/HEAD/projects/InvoiceChain-contracts/smart_contracts/artifacts/invoice/Invoice.arc56.json,2026-07-16,,0,fe5ea3e2
https://raw.githubusercontent.com/rkdev19/InvoiceChain/HEAD/projects/InvoiceChain-contracts/smart_contracts/artifacts/invoice_chain/InvoiceChain.arc56.json,2026-07-16,,0,7ea4a52b
https://raw.githubusercontent.com/rohan911438/algoverse-log-track/HEAD/algorand-contracts/contracts/artifacts/ContributionLogger.arc56.json,2026-07-16,,0,1374434b
https://raw.githubusercontent.com/rohan911438/algoverse-log-track/HEAD/algorand-contracts/contracts/artifacts/HelloWorld.arc56.json,2026-07-16,,0,dac506a2
https://raw.githubusercontent.com/rohan911438/algoverse-log-track/HEAD/algorand-contracts/contracts/artifacts/OrganizerRegistry.arc56.json,2026-07-16,,0,39930ec4
https://raw.githubusercontent.com/rohit-debnath24/AlgoSlice/HEAD/gpux-escrow/EscrowContract.arc56.json,2026-07-16,,0,f197658d
https://raw.githubusercontent.com/rohitdas953/algo-shop-01/HEAD/agentscore-backend/contracts/AgentScore.arc56.json,2026-07-16,,0,161ed0e9
https://raw.githubusercontent.com/RohithNai537/AlgoBounty-task-rewards/HEAD/projects/task_bountys-contracts/smart_contracts/artifacts/task_bountys/TaskBounty.arc56.json,2026-07-16,,0,7c06e88b
https://raw.githubusercontent.com/RohithNai537/Algorand_Algo-Bounty/HEAD/projects/task_bountys-contracts/smart_contracts/artifacts/task_bountys/TaskBounty.arc56.json,2026-07-16,,0,d345ffd9
https://raw.githubusercontent.com/Rudhrakoushik10/RootNode/HEAD/projects/RootNode-contracts/smart_contracts/artifacts/agentic_service_buyer/AgenticServiceBuyer.arc56.json,2026-07-16,,0,01da31f6
https://raw.githubusercontent.com/Rudhrakoushik10/RootNode/HEAD/projects/RootNode-contracts/smart_contracts/artifacts/escrow/EscrowContract.arc56.json,2026-07-16,,0,63e345e0
https://raw.githubusercontent.com/Rudhrakoushik10/RootNode/HEAD/projects/RootNode-contracts/smart_contracts/artifacts/policy/PolicyContract.arc56.json,2026-07-16,,0,99bcafe5
https://raw.githubusercontent.com/Rudhrakoushik10/RootNode/HEAD/projects/RootNode-contracts/smart_contracts/artifacts/receipt_anchor/ReceiptAnchorContract.arc56.json,2026-07-16,,0,436d2de2
https://raw.githubusercontent.com/Rudhrakoushik10/RootNode/HEAD/projects/RootNode-contracts/smart_contracts/artifacts/spend_tracker/SpendTrackerContract.arc56.json,2026-07-16,,0,eb46cabd
https://raw.githubusercontent.com/Rudhrakoushik10/RootNode/HEAD/projects/RootNode-contracts/smart_contracts/policy/artifacts/PolicyContract.arc56.json,2026-07-16,,0,24986f2b
https://raw.githubusercontent.com/Rudhrakoushik10/RootNode/HEAD/projects/RootNode-contracts/smart_contracts/policy/smart_contracts/artifacts/PolicyContract.arc56.json,2026-07-16,,0,6da00735
https://raw.githubusercontent.com/rugvedkadu06/DeFi-Exchange-Algorand/HEAD/projects/defi_exchange/smart_contracts/artifacts/amm_pool/AmmPool.arc56.json,2026-07-16,,0,7ca11118
https://raw.githubusercontent.com/rugvedkadu06/DeFi-Exchange-Algorand/HEAD/projects/defi_exchange/smart_contracts/artifacts/defi_exchange/DefiExchange.arc56.json,2026-07-16,,0,112fbd66
https://raw.githubusercontent.com/rugvedkadu06/DeFi-Exchange-Algorand/HEAD/projects/defi_exchange/smart_contracts/artifacts/swap/Swap.arc56.json,2026-07-16,,0,4e91721f
https://raw.githubusercontent.com/rushikesh2k04/AlgoArena/HEAD/projects/AlgoArena-contracts/smart_contracts/artifacts/algo_arena/AlgoArenaReward.arc56.json,2026-07-16,,0,5d297e73
https://raw.githubusercontent.com/rushikesh2k04/Hackseries-medicalNFT/HEAD/projects/medicalnft-contracts/smart_contracts/artifacts/medi_nft/NftTransfer.arc56.json,2026-07-16,,0,1fc9523b
https://raw.githubusercontent.com/rushikesh2k04/medialgo/HEAD/projects/MedicalNFT-contracts/smart_contracts/artifacts/nft/NFTContract.arc56.json,2026-07-16,,0,c2e45bec
https://raw.githubusercontent.com/rushikesh2k04/medialgo/HEAD/projects/MedicalNFT-contracts/smart_contracts/artifacts/nft/NFTRevoke.arc56.json,2026-07-16,,0,5ee058fe
https://raw.githubusercontent.com/rushikesh2k04/NFT_AlgoNest_HackSeries/HEAD/projects/medicalnft-contracts/smart_contracts/artifacts/medi_nft/NftTransfer.arc56.json,2026-07-16,,0,a9c38322
https://raw.githubusercontent.com/saiusesgithub/Algorand-Lock-In-Notes/HEAD/Day 2/Code/Counter/projects/Counter/smart_contracts/artifacts/counter/Counter.arc56.json,2026-07-16,,0,e2edfee7
https://raw.githubusercontent.com/saiusesgithub/Algorand-Lock-In-Notes/HEAD/Day%202/Code/Counter/projects/Counter/smart_contracts/artifacts/counter/Counter.arc56.json,2026-07-17,,0,a5cd5649
https://raw.githubusercontent.com/SamyaDeb/ChainPe/HEAD/contracts/src/out/ChainPeRegistry.arc56.json,2026-07-16,,0,dfef2186
https://raw.githubusercontent.com/SamyaDeb/ChainStrike/HEAD/contracts/PerpetualsMarket.arc56.json,2026-07-16,,0,5a0805b2
https://raw.githubusercontent.com/satishccy/algolivehack2025/HEAD/task-3/task-3-contracts/projects/task-3-contracts/smart_contracts/artifacts/contract/TokenizerContract.arc56.json,2026-07-16,,0,034c3429
https://raw.githubusercontent.com/satishccy/algolivehack2025/HEAD/task-6/task-6-contracts/projects/task-6-contracts/smart_contracts/artifacts/contract/Contract.arc56.json,2026-07-16,,0,f02996e7
https://raw.githubusercontent.com/satishccy/ASA-ARC-62-Upgrader/HEAD/projects/Arc62-contracts/contracts/artifacts/CirculatingSupply.arc56.json,2026-07-16,,0,8508983c
https://raw.githubusercontent.com/satishccy/blockchain_dev_assessment/HEAD/projects/blockchain_dev_assessment/smart_contracts/artifacts/hello_world/HelloWorld.arc56.json,2026-07-16,,0,51166c11
https://raw.githubusercontent.com/satishccy/limit-order/HEAD/projects/limit-order-contracts/contracts/artifacts/LimitOrder.arc56.json,2026-07-16,,0,d775e355
https://raw.githubusercontent.com/satishccy/splitrix-algorand/HEAD/projects/splitrix-algorand-backend/src/contract/Splitrix.arc56.json,2026-07-16,,0,3cd23c2b
https://raw.githubusercontent.com/satishccy/splitrix-algorand/HEAD/projects/splitrix-algorand-contracts/smart_contracts/artifacts/splitrix/Splitrix.arc56.json,2026-07-16,,0,fc6118a5
https://raw.githubusercontent.com/satyasai69/algobharat-live-hack-submission/HEAD/tasks_only/Task-5-Application_Integration2/Algorand_Challenge-contracts/smart_contracts/artifacts/algorand_challenge/AlgorandChallenge.arc56.json,2026-07-16,,0,61e38038
https://raw.githubusercontent.com/satyasai69/algobharat-live-hack-submission/HEAD/tasks_only/Task-5-Application_Integration2/Algorand_Challenge-contracts/smart_contracts/artifacts/algorand_challenge/TokenClaim.arc56.json,2026-07-16,,0,1ce11987
https://raw.githubusercontent.com/sautsokreach/firstAlgo/HEAD/projects/firstAlgo/smart_contracts/artifacts/first_smart_contract/FirstSmartContract.arc56.json,2026-07-16,,0,a578912e
https://raw.githubusercontent.com/Sayan-ghs/AT/HEAD/projects/AssetToken/smart_contracts/artifacts/hello_world/HelloWorld.arc56.json,2026-07-16,,0,ac0e9b8f
https://raw.githubusercontent.com/Sayan-ghs/AT/HEAD/projects/AssetToken/smart_contracts/artifacts/real_estate_token/RealEstateToken.arc56.json,2026-07-16,,0,b57152ee
https://raw.githubusercontent.com/Sayangenri/algo-names/HEAD/projects/algo-names-contracts/smart_contracts/artifacts/algo_names/AlgoNames.arc56.json,2026-07-16,,0,4fbfdfce
https://raw.githubusercontent.com/Sayangenri/algo-names/HEAD/projects/algo-names-contracts/smart_contracts/artifacts/hello_world/HelloWorld.arc56.json,2026-07-16,,0,9016582c
https://raw.githubusercontent.com/Sayangenri/algorand-guestbook/HEAD/projects/guestbook_app-contracts/smart_contracts/artifacts/guestbook_app_contract/GuestbookAppContract.arc56.json,2026-07-16,,0,f6c91757
https://raw.githubusercontent.com/Sayangenri/awesomealgorand/HEAD/counter_dapp/projects/counter_dapp-contracts/smart_contracts/artifacts/counter_contract/Counter.arc56.json,2026-07-16,,0,437a3d0c
https://raw.githubusercontent.com/sceptejas/algorand-studio-lite/HEAD/contracts/hello_world/projects/hello_world/smart_contracts/artifacts/hello_world/HelloWorld.arc56.json,2026-07-16,,0,477244b4
https://raw.githubusercontent.com/scholtz/arc-1400/HEAD/projects/arc-1400/smart_contracts/artifacts/security_token/Arc1400.arc56.json,2026-07-16,,2000000001,0ed7791d
https://raw.githubusercontent.com/scholtz/arc-1400/HEAD/projects/arc-1400/smart_contracts/artifacts/security_token/Arc1410.arc56.json,2026-07-16,,2000000001,a1ba3825
https://raw.githubusercontent.com/scholtz/arc-1400/HEAD/projects/arc-1400/smart_contracts/artifacts/security_token/Arc1594.arc56.json,2026-07-16,,2000000001,80d47946
https://raw.githubusercontent.com/scholtz/arc-1400/HEAD/projects/arc-1400/smart_contracts/artifacts/security_token/Arc1643.arc56.json,2026-07-16,,2000000001,64d62a18
https://raw.githubusercontent.com/scholtz/arc-1400/HEAD/projects/arc-1400/smart_contracts/artifacts/security_token/Arc1644.arc56.json,2026-07-16,,2000000001,a164587c
https://raw.githubusercontent.com/scholtz/arc-1400/HEAD/projects/arc-1400/smart_contracts/artifacts/security_token/Arc200.arc56.json,2026-07-16,,2000000001,dad3aba3
https://raw.githubusercontent.com/scholtz/arc-1400/HEAD/projects/arc-1400/smart_contracts/artifacts/security_token/Arc88.arc56.json,2026-07-16,,2000000001,d2931ea8
https://raw.githubusercontent.com/scholtz/arc-1400/HEAD/projects/arc-1400/smart_contracts/artifacts/security_token/SecurityToken.arc56.json,2026-07-16,,2000000001,5c887901
https://raw.githubusercontent.com/scholtz/arc200/HEAD/contracts/artifacts/Arc200.arc56.json,2026-07-16,,2000000001,1b7d9c67
https://raw.githubusercontent.com/scholtz/arc200/HEAD/contracts/artifacts/Arc200_ASA.arc56.json,2026-07-16,,2000000001,7e3a1767
https://raw.githubusercontent.com/scholtz/AVMGasStation/HEAD/projects/SmartContract/smart_contracts/artifacts/gas_station/GasStation.arc56.json,2026-07-16,,2000000001,f660b2f8
https://raw.githubusercontent.com/scholtz/AVMSatoshiDice/HEAD/projects/AVMSatoshiDice/smart_contracts/artifacts/arc200/Arc200.arc56.json,2026-07-16,,2000000001,1eb45120
https://raw.githubusercontent.com/scholtz/AVMSatoshiDice/HEAD/projects/AVMSatoshiDice/smart_contracts/artifacts/avm_satoshi_dice/AvmSatoshiDice.arc56.json,2026-07-16,,2000000001,0cd36ce9
https://raw.githubusercontent.com/scholtz/AVMTypes/HEAD/projects/AVMTypes/smart_contracts/artifacts/avm_types/AvmTypes.arc56.json,2026-07-16,,2000000001,954480e8
https://raw.githubusercontent.com/scholtz/biatec-vault/HEAD/projects/biatec-vault/smart_contracts/artifacts/biatec_vault/BiatecVault.arc56.json,2026-07-16,,2000000001,5a435e12
https://raw.githubusercontent.com/scholtz/BiatecCLAMM/HEAD/contracts/artifacts/BiatecClammPool.arc56.json,2026-07-17,,2000000001,30b1be75
https://raw.githubusercontent.com/scholtz/BiatecCLAMM/HEAD/contracts/artifacts/BiatecConfigProvider.arc56.json,2026-07-16,,2000000001,0edcff0d
https://raw.githubusercontent.com/scholtz/BiatecCLAMM/HEAD/contracts/artifacts/BiatecIdentityProvider.arc56.json,2026-07-16,,2000000001,828b8c65
https://raw.githubusercontent.com/scholtz/BiatecCLAMM/HEAD/contracts/artifacts/BiatecPoolProvider.arc56.json,2026-07-17,,2000000001,1b5bd436
https://raw.githubusercontent.com/scholtz/BiatecCLAMM/HEAD/contracts/artifacts/FakePool.arc56.json,2026-07-16,,2000000001,4ff47865
https://raw.githubusercontent.com/scholtz/Escrow/HEAD/projects/Escrow/smart_contracts/artifacts/escrow/Escrow.arc56.json,2026-07-16,,2000000001,ecf46a10
https://raw.githubusercontent.com/scholtz/TestUint256/HEAD/projects/TestUint256/smart_contracts/artifacts/test_uint/TestUint.arc56.json,2026-07-16,,2000000001,792cb349
https://raw.githubusercontent.com/sealed-channel/sealed/HEAD/programs/sealed/src/__tests__/fixtures/Sealed.v2.arc56.json,2026-07-16,,0,d3a92bb7
https://raw.githubusercontent.com/sealed-channel/sealed/HEAD/sealed-indexer/src/notifications/sealed.arc56.json,2026-07-16,,0,098b3185
https://raw.githubusercontent.com/sh2900/zk-digi-web/HEAD/src/contracts/Vault.arc56.json,2026-07-16,,0,95a84c67
https://raw.githubusercontent.com/sh2900/zk-digi-web/HEAD/src/contracts/ZkVerifier.arc56.json,2026-07-16,,0,a5c508ec
https://raw.githubusercontent.com/ShahiTechnovation/Bloopa/HEAD/contracts/Bloopa.arc56.json,2026-07-16,,0,bb98907d
https://raw.githubusercontent.com/ShahiTechnovation/Bloopa/HEAD/contracts/BloopIntentRouter.arc56.json,2026-07-16,,0,6c25aeaa
https://raw.githubusercontent.com/ShahiTechnovation/Bloopa/HEAD/contracts/BloopUSDC.arc56.json,2026-07-16,,0,aaf2d9a9
https://raw.githubusercontent.com/ShahiTechnovation/Bloopa/HEAD/contracts/contracts/BloopUSDC.arc56.json,2026-07-16,,0,e3d863d9
https://raw.githubusercontent.com/ShaiVerma/Algorand_Hack/HEAD/Misc_Contract/DecentralizedAiContract.arc56.json,2026-07-16,,0,3ab4156a
https://raw.githubusercontent.com/Shirishatejavath/Algorand-hack-3/HEAD/Algorand-hack-3/contracts/artifacts/RiskRegistry.arc56.json,2026-07-16,,0,758c52cf
https://raw.githubusercontent.com/SHIVAJIJAMADAR/Hackspiration/HEAD/scholar-frontend/src/contracts/ScholarStream.arc56.json,2026-07-16,,0,9b4a544d
https://raw.githubusercontent.com/Shivanikinagi/KINETIC/HEAD/contracts/contracts/artifacts/BadgeMinter.arc56.json,2026-07-16,,0,b17d5b78
https://raw.githubusercontent.com/Shivanikinagi/KINETIC/HEAD/contracts/contracts/artifacts/EscrowContract.arc56.json,2026-07-16,,0,2a2fa6bd
https://raw.githubusercontent.com/Shivanikinagi/KINETIC/HEAD/contracts/contracts/artifacts/ProviderRegistry.arc56.json,2026-07-16,,0,2c8f80ae
https://raw.githubusercontent.com/ShivRaiGithub/algorand/HEAD/projects/hello_algorand/smart_contracts/artifacts/hello_world/BetCoin.arc56.json,2026-07-16,,0,1ef9c363
https://raw.githubusercontent.com/ShivRaiGithub/algorand/HEAD/projects/hello_algorand/smart_contracts/artifacts/hello_world/HelloWorld.arc56.json,2026-07-16,,0,0c9db81d
https://raw.githubusercontent.com/Shreya-d29/Campuspay/HEAD/smart_contracts/campuspay/CampusPay.arc56.json,2026-07-16,,0,33b2a49e
https://raw.githubusercontent.com/shreyaaassss/cadencia-credit-flow/HEAD/contracts/cadencia/CreditScore/CreditScore.arc56.json,2026-07-16,,0,6b6bc683
https://raw.githubusercontent.com/shreyaaassss/cadencia-credit-flow/HEAD/contracts/cadencia/KYCRegistry/KYCRegistry.arc56.json,2026-07-16,,0,88447e1b
https://raw.githubusercontent.com/shreyaaassss/cadencia-credit-flow/HEAD/contracts/cadencia/LendingPool/LendingPool.arc56.json,2026-07-16,,0,bd4ab000
https://raw.githubusercontent.com/shreyaaassss/cadencia-credit-flow/HEAD/contracts/cadencia/LoanManager/LoanManager.arc56.json,2026-07-16,,0,e22eed4f
https://raw.githubusercontent.com/shreyaaassss/cadencia-credit-flow/HEAD/contracts/cadencia/RepaymentEscrow/RepaymentEscrow.arc56.json,2026-07-16,,0,ca26917a
https://raw.githubusercontent.com/shreyaaassss/cadencia-magic-wallet/HEAD/backend/artifacts/CadenciaEscrow.arc56.json,2026-07-16,,0,4599f3fd
https://raw.githubusercontent.com/shreyaaassss/cadencia-working-fine/HEAD/backend/artifacts/CadenciaEscrow.arc56.json,2026-07-16,,0,40a2c69e
https://raw.githubusercontent.com/shreyaaassss/crestFlow-complete-working-/HEAD/smart_contracts/cadencia_escrow/artifacts/cadencia_escrow/CadenciaEscrow.arc56.json,2026-07-16,,0,f24c6d83
https://raw.githubusercontent.com/shreyaaassss/crestFlow-complete-working-/HEAD/smart_contracts/cadencia_tbill/artifacts/cadencia_tbill/CadenciaTBill.arc56.json,2026-07-16,,0,dec2e274
https://raw.githubusercontent.com/ShreyashDabhade/PayStream/HEAD/projects/contracts/smart_contracts/artifacts/pay_stream/PayStream.arc56.json,2026-07-16,,0,e3c1b65f
https://raw.githubusercontent.com/ShreyasHegde0105/Demo-AlgoRand/HEAD/Main-Backend/procure-contracts/smart_contracts/escrow_contract/artifacts2/ProcureEscrowContract.arc56.json,2026-07-16,,0,fbd3f152
https://raw.githubusercontent.com/SilentRhetoric/DeChametzMe/HEAD/projects/deChametzMe-contracts/smart_contracts/artifacts/de_chametz/DeChametz.arc56.json,2026-07-16,,0,9d6f0a48
https://raw.githubusercontent.com/SilentRhetoric/FlashLoanLSig/HEAD/contracts/artifacts/HelloWorld.arc56.json,2026-07-16,,0,2ea4b6a4
https://raw.githubusercontent.com/SilentRhetoric/rekeyed/HEAD/projects/rekeyed/contracts/artifacts/HelloWorld.arc56.json,2026-07-16,,0,674c6cad
https://raw.githubusercontent.com/SimonYuvarlak/Algorand-Course/HEAD/content/algorand_python/introduction-to-algorand-python/02.5-algorand-python-types/types-demo/projects/types-demo/smart_contracts/artifacts/types/TypesDemo.arc56.json,2026-07-16,,0,1ee3c38c
https://raw.githubusercontent.com/SimonYuvarlak/Algorand-Course/HEAD/content/algorand_python/introduction-to-algorand-python/03-hello-world-contract/hello_world/projects/hello_world/smart_contracts/artifacts/hello_world/HelloWorld.arc56.json,2026-07-16,,0,19d51dc7
https://raw.githubusercontent.com/SimonYuvarlak/Algorand-Course/HEAD/content/algorand_python/introduction-to-algorand-python/04-best-practices/VotingPoll/projects/VotingPoll/smart_contracts/artifacts/voting_poll/VotingPoll.arc56.json,2026-07-16,,0,b067c4ba
https://raw.githubusercontent.com/SimonYuvarlak/Algorand-Course/HEAD/content/algorand_typescript/introduction-to-algorand-typescript/02-algorand-typescript-types/types-demo/projects/types-demo/smart_contracts/artifacts/types/TypesDemo.arc56.json,2026-07-16,,0,4798a467
https://raw.githubusercontent.com/SimonYuvarlak/Algorand-Course/HEAD/content/algorand_typescript/introduction-to-algorand-typescript/06-best-practices/vesting-demo/projects/vesting-demo/smart_contracts/artifacts/vesting/VestingVault.arc56.json,2026-07-16,,0,1020df8b
https://raw.githubusercontent.com/sodium16/hackalgo/HEAD/projects/hackalgo-contracts/smart_contracts/artifacts/algomint/Algomint.arc56.json,2026-07-16,,0,16706bd0
https://raw.githubusercontent.com/sohailblockchain/workshop-submission.txt/HEAD/smart_contracts/artifacts/hello_world/HelloWorld.arc56.json,2026-07-16,,0,160486c1
https://raw.githubusercontent.com/SomehowLiving/find-your-sugar/HEAD/projects/test/smart_contracts/artifacts/hello_world/SugarDaddyPlatform.arc56.json,2026-07-16,,0,0e4387a2
https://raw.githubusercontent.com/SomeshTalligeriDEV/microflux-arc/HEAD/projects/microflux-contracts/smart_contracts/artifacts/executor/WorkflowExecutor.arc56.json,2026-07-16,,0,ce5c4b0d
https://raw.githubusercontent.com/SomeshTalligeriDEV/microflux-arc/HEAD/projects/microflux-frontend/public/contracts/WorkflowExecutor.arc56.json,2026-07-16,,0,6c6a6d04
https://raw.githubusercontent.com/sonucodes40/OurVault/HEAD/projects/OurVault-contracts/smart_contracts/artifacts/saving_vault/SavingVault.arc56.json,2026-07-16,,0,98da5c46
https://raw.githubusercontent.com/soumyacodes007/zk-kyc/HEAD/zk-kyc/projects/zk-kyc/smart_contracts/artifacts/credential_manager/CredentialManager.arc56.json,2026-07-16,,0,7420da7b
https://raw.githubusercontent.com/soumyacodes007/zk-kyc/HEAD/zk-kyc/projects/zk-kyc/smart_contracts/artifacts/hello_world/HelloWorld.arc56.json,2026-07-16,,0,77e9c640
https://raw.githubusercontent.com/soumyacodes007/zk-kyc/HEAD/zk-kyc/projects/zk-kyc/smart_contracts/artifacts/kyc_box_storage/KYCBoxStorage.arc56.json,2026-07-16,,0,6203a633
https://raw.githubusercontent.com/soumyacodes007/zk-kyc/HEAD/zk-kyc/projects/zk-kyc/smart_contracts/artifacts/nullifier_registry/NullifierRegistry.arc56.json,2026-07-16,,0,3f6e5870
https://raw.githubusercontent.com/soumyacodes007/zk-kyc/HEAD/zk-kyc/projects/zk-kyc/smart_contracts/artifacts/smt_registry/SMTRegistry.arc56.json,2026-07-16,,0,0b74b057
https://raw.githubusercontent.com/soumyacodes007/zk-kyc/HEAD/zk-kyc/projects/zk-kyc/smart_contracts/credential_manager/smart_contracts/artifacts/credential_manager/CredentialManager.arc56.json,2026-07-16,,0,2b3cbb87
https://raw.githubusercontent.com/soumyacodes007/zk-kyc/HEAD/zk-kyc/projects/zk-kyc/smart_contracts/kyc_box_storage/smart_contracts/artifacts/kyc_box_storage/KYCBoxStorage.arc56.json,2026-07-16,,0,1f73bca2
https://raw.githubusercontent.com/soumyacodes007/zk-kyc/HEAD/zk-kyc/projects/zk-kyc/smart_contracts/nullifier_registry/smart_contracts/artifacts/nullifier_registry/NullifierRegistry.arc56.json,2026-07-16,,0,c5d65279
https://raw.githubusercontent.com/soumyacodes007/zk-kyc/HEAD/zk-kyc/projects/zk-kyc/smart_contracts/smt_registry/smart_contracts/artifacts/smt_registry/SMTRegistry.arc56.json,2026-07-16,,0,f55bd9f2
https://raw.githubusercontent.com/sparky0520/algorand_test/HEAD/projects/algorand_test/smart_contracts/artifacts/hello_world/HelloWorld.arc56.json,2026-07-16,,0,8b9a192b
https://raw.githubusercontent.com/sparky0520/algorand_test/HEAD/projects/algorand_test/smart_contracts/artifacts/hello_world/Voting.arc56.json,2026-07-16,,0,8742de94
https://raw.githubusercontent.com/SparshMishra09/ai-oracle/HEAD/smart_contracts/artifacts/ai_oracle/AIOracle.arc56.json,2026-07-16,,0,3e7da83b
https://raw.githubusercontent.com/SparshMishra09/ai-oracle/HEAD/smart_contracts/artifacts/hello_world/HelloWorld.arc56.json,2026-07-16,,0,0f640b5b
https://raw.githubusercontent.com/SparshMishra09/ai-oracle/HEAD/smart_contracts/artifacts/tip_jar/TipJar.arc56.json,2026-07-16,,0,4727d3d7
https://raw.githubusercontent.com/Srikanivas/AlgoHealX/HEAD/projects/AlgoHealX-contracts/smart_contracts/artifacts/algo_healx/AlgoHealx.arc56.json,2026-07-16,,0,7d193615
https://raw.githubusercontent.com/Srikanivas/Algorack/HEAD/projects/Algorack-contracts/smart_contracts/artifacts/algo_rack/AlgorackMarket.arc56.json,2026-07-16,,0,332d497a
https://raw.githubusercontent.com/Srikanivas/Algoxange/HEAD/projects/Algoxange-contracts/smart_contracts/artifacts/algoxange/Algoxange.arc56.json,2026-07-16,,0,dd97c51e
https://raw.githubusercontent.com/Srikanivas/Givio/HEAD/projects/Givio-contracts/smart_contracts/artifacts/hello_world/Donation.arc56.json,2026-07-16,,0,34190a8a
https://raw.githubusercontent.com/Srikanivas/NFT_AlgoNest_HackSeries/HEAD/projects/medicalnft-contracts/smart_contracts/artifacts/medi_nft/NftTransfer.arc56.json,2026-07-16,,0,696d302a
https://raw.githubusercontent.com/Srikanivas/NftMarketplce/HEAD/projects/NftMarketplace-contracts/smart_contracts/artifacts/nft_functions/NFTMarketplaceContract.arc56.json,2026-07-16,,0,41fa9e62
https://raw.githubusercontent.com/Srikanivas/Trezo/HEAD/projects/Trezo-contracts/smart_contracts/artifacts/hello_world/HelloWorld.arc56.json,2026-07-16,,0,60ded203
https://raw.githubusercontent.com/Srizdebnath/AlgoAgentX/HEAD/AlgoAgentGuardian.arc56.json,2026-07-16,,0,7fd52972
https://raw.githubusercontent.com/srujan-07/Calculator/HEAD/projects/calculator-contracts/smart_contracts/artifacts/hello_world/HelloWorld.arc56.json,2026-07-16,,0,e040d7a2
https://raw.githubusercontent.com/ss2d22/Innuid/HEAD/projects/tradeflow-contracts/smart_contracts/artifacts/tradeflow/Tradeflow.arc56.json,2026-07-16,,0,edcde0d4
https://raw.githubusercontent.com/sujal-pawar/AlgoEscrow/HEAD/smart-contract/src/artifacts/EscrowContract.arc56.json,2026-08-01,,1785564886,f2f2b9cf
https://raw.githubusercontent.com/sujal-pawar/AlgoEscrow/HEAD/smart-contract/src/artifacts/EscrowFactory.arc56.json,2026-08-01,,1785564846,80e49dc6
https://raw.githubusercontent.com/sujal-pawar/AlgoEscrow/HEAD/smart-contract/src/src/artifacts/EscrowContract.arc56.json,2026-08-01,,1785564886,6e40872e
https://raw.githubusercontent.com/sujal-pawar/AlgoEscrow/HEAD/smart-contract/src/src/artifacts/EscrowFactory.arc56.json,2026-08-01,,1785564846,7e3d1e3b
https://raw.githubusercontent.com/sumit-bhagat-2004/NeuroChain/HEAD/contracts/projects/contracts/smart_contracts/artifacts/debate_stake/DebateStake.arc56.json,2026-07-16,,0,069f566d
https://raw.githubusercontent.com/sumit-bhagat-2004/NeuroChain/HEAD/contracts/projects/contracts/smart_contracts/artifacts/neurochain/LiveProof.arc56.json,2026-07-16,,0,5c472100
https://raw.githubusercontent.com/sunship-studio/sealed/HEAD/programs/sealed/src/__tests__/fixtures/Sealed.v2.arc56.json,2026-07-16,,0,6b3aba46
https://raw.githubusercontent.com/sunship-studio/sealed/HEAD/sealed-indexer/src/notifications/sealed.arc56.json,2026-07-16,,0,64ff5200
https://raw.githubusercontent.com/swanandi-bhende/mercator/HEAD/backend/contracts/artifacts/AgentRegistry.arc56.json,2026-07-16,,0,08feb9b9
https://raw.githubusercontent.com/swanandi-bhende/mercator/HEAD/backend/contracts/backend/contracts/subscription_manager_artifacts/SubscriptionManager.arc56.json,2026-07-16,,0,69960422
https://raw.githubusercontent.com/swanandi-bhende/mercator/HEAD/backend/contracts/escrow/smart_contracts/artifacts/escrow/Escrow.arc56.json,2026-07-16,,0,b97cd24c
https://raw.githubusercontent.com/swanandi-bhende/mercator/HEAD/backend/contracts/escrow/smart_contracts/escrow/artifacts/Escrow.arc56.json,2026-07-16,,0,b06d1b7c
https://raw.githubusercontent.com/swanandi-bhende/mercator/HEAD/backend/contracts/escrow/smart_contracts/escrow/Escrow.arc56.json,2026-07-16,,0,fd3695bc
https://raw.githubusercontent.com/swanandi-bhende/mercator/HEAD/backend/contracts/FeeConfig.arc56.json,2026-07-16,,0,2f0a046e
https://raw.githubusercontent.com/swanandi-bhende/mercator/HEAD/backend/contracts/insight_listing/smart_contracts/artifacts/insight_listing/InsightListing.arc56.json,2026-07-16,,0,7befa811
https://raw.githubusercontent.com/swanandi-bhende/mercator/HEAD/backend/contracts/insight_listing/smart_contracts/insight_listing/artifacts/InsightListing.arc56.json,2026-07-16,,0,70813c21
https://raw.githubusercontent.com/swanandi-bhende/mercator/HEAD/backend/contracts/insight_listing/smart_contracts/insight_listing/InsightListing.arc56.json,2026-07-16,,0,b1cdf144
https://raw.githubusercontent.com/swanandi-bhende/mercator/HEAD/backend/contracts/reputation/smart_contracts/artifacts/reputation/Reputation.arc56.json,2026-07-16,,0,34412304
https://raw.githubusercontent.com/swanandi-bhende/mercator/HEAD/backend/contracts/reputation/smart_contracts/reputation/Reputation.arc56.json,2026-07-16,,0,4c9736da
https://raw.githubusercontent.com/tasosbit/algokit-repro-genclient-noreturntypes/HEAD/projects/repro-genclient-noreturntypes/smart_contracts/artifacts/hello_world/HelloWorld.arc56.json,2026-07-16,,0,046e24ac
https://raw.githubusercontent.com/tasosbit/algokit-repro-genclient-noreturntypes/HEAD/projects/repro-genclient-noreturntypes/smart_contracts/artifacts/notworking/NotWorking.arc56.json,2026-07-16,,0,1d610a49
https://raw.githubusercontent.com/tasosbit/distributor/HEAD/projects/distributor-contracts/smart_contracts/artifacts/distributor/Distributor.arc56.json,2026-07-16,,0,c742749c
https://raw.githubusercontent.com/tasosbit/puya-ts-superbox/HEAD/projects/superbox/smart_contracts/artifacts/superbox/Superbox.arc56.json,2026-07-16,,0,494da3ef
https://raw.githubusercontent.com/tasosbit/test-algokit-big-num-accounts/HEAD/projects/test-algokit-big-num-accounts/smart_contracts/artifacts/hello_world/HelloWorld.arc56.json,2026-07-16,,0,3639fbac
https://raw.githubusercontent.com/tasosbit/usdc-pong/HEAD/projects/usdc-pong-contracts/smart_contracts/artifacts/usdc_pong/UsdcPong.arc56.json,2026-07-16,,0,fd3dabf4
https://raw.githubusercontent.com/tbetti/carbon-aquarian/HEAD/projects/carbon-aquarian-contracts/smart_contracts/artifacts/backend/Backend.arc56.json,2026-07-16,,0,3e19abfb
https://raw.githubusercontent.com/th0tmaker/PieOut/HEAD/projects/PieOut-contracts/smart_contracts/artifacts/pieout/Pieout.arc56.json,2026-07-16,,0,424e1b81
https://raw.githubusercontent.com/tharunbethina/algodev-DigitalMarketplace/HEAD/smart_contracts/artifacts/hello_world/DigitalMarketplace.arc56.json,2026-07-16,,0,d8cb4191
https://raw.githubusercontent.com/tkhan04/EasyA/HEAD/Airplanes/projects/plane-contracts/smart_contracts/artifacts/hello_world/FractionalPlaneOwnership.arc56.json,2026-07-16,,0,1cb787ef
https://raw.githubusercontent.com/tkhan04/EasyA/HEAD/Airplanes/projects/plane-contracts/smart_contracts/artifacts/hello_world/HelloWorld.arc56.json,2026-07-16,,0,87b7c8ed
https://raw.githubusercontent.com/tkhan04/EasyA/HEAD/out/shoeMCP/projects/shoeMCP-contracts/smart_contracts/hello_world/HelloWorld.arc56.json,2026-07-16,,0,c19b06fe
https://raw.githubusercontent.com/tommasoo0/algorand-prediction-market/HEAD/smart_contracts/artifacts/prediction_market/PredictionMarket.arc56.json,2026-07-17,,0,d14c2c84
https://raw.githubusercontent.com/tommasoo0/Prediction-Market/HEAD/smart_contracts/artifacts/prediction_market/PredictionMarket.arc56.json,2026-07-16,,0,d8cb0fc3
https://raw.githubusercontent.com/tonydalziel/Easy-A-Hackathon/HEAD/algokit/ch_ai_n/projects/ch_ai_n/smart_contracts/artifacts/ch_ai_n/ChAiN.arc56.json,2026-07-16,,0,ace4e440
https://raw.githubusercontent.com/TriplEight/SPM/HEAD/contracts/smart_contracts/artifacts/split_router/SplitRouter.arc56.json,2026-07-16,,0,838f0717
https://raw.githubusercontent.com/turinglabsorg/mar-a-algo/HEAD/contracts/artifacts/HelloWorld.arc56.json,2026-07-16,,0,a6543ca5
https://raw.githubusercontent.com/turinglabsorg/mar-a-algo/HEAD/contracts/artifacts/MAGA20.arc56.json,2026-07-16,,0,6087cc18
https://raw.githubusercontent.com/TxnLab/nfd-sdk/HEAD/packages/sdk/src/contracts/minimal/NFDInstance.arc56.json,2026-07-16,,2000000000,9b7fcf89
https://raw.githubusercontent.com/TxnLab/nfd-sdk/HEAD/packages/sdk/src/contracts/minimal/NFDRegistry.arc56.json,2026-07-16,,2000000000,7fe53358
https://raw.githubusercontent.com/TxnLab/nfd-sdk/HEAD/packages/sdk/src/contracts/NFDInstance.arc56.json,2026-07-17,,2000000000,a0f592c3
https://raw.githubusercontent.com/TxnLab/nfd-sdk/HEAD/packages/sdk/src/contracts/NFDRegistry.arc56.json,2026-07-17,,2000000000,d60f44d8
https://raw.githubusercontent.com/Udith-creates/AlgoFetch/HEAD/projects/AlgoFetch/smart_contracts/service_registry/smart_contracts/service_registry/ServiceRegistry.arc56.json,2026-07-16,,0,084c6d09
https://raw.githubusercontent.com/Udith-creates/AlgoFetch/HEAD/projects/AlgoFetch/smart_contracts/spend_policy/smart_contracts/spend_policy/smart_contracts/spend_policy/smart_contracts/spend_policy/SpendPolicyWallet.arc56.json,2026-07-16,,0,1264451c
https://raw.githubusercontent.com/Udith-creates/AlgoFetch/HEAD/projects/AlgoFetch/smart_contracts/spend_policy/smart_contracts/spend_policy/smart_contracts/spend_policy/SpendPolicyWallet.arc56.json,2026-07-16,,0,b770fe9f
https://raw.githubusercontent.com/Udith-creates/AlgoFetch/HEAD/projects/AlgoFetch/smart_contracts/spend_policy/smart_contracts/spend_policy/SpendPolicyWallet.arc56.json,2026-07-16,,0,61bd9eb1
https://raw.githubusercontent.com/Udith-creates/AlgoFetch/HEAD/projects/AlgoFetch/smart_contracts/spend_policy/SpendPolicyWallet.arc56.json,2026-07-16,,0,b796bcd9
https://raw.githubusercontent.com/ufukulutas/PersonalBank/HEAD/projects/smart_contracts/artifacts/personal_bank/PersonalBank.arc56.json,2026-07-16,,0,211f8548
https://raw.githubusercontent.com/UniqueBlood7899/trustless-bounty/HEAD/contracts/projects/contracts/smart_contracts/artifacts/bounty_escrow/BountyEscrow.arc56.json,2026-07-16,,0,68a0af47
https://raw.githubusercontent.com/upendra512/team-blockbusters/HEAD/projects/algo_hack/smart_contracts/escrow/smart_contracts/artifacts/escrow/CommerceEscrow.arc56.json,2026-07-16,,0,1d907c34
https://raw.githubusercontent.com/UroojChaudhary/Algorand-typescript-workshop-submission/HEAD/projects/personal-bank/smart_contracts/artifacts/personal_bank/PersonalBank.arc56.json,2026-07-16,,0,b237e3ef
https://raw.githubusercontent.com/ValarStaking/xgov-delegation/HEAD/projects/xgov-delegation/smart_contracts/artifacts/delegation_registry/DelegationRegistry.arc56.json,2026-07-16,,0,7cb2439d
https://raw.githubusercontent.com/ValarStaking/xgov-delegation/HEAD/projects/xgov-delegation/smart_contracts/artifacts/proposal_mock/ProposalMock.arc56.json,2026-07-16,,0,4ee0190e
https://raw.githubusercontent.com/ValarStaking/xgov-delegation/HEAD/projects/xgov-delegation/smart_contracts/artifacts/representative/Representative.arc56.json,2026-07-16,,0,2c5df727
https://raw.githubusercontent.com/ValarStaking/xgov-delegation/HEAD/projects/xgov-delegation/smart_contracts/artifacts/voter/Voter.arc56.json,2026-07-16,,0,6fc28a4a
https://raw.githubusercontent.com/ValarStaking/xgov-delegation/HEAD/projects/xgov-delegation/smart_contracts/artifacts/xgov_registry_mock/XgovRegistryMock.arc56.json,2026-07-16,,0,1b118fbf
https://raw.githubusercontent.com/vardhchhajer/blockestate/HEAD/projects/blockestate/smart_contracts/artifacts/marketplace/Marketplace.arc56.json,2026-07-18,,0,d8da1034
https://raw.githubusercontent.com/vardhchhajer/blockestate/HEAD/projects/blockestate/smart_contracts/artifacts/property_token/PropertyToken.arc56.json,2026-07-18,,0,176ee864
https://raw.githubusercontent.com/vardhchhajer/blockstate/HEAD/projects/blockestate/smart_contracts/artifacts/marketplace/Marketplace.arc56.json,2026-07-18,,0,43d7424f
https://raw.githubusercontent.com/vardhchhajer/blockstate/HEAD/projects/blockestate/smart_contracts/artifacts/property_token/PropertyToken.arc56.json,2026-07-18,,0,55df342c
https://raw.githubusercontent.com/VBV-py/AlgoAuth/HEAD/projects/AlgoAuth-contracts/smart_contracts/artifacts/algo_auth/AlgoAuth.arc56.json,2026-07-16,,0,4d4f201f
https://raw.githubusercontent.com/VBV-py/AlgoAuth/HEAD/projects/AlgoAuth-contracts/smart_contracts/artifacts/file_registry/FileRegistry.arc56.json,2026-07-16,,0,c32be43c
https://raw.githubusercontent.com/VBV-py/AlgoAuth/HEAD/projects/AlgoAuth-contracts/smart_contracts/artifacts/group_registry/GroupRegistry.arc56.json,2026-07-16,,0,e7b59dc0
https://raw.githubusercontent.com/vedantbanaitkar/AeroShield/HEAD/algorand/smart_contracts/artifacts/hello_world/HelloWorld.arc56.json,2026-07-16,,0,737d45b7
https://raw.githubusercontent.com/VedKalantri/escrow-secure-checkout/HEAD/escrow-app/projects/escrow-app-contracts/smart_contracts/artifacts/escrow/Escrow.arc56.json,2026-07-16,,0,552e0bf7
https://raw.githubusercontent.com/VedKalantri/escrow-service/HEAD/projects/escrow-app-contracts/smart_contracts/artifacts/hello_world/HelloWorld.arc56.json,2026-07-16,,0,8e71aa24
https://raw.githubusercontent.com/vestigefi/asset-meta-arc/HEAD/artifacts/AsaMetadataManager.arc56.json,2026-07-16,,0,bd2fd56f
https://raw.githubusercontent.com/VihaShomikha/Kizuna/HEAD/Kizuna/projects/Kizuna-contracts/smart_contracts/artifacts/dispute_arbitration/DisputeArbitration.arc56.json,2026-07-16,,0,84f51e4b
https://raw.githubusercontent.com/VihaShomikha/Kizuna/HEAD/Kizuna/projects/Kizuna-contracts/smart_contracts/artifacts/intent_registry/IntentRegistry.arc56.json,2026-07-16,,0,b7ba55e9
https://raw.githubusercontent.com/VihaShomikha/Kizuna/HEAD/Kizuna/projects/Kizuna-contracts/smart_contracts/artifacts/payment_escrow/PaymentEscrow.arc56.json,2026-07-16,,0,9c6eb7fc
https://raw.githubusercontent.com/VihaShomikha/Kizuna/HEAD/Kizuna/projects/Kizuna-contracts/smart_contracts/artifacts/price_oracle/PriceOracle.arc56.json,2026-07-16,,0,5516618a
https://raw.githubusercontent.com/VihaShomikha/Kizuna/HEAD/Kizuna/projects/Kizuna-contracts/smart_contracts/artifacts/solver_registry/SolverRegistry.arc56.json,2026-07-16,,0,9cf7c9ed
https://raw.githubusercontent.com/VihaShomikha/Kizuna/HEAD/projects/Kizuna-contracts/smart_contracts/artifacts/agent_registry/AgentRegistry.arc56.json,2026-07-16,,0,2b972dc4
https://raw.githubusercontent.com/VihaShomikha/Kizuna/HEAD/projects/Kizuna-contracts/smart_contracts/artifacts/delegation/DelegationContract.arc56.json,2026-07-16,,0,bd2248c8
https://raw.githubusercontent.com/VihaShomikha/Kizuna/HEAD/projects/Kizuna-contracts/smart_contracts/artifacts/dispute_arbitration/DisputeArbitration.arc56.json,2026-07-16,,0,3524708c
https://raw.githubusercontent.com/VihaShomikha/Kizuna/HEAD/projects/Kizuna-contracts/smart_contracts/artifacts/intent_registry/IntentRegistry.arc56.json,2026-07-16,,0,8b7f9a54
https://raw.githubusercontent.com/VihaShomikha/Kizuna/HEAD/projects/Kizuna-contracts/smart_contracts/artifacts/payment_escrow/PaymentEscrow.arc56.json,2026-07-16,,0,9ba0ebda
https://raw.githubusercontent.com/VihaShomikha/Kizuna/HEAD/projects/Kizuna-contracts/smart_contracts/artifacts/price_oracle/PriceOracle.arc56.json,2026-07-16,,0,bd511d86
https://raw.githubusercontent.com/VihaShomikha/Kizuna/HEAD/projects/Kizuna-contracts/smart_contracts/artifacts/solver_registry/SolverRegistry.arc56.json,2026-07-16,,0,f32e5d5a
https://raw.githubusercontent.com/vincealvare/algorand-typescript-workshop/HEAD/projects/personal-bank/smart_contracts/artifacts/personal_bank/PersonalBank.arc56.json,2026-07-16,,0,77a3fab3
https://raw.githubusercontent.com/vishal-tiwari9/Algocampus/HEAD/projects/contract-contracts/smart_contracts/artifacts/hello_algocampus/HelloAlgocampus.arc56.json,2026-07-16,,0,69a13988
https://raw.githubusercontent.com/Vishalsomaraju/Agent-Market/HEAD/projects/Agent-Market-contracts/smart_contracts/artifacts/agent_market_contracts/AgentMarketRegistry.arc56.json,2026-08-01,,1785564846,76d680f6
https://raw.githubusercontent.com/vishnu-k-dev/project-aarna/HEAD/projects/project-aarna-contracts/smart_contracts/aarna_registry/AarnaRegistry.arc56.json,2026-07-16,,0,c576bdab
https://raw.githubusercontent.com/vishnu-k-dev/project-aarna/HEAD/projects/project-aarna-contracts/smart_contracts/aarna_registry/smart_contracts/artifacts/aarna_registry/AarnaRegistry.arc56.json,2026-07-16,,0,c5d8c9a5
https://raw.githubusercontent.com/vishnu-k-dev/project-aarna/HEAD/projects/project-aarna-contracts/smart_contracts/artifacts/aarna_registry/AarnaRegistry.arc56.json,2026-07-16,,0,d19d6c00
https://raw.githubusercontent.com/VivekGoudAdula/Procure-AI/HEAD/smartcontract/smart_contracts/artifacts/escrow/EscrowContract.arc56.json,2026-07-16,,0,b983a92d
https://raw.githubusercontent.com/VJLIVE/AgentWallet/HEAD/contracts/CreditSystem.arc56.json,2026-07-16,,0,f1c59a57
https://raw.githubusercontent.com/VJLIVE/AlgoSplit/HEAD/contract/projects/algosplit/smart_contracts/artifacts/algosplit/Algosplit.arc56.json,2026-07-16,,0,daf70951
https://raw.githubusercontent.com/VJLIVE/TrustFundX/HEAD/Smart Contracts/getfund/Artifacts/GetFund.arc56.json,2026-07-16,,0,dc596fc4
https://raw.githubusercontent.com/VJLIVE/TrustFundX/HEAD/Smart%20Contracts/getfund/Artifacts/GetFund.arc56.json,2026-07-17,,0,a08e72fd
https://raw.githubusercontent.com/VKappaKV/Caelus/HEAD/projects/Caelus/contracts/artifacts/Equilibrium.arc56.json,2026-07-17,,0,114f9d31
https://raw.githubusercontent.com/VKappaKV/Caelus/HEAD/projects/Caelus/contracts/artifacts/Puppet.arc56.json,2026-07-16,,0,cda77e8c
https://raw.githubusercontent.com/VKappaKV/smartDEX/HEAD/projects/smartDEX/contracts/artifacts/PuppetAddress.arc56.json,2026-07-16,,0,30868fad
https://raw.githubusercontent.com/VKappaKV/smartDEX/HEAD/projects/smartDEX/contracts/artifacts/SmartDex.arc56.json,2026-07-16,,0,722c817a
https://raw.githubusercontent.com/VKappaKV/vibecheck/HEAD/projects/vibecheck-contracts/smart_contracts/artifacts/vibecheck/Vibecheck.arc56.json,2026-07-16,,0,8cf13562
https://raw.githubusercontent.com/vyas-16/algosphere/HEAD/projects/AlgoSphere-contracts/smart_contracts/artifacts/algosphere_core/AlgosphereCore.arc56.json,2026-07-16,,0,99ee6b5d
https://raw.githubusercontent.com/whyvaibhav/algorand/HEAD/smart_contracts/artifacts/hello_world/HelloWorld.arc56.json,2026-07-16,,0,99d5a7f9
https://raw.githubusercontent.com/YashDiwan-16/CollateralX/HEAD/algorand/contracts/projects/contracts/smart_contracts/artifacts/collateralx_liquidation/CollateralXLiquidationExecutor.arc56.json,2026-07-16,,0,7cdbb020
https://raw.githubusercontent.com/YashDiwan-16/CollateralX/HEAD/algorand/contracts/projects/contracts/smart_contracts/artifacts/collateralx_oracle/CollateralXOracleAdapter.arc56.json,2026-07-16,,0,62ff6795
https://raw.githubusercontent.com/YashDiwan-16/CollateralX/HEAD/algorand/contracts/projects/contracts/smart_contracts/artifacts/collateralx_protocol/CollateralXProtocolManager.arc56.json,2026-07-16,,0,ad963551
https://raw.githubusercontent.com/YashDiwan-16/CollateralX/HEAD/algorand/contracts/projects/contracts/smart_contracts/artifacts/collateralx_stablecoin/CollateralXStablecoinController.arc56.json,2026-07-16,,0,9a2cf201
https://raw.githubusercontent.com/YashDiwan-16/CollateralX/HEAD/algorand/contracts/projects/contracts/smart_contracts/artifacts/hello_world/HelloWorld.arc56.json,2026-07-16,,0,4c39b917
https://raw.githubusercontent.com/YashDiwan-16/consent-chain/HEAD/blockchain/blockchain/projects/blockchain/smart_contracts/artifacts/consent_registry/ConsentRegistry.arc56.json,2026-07-16,,0,2f8b45c4
https://raw.githubusercontent.com/YashDiwan-16/hackseries-3.0/HEAD/Algorand/smart/projects/smart/smart_contracts/artifacts/backstop_vault/BackstopVault.arc56.json,2026-07-16,,0,3dd95053
https://raw.githubusercontent.com/YashDiwan-16/hackseries-3.0/HEAD/Algorand/smart/projects/smart/smart_contracts/artifacts/credit_pool/CreditPool.arc56.json,2026-07-16,,0,89e347f7
https://raw.githubusercontent.com/YashDiwan-16/hackseries-3.0/HEAD/Algorand/smart/projects/smart/smart_contracts/artifacts/pool_factory/PoolFactory.arc56.json,2026-07-16,,0,96f929e0
https://raw.githubusercontent.com/Yashwanth112004/blockchain_project/HEAD/projects/hackseries-contracts/smart_contracts/artifacts/hello_world/companyID.arc56.json,2026-07-16,,0,f3400646
https://raw.githubusercontent.com/Yashwanth112004/blockchain_project/HEAD/projects/hackseries-contracts/smart_contracts/artifacts/hello_world/UserIDContract.arc56.json,2026-07-16,,0,4ff38838
https://raw.githubusercontent.com/Yashwanth112004/blockchain_project/HEAD/projects/hackseries-frontend/backend/UserIDContract.arc56.json,2026-07-16,,0,a884a92f
https://raw.githubusercontent.com/Yashwanth112004/Hackseries-3.0/HEAD/projects/ojasraksha-contracts/smart_contracts/artifacts/access_control/AccessControl.arc56.json,2026-07-16,,0,8a22797d
https://raw.githubusercontent.com/Yashwanth112004/Hackseries-3.0/HEAD/projects/ojasraksha-contracts/smart_contracts/artifacts/AccessControl/AccessControl.arc56.json,2026-07-16,,0,654cb6c5
https://raw.githubusercontent.com/Yashwanth112004/Hackseries-3.0/HEAD/projects/ojasraksha-contracts/smart_contracts/artifacts/Auditlog/AuditLog.arc56.json,2026-07-16,,0,ca9192b6
https://raw.githubusercontent.com/Yashwanth112004/Hackseries-3.0/HEAD/projects/ojasraksha-contracts/smart_contracts/artifacts/consent_manager/ConsentManager.arc56.json,2026-07-16,,0,8f2199c9
https://raw.githubusercontent.com/Yashwanth112004/Hackseries-3.0/HEAD/projects/ojasraksha-contracts/smart_contracts/artifacts/data_access_manager/DataAccessManager.arc56.json,2026-07-16,,0,e8f2b848
https://raw.githubusercontent.com/Yashwanth112004/Hackseries-3.0/HEAD/projects/ojasraksha-contracts/smart_contracts/artifacts/data_fiduciary_registry/DataFiduciaryRegistry.arc56.json,2026-07-16,,0,e844a762
https://raw.githubusercontent.com/Yashwanth112004/Hackseries-3.0/HEAD/projects/ojasraksha-contracts/smart_contracts/artifacts/DataAccessManager/DataAccessManager.arc56.json,2026-07-16,,0,2df97ba2
https://raw.githubusercontent.com/Yashwanth112004/Hackseries-3.0/HEAD/projects/ojasraksha-contracts/smart_contracts/artifacts/DataFiduciaryRegistry/DataFiduciaryRegistry.arc56.json,2026-07-16,,0,d9f97da7
https://raw.githubusercontent.com/Yashwanth112004/Hackseries-3.0/HEAD/projects/ojasraksha-contracts/smart_contracts/artifacts/healthcare_r_b_a_c/HealthcareRBAC.arc56.json,2026-07-16,,0,35b0f6fe
https://raw.githubusercontent.com/Yashwanth112004/Hackseries-3.0/HEAD/projects/ojasraksha-contracts/smart_contracts/artifacts/HealthcareRBAC/HealthcareRBAC.arc56.json,2026-07-16,,0,a2135ba3
https://raw.githubusercontent.com/Yashwanth112004/Hackseries-3.0/HEAD/projects/ojasraksha-contracts/smart_contracts/artifacts/hello_world/HelloWorld.arc56.json,2026-07-16,,0,9d37e33e
https://raw.githubusercontent.com/Yashwanth112004/Hackseries-3.0/HEAD/projects/ojasraksha-contracts/smart_contracts/artifacts/medical_records/MedicalRecords.arc56.json,2026-07-16,,0,eb74383e
https://raw.githubusercontent.com/Yashwanth112004/Hackseries-3.0/HEAD/projects/ojasraksha-contracts/smart_contracts/artifacts/MedicalRecords/MedicalRecords.arc56.json,2026-07-16,,0,11620c4a
https://raw.githubusercontent.com/Yashwanth112004/Hackseries-3.0/HEAD/projects/ojasraksha-contracts/smart_contracts/artifacts/queue_manager/QueueManager.arc56.json,2026-07-16,,0,6469330b
https://raw.githubusercontent.com/Yashwanth112004/Hackseries-3.0/HEAD/projects/ojasraksha-contracts/smart_contracts/artifacts/volunteer_registry/VolunteerRegistry.arc56.json,2026-07-16,,0,8b7bcdfd
https://raw.githubusercontent.com/Yashwanth112004/Hackseries-3.0/HEAD/projects/ojasraksha-contracts/smart_contracts/artifacts/VolunteerRegistry/VolunteerRegistry.arc56.json,2026-07-16,,0,38f0d650
https://raw.githubusercontent.com/Yashwanth112004/Hackseries-3.0/HEAD/projects/ojasraksha-contracts/smart_contracts/artifacts/wallet_mapper/WalletMapper.arc56.json,2026-07-16,,0,0992be84
https://raw.githubusercontent.com/Yashwanth112004/Hackseries-3.0/HEAD/projects/ojasraksha-contracts/smart_contracts/WalletMapper/WalletMapper.arc56.json,2026-07-16,,0,84ac230a
https://raw.githubusercontent.com/Yashwanth112004/Hackseries-3.0/HEAD/projects/ojasraksha-frontend/src/contracts/HealthcareRBAC.arc56.json,2026-07-16,,0,79f513a7
https://raw.githubusercontent.com/Yashwanth112004/Hackseries-3.0/HEAD/projects/ojasraksha-frontend/src/contracts/MedicalRecords.arc56.json,2026-07-17,,0,e4a5b094
https://raw.githubusercontent.com/Younus-younus/codex2.0/HEAD/contracts/projects/contracts/smart_contracts/artifacts/hello_world/Web3SocialContract.arc56.json,2026-07-16,,0,ec007303
https://raw.githubusercontent.com/ZacZe/ProofFolio/HEAD/ProofFolio/projects/ProofFolio-contracts/smart_contracts/artifacts/contract_app/ContractApp.arc56.json,2026-07-16,,0,d1a4ce05
https://raw.githubusercontent.com/zainab-06-p/Citadel/HEAD/projects/contracts/smart_contracts/artifacts/bank/Bank.arc56.json,2026-07-16,,0,3ee23fc1
https://raw.githubusercontent.com/zainab-06-p/Citadel/HEAD/projects/contracts/smart_contracts/artifacts/counter/Counter.arc56.json,2026-07-16,,0,3d89afe8
https://raw.githubusercontent.com/zainab-06-p/Citadel/HEAD/projects/contracts/smart_contracts/artifacts/workproof/WorkProof.arc56.json,2026-07-16,,0,1162372d
https://raw.githubusercontent.com/zainab-06-p/Hackathon-QuickStart-template/HEAD/projects/contracts/smart_contracts/artifacts/bank/Bank.arc56.json,2026-07-16,,0,9dece9d3
https://raw.githubusercontent.com/zainab-06-p/Hackathon-QuickStart-template/HEAD/projects/contracts/smart_contracts/artifacts/counter/Counter.arc56.json,2026-07-16,,0,b960a049
https://raw.githubusercontent.com/zainab-06-p/Hackathon-QuickStart-template/HEAD/projects/contracts/smart_contracts/artifacts/fundraiser/Fundraiser.arc56.json,2026-07-16,,0,e688acbb
https://raw.githubusercontent.com/zainab-06-p/Hackathon-QuickStart-template/HEAD/projects/contracts/smart_contracts/artifacts/registry/CampusChainRegistry.arc56.json,2026-07-16,,0,513e5d9b
https://raw.githubusercontent.com/zainab-06-p/Hackathon-QuickStart-template/HEAD/projects/contracts/smart_contracts/artifacts/ticketing/Ticketing.arc56.json,2026-07-16,,0,69ffbff9
https://raw.githubusercontent.com/zainab-06-p/Hackathon-QuickStart-template/HEAD/projects/contracts/smart_contracts/ticketing/Ticketing.arc56.json,2026-07-16,,0,5c34f58a
https://raw.githubusercontent.com/zaxswer/gradzcap/HEAD/contracts/artifacts/ClaimDemoTokens.arc56.json,2026-07-16,,0,96388921
https://raw.githubusercontent.com/zaxswer/gradzcap/HEAD/contracts/artifacts/GZCToken.arc56.json,2026-07-16,,0,98698871
https://raw.githubusercontent.com/zaxswer/gradzcap/HEAD/contracts/artifacts/IntegrityExam.arc56.json,2026-07-16,,0,fc6e5953
https://raw.githubusercontent.com/zaxswer/gradzcap/HEAD/contracts/contracts/out/IntegrityExam.arc56.json,2026-07-16,,0,b2e92304
https://raw.githubusercontent.com/zaxswer/gradzcap/HEAD/contracts/out/ClaimDemoTokens.arc56.json,2026-07-16,,0,81745a0a
https://raw.githubusercontent.com/zaxswer/gradzcap/HEAD/contracts/out/IntegrityExam.arc56.json,2026-07-16,,0,b5de4910
https://raw.githubusercontent.com/zaxswer/gradzcap/HEAD/public/contracts/artifacts/IntegrityExam.arc56.json,2026-07-16,,0,1db8ac3e
